participant_id,age_years,sex_male,sbp_mmhg,dbp_mmhg,bmi_kg_m2,current_smoker,cigarettes_per_day,bp_medication,heart_rate_bpm,education_code,prior_stroke,event_mi_fatal_chd,time_mi_fatal_chd_days,event_10y,time_10y_days,observed_at_least_10y
2448,39,1,106,70,26.97,0,0,0,80,4,0,1,6438,0,3652.5,1
6238,46,0,121,81,28.73,0,0,0,95,2,0,0,8766,0,3652.5,1
9428,48,1,127.5,80,25.34,1,20,0,75,1,0,0,8766,0,3652.5,1
10552,61,0,150,95,28.58,1,30,0,65,3,0,0,2956,0,2956,0
11252,46,0,130,84,23.1,1,23,0,85,3,0,0,8766,0,3652.5,1
11263,43,0,180,110,30.3,0,0,0,77,2,0,1,5719,0,3652.5,1
12629,63,0,138,71,33.11,0,0,0,60,1,0,0,8766,0,3652.5,1
12806,45,0,100,71,21.68,1,20,0,79,2,0,0,8766,0,3652.5,1
14367,52,1,141.5,89,26.36,0,0,0,76,1,0,0,8766,0,3652.5,1
16365,43,1,162,107,23.61,1,30,0,93,1,0,0,8766,0,3652.5,1
16799,50,0,133,76,22.91,0,0,0,75,1,0,0,8766,0,3652.5,1
19304,43,0,131,88,27.64,0,0,0,72,2,0,0,8766,0,3652.5,1
20375,46,1,142,94,26.31,1,15,0,98,1,0,0,8766,0,3652.5,1
23727,41,0,124,88,31.31,0,0,1,65,3,0,0,5592,0,3652.5,1
24721,39,0,114,64,22.35,1,9,0,85,2,0,0,6411,0,3652.5,1
30928,38,0,140,90,21.35,1,20,0,95,2,0,0,146,0,146,0
33077,48,1,138,90,22.37,1,10,0,64,3,0,0,8766,0,3652.5,1
33555,46,0,112,78,23.38,1,20,0,80,2,0,0,1442,0,1442,0
34689,38,0,122,84.5,23.24,1,5,0,75,2,0,0,8766,0,3652.5,1
36459,41,1,139,88,26.88,0,0,0,85,2,0,0,8766,0,3652.5,1
40435,42,0,108,70.5,21.59,1,30,0,72,2,0,0,8766,0,3652.5,1
43522,43,0,123.5,77.5,29.89,0,0,0,70,1,0,0,8766,0,3652.5,1
43770,52,0,148,78,34.17,0,0,0,70,1,0,1,6384,0,3652.5,1
45464,52,0,132,82,25.11,1,20,0,71,3,0,0,8766,0,3652.5,1
47561,44,1,137.5,90,21.96,1,30,0,75,2,0,0,8766,0,3652.5,1
54224,47,1,102,68,24.18,1,20,0,62,4,0,1,430,1,430,0
55965,60,0,110,72.5,26.59,0,0,0,65,1,0,0,8766,0,3652.5,1
63156,35,1,132,91,26.09,1,20,0,73,2,0,0,8766,0,3652.5,1
63221,61,0,182,121,32.8,0,0,0,85,3,0,1,168,1,168,0
66472,60,0,130,88,30.36,0,0,0,72,1,0,0,8423,0,3652.5,1
67905,36,1,102,68,28.15,1,35,0,60,4,0,0,8766,0,3652.5,1
68194,43,1,115,85.5,27.57,1,43,0,75,4,0,0,8766,0,3652.5,1
69134,59,0,150,85,20.77,0,0,0,90,1,0,0,1047,0,1047,0
70948,61,1,134,82.5,18.59,1,5,0,72,,0,0,6948,0,3652.5,1
77492,54,1,147,74,24.71,1,20,0,96,1,0,1,5839,0,3652.5,1
82188,37,1,124.5,92.5,38.53,0,0,0,95,2,0,0,8766,0,3652.5,1
82425,56,1,153.5,102,28.09,0,0,0,72,,0,0,8766,0,3652.5,1
83398,52,1,160,98,40.11,0,0,0,75,1,0,0,6269,0,3652.5,1
84815,42,0,153,101,28.93,1,1,0,60,1,0,0,8766,0,3652.5,1
87124,36,1,111,73,27.78,0,0,0,71,3,0,0,8766,0,3652.5,1
90705,43,0,116.5,80,26.87,1,10,0,68,2,0,0,8766,0,3652.5,1
94510,41,0,122,78,23.28,1,1,0,75,2,0,0,8766,0,3652.5,1
95148,52,0,148,92,25.09,0,0,1,70,1,0,1,3607,1,3607,0
95182,54,1,132,83.5,26.21,0,0,0,75,2,0,0,8766,0,3652.5,1
95541,53,0,206,92,21.51,0,0,1,76,3,0,0,2697,0,2697,0
97026,49,0,96,63,20.68,0,0,0,65,2,0,0,8766,0,3652.5,1
97895,65,0,179.5,114,30.47,0,0,0,90,1,0,1,5973,0,3652.5,1
98536,46,1,119,77.5,23.59,1,20,0,75,1,0,0,8766,0,3652.5,1
100722,63,0,116,69,22.15,1,40,0,95,2,0,0,1881,0,1881,0
101990,36,1,139,93,24.33,1,20,,80,3,0,1,8312,0,3652.5,1
110542,63,0,156.5,92.5,27.1,1,3,0,60,1,0,0,3315,0,3315,0
111019,51,1,112,66,23.47,0,0,0,90,4,0,0,8766,0,3652.5,1
112297,47,0,130,78,19.66,1,20,0,80,2,0,0,8766,0,3652.5,1
112469,62,0,145,82.5,28.27,0,0,0,63,1,0,0,8766,0,3652.5,1
123622,39,0,115,75,22.54,1,20,0,90,2,0,0,8766,0,3652.5,1
125413,46,0,116,71,20.35,1,10,0,88,1,0,0,8766,0,3652.5,1
126721,54,0,114,76,17.61,1,9,0,88,1,0,0,5818,0,3652.5,1
127109,49,1,143.5,81,25.65,1,2,0,75,1,0,0,8766,0,3652.5,1
127196,44,1,115,69,22.29,0,0,0,65,2,0,1,7100,0,3652.5,1
134914,40,0,158,102,25.45,1,20,0,75,4,0,0,8766,0,3652.5,1
147250,56,1,121,79,23.58,1,20,0,95,4,0,0,8766,0,3652.5,1
149386,67,0,157,89,24.25,0,0,0,60,1,0,0,5526,0,3652.5,1
151110,53,1,123.5,75,19.64,1,20,0,78,1,0,0,5276,0,3652.5,1
153093,57,0,126.5,80,24.88,1,3,0,83,1,0,1,4875,0,3652.5,1
157585,57,1,136,84,26.84,0,0,0,75,1,0,1,1620,1,1620,0
160953,63,0,154,87,28.6,0,0,0,72,1,0,0,5572,0,3652.5,1
162207,62,0,190,99,29.64,0,0,0,100,1,0,0,8406,0,3652.5,1
162837,38,1,107,73,23.01,1,20,0,65,1,0,0,8766,0,3652.5,1
165891,47,0,112.5,60,20.13,1,20,0,76,2,0,0,8766,0,3652.5,1
168256,52,0,110,67.5,23.51,0,0,0,63,4,0,0,8766,0,3652.5,1
170881,63,0,164.5,76,29.35,0,0,0,70,4,0,0,7078,0,3652.5,1
172770,42,1,116,72.5,28.61,1,10,0,63,3,0,0,8766,0,3652.5,1
174973,37,0,119,79,33.29,0,0,0,67,,0,0,8766,0,3652.5,1
176705,41,0,150,106,33.8,1,20,0,85,1,0,0,8766,0,3652.5,1
177761,44,0,110,76,22.16,1,10,0,64,2,0,0,2911,0,2911,0
180657,59,0,138.5,85,34.55,0,0,0,65,1,0,0,2749,0,2749,0
181030,44,0,155,85,24.04,0,0,0,83,1,0,0,8766,0,3652.5,1
181117,44,0,115,72.5,21.16,1,20,,80,3,0,0,8766,0,3652.5,1
181634,45,0,151,101,45.8,0,0,0,80,1,0,0,8766,0,3652.5,1
184857,41,1,152,90,30.58,1,43,0,85,2,0,0,8766,0,3652.5,1
188334,60,1,179,94,26.52,1,20,0,90,1,0,1,5030,0,3652.5,1
192229,39,1,155,110,32.51,0,0,0,84,2,0,0,2365,0,2365,0
194872,53,0,138,86.5,22.49,0,0,0,88,2,0,0,8766,0,3652.5,1
199229,52,0,124,78,26.03,1,15,0,75,1,0,0,8766,0,3652.5,1
199546,61,0,182,101,29.35,0,0,0,70,1,0,0,5320,0,3652.5,1
201775,36,0,113,72.5,22.73,1,15,0,70,2,0,0,8766,0,3652.5,1
201899,62,0,138,82,23.89,0,0,0,65,1,0,0,7119,0,3652.5,1
202101,61,0,200,104,38.46,1,1,0,57,2,0,0,7493,0,3652.5,1
204047,41,1,124,86,28.56,1,43,0,100,4,0,0,8766,0,3652.5,1
206291,41,1,121,61.5,25.42,0,0,0,80,2,0,0,8766,0,3652.5,1
207401,53,1,138,89,18.23,1,20,0,60,1,0,0,5496,0,3652.5,1
207538,39,1,132.5,80,24.8,1,15,0,75,2,0,0,8766,0,3652.5,1
207677,51,0,102,71.5,27.38,0,0,0,71,1,0,0,4514,0,3652.5,1
208305,66,0,154,80,28.55,0,0,0,60,1,0,0,8676,0,3652.5,1
209115,60,1,126,79,28.57,1,30,0,80,4,0,1,3712,0,3652.5,1
210362,65,0,123,76.5,29.33,0,0,0,60,3,0,0,8766,0,3652.5,1
211500,63,0,134,80,26.64,1,20,0,88,4,0,0,8766,0,3652.5,1
212271,40,0,100,60,,0,0,0,60,2,0,0,2017,0,2017,0
213008,56,0,180,90,23.72,0,0,0,75,1,0,0,3873,0,3652.5,1
216659,56,0,121,75,22.36,1,15,0,50,1,0,0,8766,0,3652.5,1
225499,47,0,132.5,87,27.98,1,20,0,65,2,0,0,6036,0,3652.5,1
228129,60,0,141,84,29.66,0,0,0,75,3,0,0,8766,0,3652.5,1
229945,45,0,110,64,20.68,1,9,0,63,3,0,0,8766,0,3652.5,1
232713,48,0,145,77,24.23,0,0,0,74,1,0,0,8766,0,3652.5,1
235103,42,0,100,63,23.25,1,20,0,65,1,0,0,8766,0,3652.5,1
235125,63,0,135,82,26.76,0,0,0,85,1,0,0,5590,0,3652.5,1
236242,42,0,115,79,26.93,0,0,0,65,4,0,0,8766,0,3652.5,1
236628,40,1,138,90,27.54,1,43,0,85,1,0,1,1187,1,1187,0
246478,66,0,187,88,40.52,0,0,0,90,1,0,0,2013,0,2013,0
256485,49,1,123,69,29.62,1,20,0,76,1,0,0,8766,0,3652.5,1
259395,67,0,139,80,25.75,0,0,0,75,1,0,0,6246,0,3652.5,1
260652,51,1,145,92.5,26.09,0,0,0,70,3,0,0,8766,0,3652.5,1
261349,48,1,138,88.5,23.62,0,0,0,86,4,0,0,8766,0,3652.5,1
272194,64,0,158,105,24.37,0,0,0,75,1,0,0,7796,0,3652.5,1
275208,41,0,136,98,42.15,0,0,0,90,1,0,0,8766,0,3652.5,1
276073,50,1,127,82,32.23,0,0,0,75,1,0,1,1664,1,1664,0
278756,60,1,160.5,96,26.4,0,0,0,55,1,0,0,7801,0,3652.5,1
279463,37,0,100,68,18.38,1,5,0,70,2,0,0,8766,0,3652.5,1
281650,36,1,112,85.5,21.93,0,0,0,71,4,0,0,8766,0,3652.5,1
289326,50,1,157,88,25.09,1,40,0,88,3,0,0,8766,0,3652.5,1
290382,39,0,105,75,26.12,0,0,0,68,4,0,0,8766,0,3652.5,1
290692,46,0,112,70,20.2,1,3,0,75,1,0,0,8766,0,3652.5,1
290858,66,1,109,71,29.29,0,0,0,80,3,0,0,6020,0,3652.5,1
292084,46,0,135,97,36.81,0,0,0,100,1,0,1,8069,0,3652.5,1
293399,55,0,158,86,24.45,0,0,0,70,2,0,0,4090,0,3652.5,1
294020,41,1,112.5,80,29.44,0,0,0,75,2,0,0,4568,0,3652.5,1
301534,44,1,128,77,25.95,0,0,0,75,2,0,0,8766,0,3652.5,1
302824,38,1,118,77,25.87,0,0,0,60,4,0,0,8766,0,3652.5,1
303367,43,1,115,77.5,25.1,1,15,0,70,1,0,0,8766,0,3652.5,1
308694,41,0,112,73,24.81,0,0,0,62,2,0,0,8766,0,3652.5,1
309257,53,1,106,67.5,21.84,1,30,0,88,1,0,0,8766,0,3652.5,1
309808,43,1,109.5,69,25.5,1,,0,75,4,0,0,8766,0,3652.5,1
311966,59,1,134,89,24.07,1,30,0,78,2,0,0,5569,0,3652.5,1
312990,56,0,128,64,25.54,1,20,0,92,2,0,0,8766,0,3652.5,1
313102,50,0,121,84,28.69,1,15,0,75,3,0,0,8271,0,3652.5,1
314243,46,1,131,81,26.4,1,30,0,75,1,0,0,8766,0,3652.5,1
321799,43,0,131,81,24.03,0,0,0,100,2,0,0,8766,0,3652.5,1
331609,61,1,124,70,25.63,0,0,0,55,2,0,1,1729,1,1729,0
332589,41,0,154,100,20.5,1,30,0,66,3,0,0,797,0,797,0
336991,49,1,127.5,81.5,28.21,1,,0,93,4,0,1,7348,0,3652.5,1
344720,55,0,138,82,24.27,0,0,0,80,1,0,0,8766,0,3652.5,1
345164,43,1,100,72.5,24.3,1,40,0,70,1,0,0,8766,0,3652.5,1
346465,40,1,117.5,72.5,26.82,0,0,0,80,3,0,0,8766,0,3652.5,1
359422,57,0,151,95,38.39,0,0,0,96,1,0,0,8766,0,3652.5,1
360228,56,0,136,94,32.99,1,3,0,50,1,0,0,7176,0,3652.5,1
364589,48,1,149,100,31.61,0,0,0,87,4,0,0,2104,0,2104,0
364767,59,0,141,86,25.97,1,1,0,70,1,0,1,6902,0,3652.5,1
364826,47,0,153,98,22.02,0,0,0,80,3,0,0,5095,0,3652.5,1
366964,64,1,123,81,26.49,0,0,0,60,4,0,1,3630,1,3630,0
369222,54,0,180.5,106.5,28.92,0,0,0,72,1,0,0,8766,0,3652.5,1
370262,64,0,130,77,26.24,0,0,0,70,1,0,0,8766,0,3652.5,1
377045,61,0,142,93,23.37,0,0,0,80,1,0,0,8766,0,3652.5,1
380954,61,0,136.5,76,31.13,0,0,0,71,1,0,0,1607,0,1607,0
381676,66,0,212,104,25.32,0,0,0,57,1,0,0,2138,0,2138,0
385474,38,0,125,80,22.79,1,3,1,98,3,0,0,8766,0,3652.5,1
388279,39,1,134,82,28.34,1,40,0,70,1,0,0,8766,0,3652.5,1
390449,58,0,153,80.5,23.36,0,0,0,60,2,0,0,8766,0,3652.5,1
398673,49,0,150,77.5,21.83,0,0,0,96,1,0,0,8766,0,3652.5,1
404182,49,0,191,124.5,28.35,0,0,1,78,3,0,1,7303,0,3652.5,1
405132,46,0,108,81,24.19,0,0,0,80,3,0,0,8766,0,3652.5,1
407235,36,0,121.5,73,20.41,1,20,0,72,3,0,0,8766,0,3652.5,1
411906,41,1,139,86,30.77,1,20,1,60,4,0,1,4753,0,3652.5,1
415724,47,0,118,86.5,26.15,0,0,0,110,2,0,0,5380,0,3652.5,1
418415,57,1,102,61,23.5,1,1,0,70,2,0,0,7635,0,3652.5,1
418722,50,1,117.5,80,28.04,0,0,0,60,1,0,0,8766,0,3652.5,1
423221,62,0,173,89,42,0,0,0,62,1,0,1,3881,0,3652.5,1
423305,39,1,109,78,21.19,0,0,0,68,2,0,1,8659,0,3652.5,1
425524,37,0,110,78,24.43,1,40,0,80,4,0,0,8766,0,3652.5,1
431963,48,1,109,77,24.12,1,20,0,73,1,0,1,3398,1,3398,0
432781,46,0,144,78,22.51,1,20,0,72,2,0,0,8766,0,3652.5,1
433280,52,0,129.5,83,28.86,0,0,0,65,1,0,1,5636,0,3652.5,1
433614,38,1,122,80.5,21.66,0,0,0,73,2,0,0,8766,0,3652.5,1
433828,50,0,110,74,25.26,1,20,0,80,2,0,0,7157,0,3652.5,1
436427,39,0,111,64,19.24,1,12,0,68,3,0,0,8766,0,3652.5,1
436924,55,0,124,76,27.23,1,4,0,75,1,0,0,5272,0,3652.5,1
442401,62,1,158,86.5,26.51,1,20,0,90,1,0,0,8766,0,3652.5,1
445974,60,0,182,106,27.61,0,0,0,80,3,0,0,8766,0,3652.5,1
450575,61,0,122,83,25.45,1,20,0,78,1,0,0,8766,0,3652.5,1
452517,39,0,117.5,71,27.27,1,5,0,77,1,0,0,8766,0,3652.5,1
457803,42,0,110,67,22.54,1,15,0,80,1,0,1,7260,0,3652.5,1
458062,37,0,112,60,23.67,0,0,0,81,1,0,0,8766,0,3652.5,1
459386,42,1,128,82,26.79,1,10,0,70,3,0,1,7163,0,3652.5,1
462420,36,1,118,76,18.99,1,40,0,96,1,0,0,4257,0,3652.5,1
462535,53,0,128,77,23.95,1,15,0,80,1,0,0,8766,0,3652.5,1
462539,67,1,125,67.5,25.95,0,0,0,65,,0,1,3880,0,3652.5,1
469357,52,0,158,98,24.53,0,0,0,70,2,0,0,8766,0,3652.5,1
471696,45,0,117,74.5,16.75,1,15,0,68,4,0,0,8766,0,3652.5,1
471978,56,1,138,97,30.76,0,0,0,68,1,0,0,2346,0,2346,0
473381,42,1,125,86.5,23.25,1,20,0,65,2,0,0,8766,0,3652.5,1
475695,55,0,144.5,83.5,28.96,0,0,0,72,1,0,0,8766,0,3652.5,1
477082,38,1,133,92,28.82,1,20,0,80,2,0,1,1718,1,1718,0
479517,56,1,109,70,20.12,1,30,0,62,1,0,0,709,0,709,0
479723,61,1,127,81,28.63,0,0,0,56,1,0,0,8766,0,3652.5,1
481202,45,1,135,84,23.79,1,40,,75,3,0,0,1547,0,1547,0
482553,42,0,128,87,22.9,0,0,0,72,3,0,1,3242,1,3242,0
482847,49,0,106,71,22.89,1,9,0,85,2,0,0,8766,0,3652.5,1
485310,48,1,117,76,30.85,1,10,0,65,1,0,1,1856,1,1856,0
487307,55,0,157,82.5,22.91,1,9,0,89,2,0,0,8766,0,3652.5,1
491826,58,0,170,86,29.06,1,5,0,75,2,0,0,8766,0,3652.5,1
494996,60,1,137,84,29.51,0,0,0,82,1,0,0,8084,0,3652.5,1
502995,38,0,111,68,18.76,0,0,0,90,2,0,0,8766,0,3652.5,1
506231,53,1,110,67.5,23.59,1,30,0,60,4,0,0,8766,0,3652.5,1
507116,52,1,94,66.5,22.93,1,15,0,70,2,0,0,4467,0,3652.5,1
510670,41,1,119.5,70,29.79,1,40,0,70,1,0,0,8766,0,3652.5,1
512295,37,0,135,91,21.48,1,20,0,66,4,0,0,8766,0,3652.5,1
517529,42,1,144,78,23.75,0,0,0,62,2,0,1,1897,1,1897,0
520806,64,0,155,86,27.53,0,0,0,100,1,0,0,8766,0,3652.5,1
522552,56,0,117.5,72.5,27.3,1,20,0,75,1,0,0,8766,0,3652.5,1
522754,67,0,128,68,25.81,0,0,0,70,2,0,0,234,0,234,0
523575,43,1,125,65,20.65,1,30,0,96,2,0,0,8766,0,3652.5,1
524030,45,1,124,84,20.27,1,18,0,77,4,0,0,8436,0,3652.5,1
524455,61,1,143,80,25.74,0,0,0,48,1,0,0,8766,0,3652.5,1
524819,66,0,166,98,26.04,0,0,0,95,1,0,0,6410,0,3652.5,1
526426,34,0,107,71,23.88,0,0,0,73,,0,0,8766,0,3652.5,1
532124,52,0,126.5,93,26.79,0,0,0,75,3,0,0,8766,0,3652.5,1
532256,45,1,139.5,75,22.3,1,43,0,77,1,0,0,8766,0,3652.5,1
533747,43,0,115,82.5,25.91,0,0,0,105,3,0,0,8766,0,3652.5,1
537521,49,1,114,85.5,28.57,1,30,0,88,1,0,0,8766,0,3652.5,1
540724,57,0,123,72,22.37,0,0,0,77,2,0,0,4563,0,3652.5,1
541284,48,0,96,70,22.72,0,0,0,60,2,0,0,8766,0,3652.5,1
542322,36,0,117.5,77.5,23.71,1,20,0,50,2,0,0,8766,0,3652.5,1
543405,38,0,124,66,29.29,1,9,0,85,2,0,0,8766,0,3652.5,1
549256,60,0,130,70,29.17,0,0,0,65,1,0,0,8766,0,3652.5,1
549948,40,0,106,82,23.05,0,0,0,85,2,0,0,8766,0,3652.5,1
551727,43,0,160,85,21.95,0,0,0,100,1,0,0,8766,0,3652.5,1
561864,53,1,142,89,29.56,0,0,0,70,2,0,0,8766,0,3652.5,1
570687,54,1,135,92,31.3,1,43,0,90,1,0,1,1012,1,1012,0
571748,56,1,177.5,98,29.44,0,0,0,82,3,0,0,3595,0,3595,0
571980,50,0,131,93,27.61,0,0,0,80,1,0,0,8766,0,3652.5,1
575116,46,1,136.5,99.5,27.78,0,0,0,80,4,0,0,8766,0,3652.5,1
577694,53,0,128,91,27.35,0,0,0,60,1,0,0,8766,0,3652.5,1
585180,59,0,129,70,23.29,0,0,0,80,2,0,1,4714,0,3652.5,1
586827,48,1,112.5,79,28.62,0,0,0,85,2,0,0,8766,0,3652.5,1
588630,48,0,159,90,26.73,0,0,0,80,1,0,0,8766,0,3652.5,1
591302,54,1,128,74,24.85,1,20,0,72,1,0,0,8766,0,3652.5,1
593119,36,0,108,74,22.53,1,3,0,73,1,0,0,8766,0,3652.5,1
593841,59,1,155,85,27.06,1,20,0,88,4,0,0,8766,0,3652.5,1
594326,55,0,124,85,26.89,0,0,0,75,1,0,0,8766,0,3652.5,1
595859,55,0,122,84,27.15,1,1,0,75,3,0,0,1649,0,1649,0
597861,40,1,129,88,26.32,1,43,0,95,3,0,0,8766,0,3652.5,1
598155,65,1,139,88,24.04,0,0,0,80,4,0,0,8516,0,3652.5,1
599203,65,1,148,90,29.35,1,15,0,77,1,0,0,938,0,938,0
599286,45,0,134,81,21.99,0,0,0,85,3,0,0,8766,0,3652.5,1
602184,40,0,124,76,18.06,1,20,0,90,2,0,0,8766,0,3652.5,1
604262,63,1,130.5,82,20.12,1,30,0,65,4,0,0,8671,0,3652.5,1
604479,46,1,147,85,30.62,1,30,,100,1,0,0,8766,0,3652.5,1
605940,61,0,133,83,22.82,0,0,0,87,3,0,0,2531,0,2531,0
608037,40,0,114,65,21.19,1,20,0,61,2,0,1,1169,1,1169,0
609011,55,1,107.5,73,21.97,1,5,0,54,2,0,0,6187,0,3652.5,1
610021,60,0,200,122.5,44.27,1,20,0,88,1,0,0,6735,0,3652.5,1
610139,38,1,117,83,33.61,1,20,0,72,1,0,0,8766,0,3652.5,1
610146,58,0,144,84,21.81,0,0,0,69,3,0,0,7571,0,3652.5,1
613477,39,0,109,70,20.59,0,0,0,72,1,0,0,8766,0,3652.5,1
614449,61,1,124,74,21.9,0,0,0,55,1,0,0,8766,0,3652.5,1
614850,51,1,125,80,19.36,1,15,0,60,4,0,1,5280,0,3652.5,1
614933,60,0,189,110,28.77,0,0,1,54,1,1,1,3711,0,3652.5,1
616758,36,1,168,98,29.77,0,0,0,72,4,0,0,8766,0,3652.5,1
618730,39,1,139,90,30.96,1,30,0,73,1,0,0,8766,0,3652.5,1
619037,42,0,108,72.5,24.85,0,0,0,82,1,0,0,8766,0,3652.5,1
619723,60,0,197.5,105,36.29,0,0,0,75,1,0,1,2582,1,2582,0
621362,52,1,146,89,24.59,0,0,0,64,3,0,0,7820,0,3652.5,1
623582,47,1,137,91,27.33,1,20,0,73,1,0,1,4564,0,3652.5,1
624521,46,0,150,81,25.43,0,0,0,69,1,0,0,8766,0,3652.5,1
624687,64,1,147,87,29.73,0,0,0,77,1,0,1,4580,0,3652.5,1
626736,57,1,134,97,38.14,0,0,0,68,1,0,1,5208,0,3652.5,1
631833,45,1,107.5,72.5,22.32,0,0,0,75,2,0,0,8766,0,3652.5,1
632247,45,1,156.5,86,24.15,1,9,0,75,1,0,1,1388,1,1388,0
636868,55,0,140,93,27.78,0,0,0,75,1,0,0,8766,0,3652.5,1
638453,41,1,134,98,24.26,0,0,0,85,2,0,0,8766,0,3652.5,1
642836,50,0,125,85,27.07,0,0,0,88,2,0,0,8766,0,3652.5,1
646685,54,0,139,98,29.06,0,0,0,110,1,0,0,2205,0,2205,0
647094,57,0,174,84.5,24.22,1,1,0,90,2,0,0,6949,0,3652.5,1
647214,62,1,129,83,25.49,0,0,0,63,4,0,0,3683,0,3652.5,1
649530,43,0,100,70,20.06,0,0,0,68,4,0,0,8766,0,3652.5,1
653514,46,0,136,87,31.24,0,0,0,88,1,0,0,8766,0,3652.5,1
653547,53,0,127.5,86,24.11,1,20,0,87,2,0,0,3696,0,3652.5,1
654086,52,1,129,80,29.29,0,0,0,70,1,0,0,8766,0,3652.5,1
661752,67,0,147,92,25.23,0,0,0,80,1,0,1,3945,0,3652.5,1
662980,42,0,127.5,91,23.78,0,0,0,67,2,0,0,8766,0,3652.5,1
663630,45,0,109,69,22.36,0,0,0,75,3,0,0,8766,0,3652.5,1
668526,51,0,132,78,21.94,0,0,0,68,2,0,0,8766,0,3652.5,1
669084,60,0,123,79,25.82,0,0,0,63,3,0,0,8766,0,3652.5,1
672080,35,0,122.5,72.5,22,0,0,0,65,2,0,0,8766,0,3652.5,1
672723,39,0,100,74.5,20.51,0,0,0,96,4,0,0,8766,0,3652.5,1
673362,68,1,142,85,30.28,0,0,0,70,1,0,0,3450,0,3450,0
675289,54,0,98,64,22.02,0,0,0,67,2,0,0,8766,0,3652.5,1
675360,38,0,105,57,21.1,0,0,0,85,2,0,0,8766,0,3652.5,1
678332,39,1,105,69,24.1,0,0,0,52,2,0,0,8766,0,3652.5,1
684762,36,0,111,68,23.86,1,5,0,88,2,0,0,8766,0,3652.5,1
688490,36,1,126,72,25.14,1,30,0,50,4,0,0,8766,0,3652.5,1
690339,44,0,131.5,76,22.19,0,0,0,68,3,0,0,8766,0,3652.5,1
693767,48,1,116,72,26.22,0,0,0,69,4,0,0,8766,0,3652.5,1
695333,54,0,125,76,22.16,1,20,0,70,4,0,0,5556,0,3652.5,1
696727,45,0,131,85,23.47,1,30,0,94,,0,0,8766,0,3652.5,1
696867,47,0,195,90,,1,25,0,86,1,0,0,73,0,73,0
697823,41,1,117.5,80,26.74,1,40,0,80,2,0,1,4215,0,3652.5,1
701182,51,1,124,69,21.52,0,0,0,85,3,0,0,8766,0,3652.5,1
704329,34,0,101,63,21.5,1,10,0,75,3,0,0,8766,0,3652.5,1
706615,41,1,130,80,28.39,0,0,0,65,2,0,0,8766,0,3652.5,1
707884,62,0,130,80,35.2,0,0,1,75,2,0,0,8766,0,3652.5,1
709180,38,1,121,86,29.77,0,0,0,72,1,0,0,8766,0,3652.5,1
711505,48,0,129,84.5,24.73,0,0,0,78,3,0,0,8766,0,3652.5,1
715172,55,0,117.5,84,26.2,0,0,0,90,1,0,0,8766,0,3652.5,1
716031,55,0,158.5,81,30.24,0,0,0,54,1,0,0,8766,0,3652.5,1
719621,46,0,97,65,21.17,1,20,0,68,2,0,0,8766,0,3652.5,1
727350,36,1,118,90,32.63,1,20,0,71,,0,1,4183,0,3652.5,1
728710,52,0,109,70,23.74,0,0,0,75,,0,0,8766,0,3652.5,1
729070,49,1,101,61,23.94,1,20,0,75,1,0,1,4047,0,3652.5,1
735185,39,0,97,64,23.09,1,20,0,82,3,0,0,8766,0,3652.5,1
739064,54,0,137.5,77.5,22.19,0,0,0,68,2,0,0,8766,0,3652.5,1
739529,47,0,114,77,24.16,0,0,0,80,3,0,0,8766,0,3652.5,1
741372,62,1,151.5,88,21.61,1,20,0,75,1,0,0,3176,0,3176,0
743469,39,1,110,65,19.97,1,20,0,65,1,0,0,8766,0,3652.5,1
744360,45,1,140,94,27.87,1,5,0,61,1,0,0,8766,0,3652.5,1
745870,39,0,113,85,25.54,0,0,,85,2,0,0,8766,0,3652.5,1
749202,46,0,107,69,21.4,1,30,0,66,1,0,0,8766,0,3652.5,1
749515,63,0,168,98,21.05,1,20,0,85,1,0,0,8766,0,3652.5,1
750176,41,1,157,101,33.11,0,0,0,75,2,0,1,8628,0,3652.5,1
751236,44,1,125,78,26.41,1,15,0,56,3,0,0,8766,0,3652.5,1
757832,37,0,115,72,22.71,1,20,0,76,,0,0,8766,0,3652.5,1
760664,44,1,118,81,17.44,1,20,0,70,1,0,0,8766,0,3652.5,1
766138,49,1,148,85,29.69,1,40,0,65,2,0,0,7283,0,3652.5,1
767169,53,0,131,82,24.22,1,20,0,66,2,0,0,8766,0,3652.5,1
767471,51,0,112,74,31.23,1,4,0,88,3,0,0,8766,0,3652.5,1
768475,43,1,133,78,26.72,0,0,0,55,3,0,0,8766,0,3652.5,1
769782,60,0,127,70,22.36,0,0,0,75,3,0,0,8215,0,3652.5,1
770862,39,1,97.5,57.5,23.22,1,20,0,73,2,0,0,8766,0,3652.5,1
771908,56,1,125,79,29.64,1,60,0,70,1,0,1,8002,0,3652.5,1
773578,59,0,189,111,19.88,0,0,0,90,1,0,0,672,0,672,0
774548,56,0,123,77,27.96,0,0,0,65,1,0,1,5316,0,3652.5,1
775518,43,0,120,72,24.33,1,1,0,80,1,0,0,8766,0,3652.5,1
776469,48,0,101,67,21.35,1,1,0,88,1,0,0,8766,0,3652.5,1
777343,61,0,110,78.5,29.04,0,0,0,71,1,0,0,8263,0,3652.5,1
779250,55,0,204,94,25.2,0,0,1,100,2,0,0,8766,0,3652.5,1
780549,39,1,145,99,26.5,1,20,0,73,1,0,0,8766,0,3652.5,1
784014,42,0,126,87,22.5,1,30,0,75,3,0,1,8513,0,3652.5,1
786834,51,1,126.5,78.5,29.91,1,30,0,85,1,0,0,8766,0,3652.5,1
788253,54,0,143.5,89,28.47,0,0,0,73,1,0,1,5134,0,3652.5,1
789441,52,0,157.5,80.5,24.36,0,0,0,79,2,0,0,8766,0,3652.5,1
790072,64,0,160,82,27.59,0,0,0,140,1,0,0,8766,0,3652.5,1
792917,58,0,158,101,23.06,0,0,0,85,1,0,0,8766,0,3652.5,1
793340,42,0,105,75,23.85,1,20,0,70,1,0,0,8766,0,3652.5,1
795981,41,0,111,60,18.48,1,15,0,60,4,0,0,8766,0,3652.5,1
798039,43,1,126,88.5,23.16,1,25,0,92,4,0,0,2481,0,2481,0
798973,63,0,136,66,20.2,1,20,0,60,1,0,1,3607,1,3607,0
801470,46,0,138,88,25.11,0,0,0,65,2,0,0,8766,0,3652.5,1
802166,53,0,144,98,28.78,0,0,1,90,2,0,0,8766,0,3652.5,1
802306,41,1,128,86,26.09,1,20,0,80,1,0,0,8766,0,3652.5,1
804175,53,0,130,86,27.09,1,10,0,75,2,0,0,8766,0,3652.5,1
804495,59,0,110,69,26.89,0,0,0,75,1,0,0,8766,0,3652.5,1
804948,45,0,157.5,104.5,22.86,0,0,0,75,3,0,0,8766,0,3652.5,1
807782,49,1,110,67,19.26,1,5,0,78,2,0,0,8128,0,3652.5,1
809831,41,1,106,71,21.51,1,30,0,85,1,0,0,8766,0,3652.5,1
812212,39,1,121,83,25.38,1,30,0,90,1,0,0,8766,0,3652.5,1
813079,50,1,137,89.5,25.77,1,40,0,70,2,0,1,5793,0,3652.5,1
814971,58,0,114,72.5,24.77,1,5,0,87,2,0,0,5908,0,3652.5,1
819013,53,1,140.5,90,25.82,0,0,0,85,1,0,0,6954,0,3652.5,1
821193,54,0,127.5,83,21.31,1,3,0,70,2,0,0,8766,0,3652.5,1
822260,40,0,118,79,21.21,1,20,0,130,3,0,0,8766,0,3652.5,1
824105,51,1,171,112,25.08,1,30,0,95,1,0,0,803,0,803,0
824811,40,1,146,95,23.27,1,20,0,80,2,0,1,2158,1,2158,0
824917,38,0,100,70,22.73,1,10,0,63,3,0,0,8766,0,3652.5,1
825139,48,0,118,78,24.53,0,0,0,63,4,0,0,8766,0,3652.5,1
825785,46,0,98,57,24.01,1,15,0,84,1,0,0,8766,0,3652.5,1
825933,59,1,106,66,26.46,1,15,0,85,2,0,0,8766,0,3652.5,1
833626,37,1,130,89,22.7,0,0,0,77,2,0,0,8766,0,3652.5,1
835397,40,1,133,80,21.86,1,35,0,63,3,0,0,5619,0,3652.5,1
843035,59,1,114,67,28.04,0,0,0,58,1,0,0,5011,0,3652.5,1
843071,46,1,128,85,29,1,30,0,75,1,0,0,8766,0,3652.5,1
848508,67,0,215,105,22.91,0,0,0,90,1,0,0,1686,0,1686,0
854395,40,0,122,85,24.06,0,0,0,87,2,0,0,8766,0,3652.5,1
857611,55,1,159,102,32.35,0,0,0,75,4,0,1,27,1,27,0
857776,52,0,145,89,25.02,0,0,0,90,1,0,0,8766,0,3652.5,1
860388,42,0,95,55,23.68,1,20,0,60,2,0,0,8766,0,3652.5,1
860992,54,0,156,93,27.91,0,0,1,80,4,0,0,8766,0,3652.5,1
861774,58,0,155,82.5,29.5,1,3,0,85,3,0,0,8766,0,3652.5,1
862731,45,0,116,87,23.85,1,20,0,65,2,0,0,2329,0,2329,0
865584,67,1,122,74,15.54,0,0,0,96,1,0,0,6824,0,3652.5,1
866460,68,1,109,73,24.68,1,10,0,72,2,0,0,7270,0,3652.5,1
866914,61,0,170,98,26.98,0,0,0,80,3,0,0,8766,0,3652.5,1
869676,55,0,123,89,31.35,0,0,0,85,4,0,0,8766,0,3652.5,1
869996,42,0,125,80,29.02,0,0,0,100,2,0,0,8766,0,3652.5,1
872277,53,0,165,93,27.45,0,0,0,108,1,0,0,8766,0,3652.5,1
872627,39,1,135,85,27.17,1,30,0,70,1,0,0,8766,0,3652.5,1
875177,40,1,122.5,66.5,19.98,1,35,0,60,1,0,0,8766,0,3652.5,1
876150,39,1,120,80,27.23,0,0,0,62,2,0,0,8766,0,3652.5,1
877602,63,0,178,88.5,27.18,0,0,0,85,2,0,0,8766,0,3652.5,1
883490,55,0,124,87,31.82,0,0,0,75,3,0,0,8766,0,3652.5,1
886254,39,0,127.5,86.5,28.28,0,0,0,72,2,0,0,8766,0,3652.5,1
890642,39,0,111,67,23.87,1,20,0,70,2,0,0,8766,0,3652.5,1
891658,51,1,146.5,83,25.62,1,20,0,83,1,0,0,4246,0,3652.5,1
892767,54,0,117,76,26.64,0,0,0,65,1,0,0,8766,0,3652.5,1
897309,48,0,124,74,25.94,0,0,0,70,3,0,0,8766,0,3652.5,1
898392,51,1,134,86.5,24.76,1,20,0,90,1,0,0,8766,0,3652.5,1
902855,65,0,149,96,29.75,0,0,0,90,2,0,0,4444,0,3652.5,1
903446,65,0,165,98,21.66,0,0,,62,2,0,0,3156,0,3156,0
905672,39,1,136.5,79,24.35,0,0,0,73,3,0,1,6307,0,3652.5,1
908622,47,0,122.5,77.5,21.34,1,3,0,65,2,0,0,8766,0,3652.5,1
909239,59,1,132.5,66,26.84,1,43,0,65,1,0,0,6558,0,3652.5,1
912658,66,1,159,82,31.42,0,0,0,90,1,0,0,5020,0,3652.5,1
914165,56,1,138,80,23.44,1,25,0,67,,0,0,8766,0,3652.5,1
923590,41,1,113,68,25.13,0,0,0,65,3,0,0,8766,0,3652.5,1
923640,41,0,113.5,75,29.73,0,0,0,63,2,0,0,8766,0,3652.5,1
925017,41,0,116,67,18.58,0,0,0,73,1,0,0,8766,0,3652.5,1
927236,45,1,119,75,25.34,1,20,0,70,4,0,1,7448,0,3652.5,1
928724,37,1,138,84,27.45,1,20,0,67,1,0,0,8766,0,3652.5,1
928756,43,0,141,91,29.25,0,0,0,78,3,0,0,8766,0,3652.5,1
929929,46,0,188,123,34.36,0,0,0,90,2,0,0,8766,0,3652.5,1
934728,41,1,137,86,25.52,0,0,0,60,2,0,0,8766,0,3652.5,1
935116,44,1,177.5,120,39.88,1,10,0,104,1,0,0,8766,0,3652.5,1
935452,36,1,131,86,26.23,0,0,0,75,3,0,0,8766,0,3652.5,1
937484,60,0,156,100,23.02,0,0,0,80,3,0,1,4270,0,3652.5,1
939781,46,0,122.5,75.5,23.51,1,20,0,67,,0,0,8766,0,3652.5,1
939959,44,0,135,81,26.38,0,0,0,71,1,0,0,8766,0,3652.5,1
941931,55,0,197,118,27.51,1,3,0,80,2,0,0,8766,0,3652.5,1
949885,61,0,130,80,21.93,1,15,0,72,1,0,0,8766,0,3652.5,1
954821,45,1,111,72,21.79,1,20,0,75,1,0,1,7293,0,3652.5,1
956523,45,0,148,106,22.98,0,0,0,98,2,0,0,8766,0,3652.5,1
959752,37,1,128,84,27.47,1,30,0,80,3,0,0,8766,0,3652.5,1
962125,52,0,119,82,24.25,1,25,0,77,1,0,0,8766,0,3652.5,1
965994,46,0,90,60,19.2,0,0,0,60,2,0,0,8766,0,3652.5,1
968222,44,1,122,81,36.12,0,0,,70,1,0,0,8766,0,3652.5,1
968594,42,0,112.5,70,20.62,1,15,0,86,2,0,0,8766,0,3652.5,1
968768,58,0,160,120,35.58,0,0,0,88,3,0,0,8766,0,3652.5,1
969969,38,0,110,80,24.03,1,15,0,100,2,0,0,8766,0,3652.5,1
974723,51,0,98,68,18.8,1,10,0,79,3,0,0,282,0,282,0
974753,64,0,135,74,30.18,0,0,0,76,1,0,0,7406,0,3652.5,1
975067,53,0,120,74,21.14,1,14,0,68,3,0,0,4286,0,3652.5,1
976180,59,0,134,86,27.49,0,0,0,65,1,0,0,8766,0,3652.5,1
976484,65,1,152.5,97.5,28.35,0,0,0,65,,0,1,4343,0,3652.5,1
976626,40,0,109.5,72,22.36,0,0,0,70,2,0,0,8766,0,3652.5,1
976734,57,0,96,64,18.59,0,0,0,60,1,0,0,8766,0,3652.5,1
977985,48,0,117.5,80,36.11,1,10,0,72,1,0,0,8766,0,3652.5,1
977989,45,0,180,99,45.79,0,0,0,110,2,0,0,8766,0,3652.5,1
983277,40,1,120,80,24.01,1,30,0,65,4,0,0,8766,0,3652.5,1
984473,43,1,165,105,31.07,1,40,0,75,2,0,1,4653,0,3652.5,1
984588,54,1,170,102,29.18,0,0,0,72,1,0,0,8766,0,3652.5,1
986525,45,1,141,89,25.01,1,30,0,95,1,0,0,8766,0,3652.5,1
989934,36,1,124,76,25.84,1,20,0,75,2,0,0,8766,0,3652.5,1
992116,63,1,113,80,27.61,0,0,0,90,1,0,0,8766,0,3652.5,1
993709,33,0,116,81,21.61,1,15,0,75,3,0,0,8766,0,3652.5,1
995508,56,0,140,87,27.72,0,0,0,60,1,0,0,8766,0,3652.5,1
1000948,43,0,107,68,21.08,1,20,0,90,4,0,0,8766,0,3652.5,1
1002586,60,0,95.5,59,25.94,0,0,0,90,1,0,1,6291,0,3652.5,1
1002977,44,1,146,91,26.72,0,0,0,80,3,0,0,8766,0,3652.5,1
1005544,61,1,130,70,24.35,1,10,0,67,4,0,0,3655,0,3652.5,1
1007124,61,1,209,133,30.77,0,0,0,65,1,0,1,4500,0,3652.5,1
1008349,46,1,112.5,65,27.48,1,45,0,75,4,0,0,8766,0,3652.5,1
1009157,38,1,113,69.5,23.68,1,10,0,58,4,0,0,3647,0,3647,0
1011788,48,0,115,75,31.16,1,10,0,75,3,0,0,8766,0,3652.5,1
1014724,55,0,112,76,20.53,0,0,0,71,3,0,0,8766,0,3652.5,1
1017090,50,0,132,82,22.54,1,8,0,80,2,0,1,5687,0,3652.5,1
1019315,46,0,107.5,80,25.13,0,0,0,72,4,0,0,8766,0,3652.5,1
1026273,47,0,127.5,83.5,27.65,0,0,0,85,1,0,0,8766,0,3652.5,1
1026861,44,0,136.5,77.5,26.62,0,0,0,66,1,0,0,8766,0,3652.5,1
1028654,44,0,112,68,22.17,1,15,0,70,3,0,0,7308,0,3652.5,1
1031399,41,0,119,82,25.25,1,20,0,73,2,0,0,8766,0,3652.5,1
1031717,55,1,129,81,26.57,0,0,0,55,1,0,0,7570,0,3652.5,1
1035595,47,0,150,85,22.53,1,10,1,62,2,0,0,7050,0,3652.5,1
1036682,48,0,109,71,21.1,1,9,0,73,4,0,0,8766,0,3652.5,1
1036942,40,0,124,83,27.9,1,15,0,75,2,0,0,8766,0,3652.5,1
1038969,35,0,110,70,25.71,1,15,0,65,2,0,0,8766,0,3652.5,1
1039159,49,0,135,89,25.04,0,0,0,62,1,0,0,8766,0,3652.5,1
1043691,38,1,146,104,29.6,1,30,0,75,2,0,1,6438,0,3652.5,1
1044236,50,1,152,99,29.46,0,0,0,78,1,0,0,8766,0,3652.5,1
1044444,38,1,154,95.5,30.02,1,40,0,92,2,0,1,6264,0,3652.5,1
1048736,57,0,125,74,21.08,1,15,0,80,3,0,0,8766,0,3652.5,1
1049378,53,1,127,82.5,31.22,1,50,0,72,1,0,1,6687,0,3652.5,1
1055310,44,0,110,64,25.71,1,10,0,75,2,0,0,8766,0,3652.5,1
1056988,47,0,162.5,92.5,23.45,0,0,0,78,1,0,0,8766,0,3652.5,1
1058119,56,1,134,86,25.94,0,0,0,81,1,0,0,8766,0,3652.5,1
1059498,61,1,177.5,95,28.15,0,0,1,62,1,0,0,832,0,832,0
1062242,38,0,122,84,27.26,1,1,0,96,,0,0,8766,0,3652.5,1
1063732,56,1,107,66,25.11,0,0,0,60,1,0,0,8766,0,3652.5,1
1067680,46,1,150,96.5,27.22,1,20,0,94,2,0,1,4801,0,3652.5,1
1069775,53,1,116,74.5,19.82,1,15,0,80,3,1,0,8413,0,3652.5,1
1069941,49,1,127,74,27.38,0,0,0,63,1,0,0,8766,0,3652.5,1
1073034,46,0,125,80,21.51,1,15,0,60,3,0,0,8766,0,3652.5,1
1075064,37,0,138,90,19.56,1,20,0,96,2,0,0,8766,0,3652.5,1
1075258,50,1,145,100,26.26,0,0,0,78,1,0,0,8766,0,3652.5,1
1076610,51,0,145,85,24.03,1,9,0,75,4,0,0,8766,0,3652.5,1
1080920,64,0,295,135,38.82,0,0,0,92,1,0,1,1112,1,1112,0
1084569,44,1,158,90,29.15,1,20,0,89,2,0,1,5622,0,3652.5,1
1086358,37,1,125,80,26.75,0,0,0,72,2,0,0,8766,0,3652.5,1
1089474,62,0,126,81,29.35,0,0,0,95,1,0,0,5518,0,3652.5,1
1092286,54,1,145,90,25.72,1,40,0,75,2,0,1,1673,1,1673,0
1092751,39,0,120,80,27.16,0,0,0,70,2,0,1,7574,0,3652.5,1
1092920,47,0,134,86,26.2,1,5,0,71,3,0,0,8766,0,3652.5,1
1093444,44,0,150,101,23.74,1,5,0,95,1,0,0,7850,0,3652.5,1
1093820,51,0,98,64.5,21.14,0,0,0,80,2,0,0,8766,0,3652.5,1
1093889,41,0,108.5,80,20.18,1,5,0,94,2,0,0,8766,0,3652.5,1
1094440,63,1,130,72,26.76,0,0,0,68,4,0,0,8766,0,3652.5,1
1097059,46,0,134,78,26.8,1,10,0,105,3,0,0,8766,0,3652.5,1
1097966,40,1,135,93,31.69,1,43,0,75,4,0,0,8766,0,3652.5,1
1098348,56,1,134,89.5,21.91,1,20,0,50,3,0,1,2396,1,2396,0
1098602,44,1,114,81,27.51,1,20,0,62,1,0,1,8199,0,3652.5,1
1099897,51,1,137,76,22.26,1,13,0,83,2,0,0,8766,0,3652.5,1
1100164,45,1,151,95,29.17,1,30,0,78,3,0,0,8766,0,3652.5,1
1101358,56,1,111,68.5,24.04,0,0,0,60,4,0,0,8766,0,3652.5,1
1101361,60,0,113,71,26.69,0,0,0,77,,0,0,8766,0,3652.5,1
1105058,40,0,103,71,24.4,1,10,0,73,3,0,0,3379,0,3379,0
1105566,52,0,155,93,23.09,0,0,0,75,1,0,0,8766,0,3652.5,1
1111923,64,0,132,82,28.87,0,0,0,70,1,0,0,8766,0,3652.5,1
1116298,38,1,145.5,87,24.67,1,25,0,72,,0,0,8766,0,3652.5,1
1119939,50,0,144,88,24.19,0,0,0,100,3,0,0,8766,0,3652.5,1
1123051,41,0,108,71,20.47,1,11,0,76,3,0,0,8766,0,3652.5,1
1126151,57,1,160.5,98.5,25.84,0,0,0,81,4,0,0,3910,0,3652.5,1
1126383,51,0,139,81,31.16,1,5,0,68,3,0,0,8766,0,3652.5,1
1129380,50,0,134.5,89,24.91,0,0,0,63,1,0,0,8766,0,3652.5,1
1129988,46,0,115.5,62,23.48,1,20,0,65,3,0,0,8766,0,3652.5,1
1137973,53,0,132,84,30.1,0,0,0,80,2,0,0,8766,0,3652.5,1
1138078,54,0,132.5,81,26.77,0,0,0,82,1,0,0,8766,0,3652.5,1
1138143,65,0,155,84,29.93,0,0,0,92,2,0,0,8766,0,3652.5,1
1140225,58,0,137.5,89.5,24.25,0,0,0,58,1,0,0,8766,0,3652.5,1
1140713,56,1,133,84,22.67,1,20,0,85,1,0,0,8766,0,3652.5,1
1142891,46,1,135,95,26.55,1,20,0,75,1,0,1,7223,0,3652.5,1
1144604,64,1,130,78,28.66,0,0,0,72,1,0,0,5167,0,3652.5,1
1145502,43,1,155,100,24.89,1,20,0,80,2,0,0,8766,0,3652.5,1
1145717,35,1,122,72.5,22.78,1,20,0,72,2,0,0,8766,0,3652.5,1
1146035,46,1,107,73,31.46,1,30,0,100,2,0,1,5410,0,3652.5,1
1153963,59,0,117.5,65,19.77,0,0,0,70,3,0,0,2707,0,2707,0
1155474,50,0,129,80,23.06,0,0,0,85,4,0,0,8766,0,3652.5,1
1158584,62,1,148,96,30.84,1,40,0,70,4,0,1,2453,1,2453,0
1162642,53,0,132,84.5,27.08,1,9,0,110,3,0,0,58,0,58,0
1164197,52,1,173,117,29.63,1,25,0,75,1,0,1,1142,1,1142,0
1166130,57,0,119,80,24.79,0,0,0,58,2,0,0,8766,0,3652.5,1
1167172,46,0,130,82,34.84,1,1,0,62,3,0,0,8766,0,3652.5,1
1174554,49,1,122.5,76,27.17,1,15,0,58,1,0,0,8766,0,3652.5,1
1179648,47,1,105,74,20.57,1,25,0,85,3,0,0,6734,0,3652.5,1
1181837,65,0,120,73,24.33,0,0,0,63,3,0,0,8766,0,3652.5,1
1182974,41,0,125,83,24.56,0,0,0,73,2,0,0,8766,0,3652.5,1
1186959,61,0,189,121,37.41,0,0,0,85,1,0,0,5437,0,3652.5,1
1188396,41,0,113,75,22.29,1,4,0,80,1,0,0,8766,0,3652.5,1
1189726,53,0,123,83,24.64,0,0,0,63,2,0,0,8766,0,3652.5,1
1190905,36,1,145,102,30.92,0,0,0,72,1,0,0,8766,0,3652.5,1
1191122,43,1,105,59.5,30.55,0,0,0,85,1,0,0,8766,0,3652.5,1
1193113,37,1,130,85,28.07,1,20,0,91,3,0,1,6449,0,3652.5,1
1194632,62,0,171,101,23.88,0,0,0,75,2,0,0,7303,0,3652.5,1
1196729,64,1,114,79,16.59,0,0,0,75,2,0,1,6808,0,3652.5,1
1198274,40,0,125,83,22.55,1,20,0,85,3,0,0,8766,0,3652.5,1
1198623,49,0,118.5,76.5,21.42,1,20,0,76,2,0,0,8766,0,3652.5,1
1200325,49,0,131,88,26.85,0,0,1,70,3,0,1,3405,1,3405,0
1200532,46,0,115,72.5,19.98,0,0,0,80,2,0,0,8766,0,3652.5,1
1202959,47,1,145,74,22.42,1,18,0,100,2,0,1,1920,1,1920,0
1205141,38,0,110,71,21.8,0,0,0,82,3,0,0,8766,0,3652.5,1
1205880,39,1,132,92,26.47,1,5,0,63,1,0,0,8766,0,3652.5,1
1210553,43,1,117,65,24.42,1,35,0,60,2,0,0,8766,0,3652.5,1
1214102,43,0,112,83,22.36,0,0,0,90,1,0,0,8766,0,3652.5,1
1215380,50,1,121.5,78,26.29,1,30,0,88,3,0,0,7858,0,3652.5,1
1215663,48,1,144,96.5,32.58,0,0,0,75,1,0,0,8766,0,3652.5,1
1221114,45,1,114,80,26.6,0,0,0,80,1,0,0,8766,0,3652.5,1
1225217,55,0,128,94,36.62,1,20,0,80,1,0,0,7707,0,3652.5,1
1231910,61,0,149,77,22.73,1,5,0,86,1,0,0,8766,0,3652.5,1
1233948,53,1,174.5,103,29.82,0,0,0,81,1,0,1,1622,1,1622,0
1234515,50,0,140,82,22.18,1,20,0,64,1,0,0,8766,0,3652.5,1
1237635,40,0,110,75,16.69,0,0,0,58,2,0,0,8766,0,3652.5,1
1242033,50,0,129,76,26.39,0,0,0,80,2,0,0,8766,0,3652.5,1
1247776,56,1,130,85,25.79,0,0,0,68,2,0,0,8766,0,3652.5,1
1249914,44,0,136.5,83.5,21.33,1,10,0,70,3,0,0,2141,0,2141,0
1252452,37,0,120,79,23.09,1,20,0,75,4,0,0,8766,0,3652.5,1
1254554,42,0,122.5,75,24.56,0,0,0,89,3,0,0,8766,0,3652.5,1
1256628,54,0,113.5,75.5,19.63,0,0,0,66,1,0,0,8766,0,3652.5,1
1257338,39,0,128,93,30.36,0,0,0,105,2,0,0,8766,0,3652.5,1
1262959,38,0,117.5,77.5,30.24,0,0,0,85,2,0,0,8766,0,3652.5,1
1264124,42,1,116,72,21.96,0,0,0,60,4,0,0,8766,0,3652.5,1
1265767,55,0,125,80,26.27,0,0,0,64,1,0,0,8766,0,3652.5,1
1267186,60,1,165,77,29.23,0,0,0,69,4,0,1,1336,1,1336,0
1269712,66,0,188,108.5,20.49,1,15,0,90,2,0,1,4340,0,3652.5,1
1273040,34,0,108,66,20.81,0,0,0,78,2,0,0,8766,0,3652.5,1
1276900,44,0,135,89,23.29,1,15,0,70,3,0,1,7210,0,3652.5,1
1283563,49,0,121,82,29.07,1,3,0,72,3,0,0,8766,0,3652.5,1
1284939,50,1,133,91,25.74,0,0,0,72,1,0,1,4886,0,3652.5,1
1285805,47,0,120,74,20.27,0,0,0,80,2,0,0,8766,0,3652.5,1
1287993,63,0,150,96.5,24.85,0,0,0,72,4,0,0,8766,0,3652.5,1
1289095,39,0,148,100,24.12,1,30,0,85,3,0,0,8766,0,3652.5,1
1289697,43,1,122,76,26.84,1,43,0,85,1,0,0,8766,0,3652.5,1
1290155,59,0,182,98,30.28,0,0,0,88,2,0,0,8766,0,3652.5,1
1290408,37,0,115,79,28.41,1,30,0,85,2,0,0,8766,0,3652.5,1
1291364,41,1,121.5,82.5,23.27,1,10,0,78,2,0,0,8766,0,3652.5,1
1291690,59,1,163,78,28.83,0,0,0,53,1,0,1,2387,1,2387,0
1291790,51,0,139,92,37.48,0,0,0,75,1,0,0,8766,0,3652.5,1
1293772,62,1,117,80,26.97,1,3,0,78,1,0,0,8766,0,3652.5,1
1294023,51,0,146,94,27.42,1,18,0,80,2,0,0,8766,0,3652.5,1
1294557,46,0,125,74,22.89,1,5,0,87,4,0,0,8766,0,3652.5,1
1294936,37,1,118.5,85.5,25.83,0,0,0,68,1,0,0,8766,0,3652.5,1
1304801,60,0,142,87,32.53,0,0,0,82,1,0,0,8766,0,3652.5,1
1315580,52,1,98,65,20.87,1,20,0,68,2,0,0,8766,0,3652.5,1
1315941,40,1,116,73,24.01,1,30,0,80,2,0,0,8766,0,3652.5,1
1317473,52,0,185,114,27.01,1,3,0,70,1,0,0,8766,0,3652.5,1
1322582,45,0,126,82,23.87,0,0,0,79,1,0,0,8766,0,3652.5,1
1333048,60,0,220,118,24.22,1,20,1,90,2,0,0,8766,0,3652.5,1
1334389,41,0,116,75.5,23.54,1,5,0,67,1,0,0,8766,0,3652.5,1
1338446,39,1,115,72.5,30.22,1,15,0,90,4,0,0,1902,0,1902,0
1338580,46,0,123,88,32.49,1,5,0,94,1,0,0,2580,0,2580,0
1339092,40,0,125,73.5,20.68,1,1,0,83,3,0,0,8766,0,3652.5,1
1339690,44,1,119,82,28.04,0,0,0,75,1,0,0,8766,0,3652.5,1
1339850,38,1,121.5,74,27.05,0,0,0,53,2,0,0,8766,0,3652.5,1
1340238,60,1,144,78,26.98,0,0,0,60,3,0,0,8766,0,3652.5,1
1341461,42,0,120,70,21.93,1,15,0,88,3,0,1,7188,0,3652.5,1
1341474,44,1,123,90,24.44,0,0,0,66,2,0,0,8766,0,3652.5,1
1342646,47,0,113,75,21.66,1,15,0,68,2,0,0,8727,0,3652.5,1
1343694,55,0,103,73,24.5,0,0,0,85,1,0,1,7684,0,3652.5,1
1344762,48,1,132,91,27.61,1,15,0,78,1,0,0,2157,0,2157,0
1345704,61,0,140,73,30.74,1,20,0,90,1,0,1,1078,1,1078,0
1346916,62,1,164,88,19.53,1,23,0,85,1,0,0,3587,0,3587,0
1348619,64,0,145,79,25.16,1,9,0,73,2,0,1,4440,0,3652.5,1
1351399,46,1,120.5,78,22.54,1,20,0,83,3,0,0,2287,0,2287,0
1353657,54,0,145,91,23.81,0,0,0,68,1,0,0,6977,0,3652.5,1
1359663,42,1,116,86,17.81,1,35,0,85,1,0,0,8766,0,3652.5,1
1360682,41,0,122.5,80,18.86,1,30,0,105,1,0,0,8766,0,3652.5,1
1362131,55,1,155,92.5,28.35,1,15,0,67,2,0,0,5769,0,3652.5,1
1368376,35,0,98.5,69.5,19.64,0,0,0,71,2,0,0,8766,0,3652.5,1
1369535,40,0,107,61,23.65,0,0,0,80,2,0,0,8766,0,3652.5,1
1373079,44,1,108,70,20.56,1,20,0,60,2,0,0,4145,0,3652.5,1
1373286,52,0,127.5,72.5,24.29,1,20,0,67,2,0,0,8766,0,3652.5,1
1374569,63,0,120.5,75,24.3,0,0,0,78,4,0,0,8766,0,3652.5,1
1375094,39,1,117.5,77.5,27.29,0,0,0,88,2,0,0,8766,0,3652.5,1
1376492,51,0,161,96,23.63,1,3,0,77,3,0,0,8766,0,3652.5,1
1377636,59,1,148,98,25.63,0,0,0,80,2,0,1,5517,0,3652.5,1
1379472,51,0,139.5,89,29.38,1,20,0,70,1,0,1,7771,0,3652.5,1
1381139,67,1,127.5,80,22.11,0,0,0,69,1,0,0,992,0,992,0
1381471,47,0,127.5,87.5,22.35,1,20,0,80,2,0,0,8766,0,3652.5,1
1383068,64,0,116,80,26.81,0,0,0,80,,0,0,8766,0,3652.5,1
1386857,50,1,105,68,23.3,1,3,0,65,3,0,0,8766,0,3652.5,1
1395497,63,1,180,101,24.42,1,20,0,72,3,0,0,612,0,612,0
1396799,39,0,123,92.5,29.23,0,0,0,90,2,0,0,8766,0,3652.5,1
1397567,38,1,115,71,24.58,1,10,0,65,1,0,0,8766,0,3652.5,1
1399559,42,0,96,67,24.23,1,30,0,72,1,0,0,8766,0,3652.5,1
1401968,38,1,130.5,85.5,19.53,1,5,0,85,2,0,1,6289,0,3652.5,1
1402445,52,0,117,75,21.48,1,20,0,67,2,0,0,8766,0,3652.5,1
1405837,60,1,168.5,108,26.67,1,3,0,108,4,0,0,4972,0,3652.5,1
1407865,41,1,129.5,93,27.8,1,5,0,58,2,0,0,8766,0,3652.5,1
1410250,41,0,148,108,18.21,1,20,0,76,2,0,0,8766,0,3652.5,1
1416610,56,0,134.5,78.5,30.78,1,5,0,79,1,0,0,8766,0,3652.5,1
1416744,38,0,117.5,67.5,23.47,1,20,0,78,2,0,0,8766,0,3652.5,1
1417341,63,0,176,99,23.62,0,0,0,65,2,0,1,7323,0,3652.5,1
1417723,42,0,111,73,19.27,1,7,0,60,4,0,0,8766,0,3652.5,1
1420364,40,0,109,71,20.99,0,0,0,66,2,0,0,8766,0,3652.5,1
1421322,51,1,125,80,26.98,0,0,0,67,1,0,1,7633,0,3652.5,1
1422836,60,0,141,93,25.23,1,3,0,105,2,0,0,3945,0,3652.5,1
1425299,40,1,131,85.5,31.96,1,30,0,77,2,0,0,8766,0,3652.5,1
1430201,34,1,119,77,29.04,1,25,0,63,2,0,0,8766,0,3652.5,1
1431163,40,0,123.5,81,27.91,0,0,0,95,2,0,0,8766,0,3652.5,1
1432494,54,0,163.5,103,26.89,0,0,0,56,4,0,0,8766,0,3652.5,1
1433567,36,1,117,90,27.08,0,0,0,73,4,0,0,6214,0,3652.5,1
1434038,39,0,116,86,28.73,1,3,0,75,1,0,0,8766,0,3652.5,1
1434561,38,1,127.5,81,20.39,0,0,0,80,2,1,0,8766,0,3652.5,1
1434677,37,1,128.5,83,26.81,0,0,0,58,4,0,0,8766,0,3652.5,1
1435357,39,0,128.5,74.5,20.56,1,20,0,60,1,0,0,3807,0,3652.5,1
1435593,60,0,134,84,27.49,0,0,0,80,1,0,0,5530,0,3652.5,1
1439777,58,0,134,81,22.54,1,20,0,58,3,0,0,8766,0,3652.5,1
1440543,56,0,111,70,23.17,1,18,0,72,1,0,0,8766,0,3652.5,1
1450778,50,0,128.5,82,18.99,1,30,0,55,1,0,0,6019,0,3652.5,1
1451251,57,1,148,91,27.6,1,10,0,88,1,0,0,3999,0,3652.5,1
1459119,41,0,107,68.5,23.47,1,5,0,65,1,0,0,8766,0,3652.5,1
1459834,40,1,129,73,19.11,1,20,0,76,3,0,0,8766,0,3652.5,1
1462942,51,1,130,86.5,29.86,1,20,0,85,1,0,1,3391,1,3391,0
1463138,43,1,121,75,21.73,1,30,0,84,4,0,1,6938,0,3652.5,1
1464025,36,0,112,76,26.03,0,0,0,75,1,0,0,8766,0,3652.5,1
1465594,64,0,127,78,22.89,0,0,0,67,1,0,0,5930,0,3652.5,1
1466412,50,1,126.5,92.5,25.35,1,43,1,90,4,0,0,4561,0,3652.5,1
1468044,51,0,126,86,24.16,0,0,0,75,1,0,0,8766,0,3652.5,1
1471439,49,0,138,91,25.94,0,0,0,83,2,0,0,8766,0,3652.5,1
1473123,59,0,167,89.5,25.83,1,20,0,72,2,0,1,1904,1,1904,0
1474174,62,0,205.5,104.5,32.19,0,0,0,94,1,0,1,7815,0,3652.5,1
1480244,56,0,150,92,25.68,1,1,1,85,4,0,1,8357,0,3652.5,1
1480264,57,0,136,92,26.24,0,0,0,65,1,0,0,8766,0,3652.5,1
1484490,48,1,118.5,73,26.25,1,20,0,69,1,0,0,8766,0,3652.5,1
1485688,38,0,112,68.5,23.88,1,15,0,85,1,0,0,8766,0,3652.5,1
1487107,49,0,145,81,23.1,0,0,0,75,1,0,0,8766,0,3652.5,1
1491141,65,0,138,79,28.38,0,0,0,75,2,0,0,8513,0,3652.5,1
1494536,42,1,115,70,24.58,1,20,0,72,1,0,0,8766,0,3652.5,1
1497063,45,1,110,78,28.57,1,30,0,68,4,0,0,8766,0,3652.5,1
1498357,58,0,126,77,30.08,1,20,0,78,1,0,0,8187,0,3652.5,1
1503585,38,1,119.5,85.5,31.39,1,15,0,70,1,0,0,8766,0,3652.5,1
1504219,53,0,141.5,95,39.6,0,0,0,80,3,0,0,8766,0,3652.5,1
1518521,48,0,119,80,31.67,0,0,0,60,2,0,0,8766,0,3652.5,1
1520409,58,1,167.5,95,27.73,1,30,0,71,4,0,0,8766,0,3652.5,1
1523717,60,1,130,78,28.36,1,3,0,60,1,0,1,4843,0,3652.5,1
1523758,36,0,110,75.5,26.13,0,0,0,86,2,0,0,8766,0,3652.5,1
1530794,55,0,136.5,85.5,20.56,0,0,0,60,1,0,0,8766,0,3652.5,1
1533919,54,1,148,92.5,26.58,0,0,0,75,1,0,1,7213,0,3652.5,1
1534343,45,1,166,102,29.32,1,5,0,58,4,0,0,5641,0,3652.5,1
1537085,64,0,144,80,25.81,0,0,0,75,1,0,0,4817,0,3652.5,1
1540114,49,0,137,79,21.6,1,1,0,85,3,0,0,8766,0,3652.5,1
1543277,45,0,152.5,82,25.92,0,0,0,100,2,0,0,8766,0,3652.5,1
1546325,48,1,127,81,24.87,0,0,0,76,2,0,0,8766,0,3652.5,1
1554147,45,0,119,83,22.02,1,20,0,68,3,0,0,8766,0,3652.5,1
1554708,57,0,125,74,18.64,0,0,0,66,2,0,0,8766,0,3652.5,1
1557925,64,1,172.5,75,29.29,1,18,0,,1,0,1,2794,1,2794,0
1559368,60,0,183,107,25.45,1,15,0,86,2,0,0,5674,0,3652.5,1
1565001,50,1,126,84,21.45,1,20,0,65,1,0,0,8766,0,3652.5,1
1569989,58,0,145,95,23.17,0,0,0,77,2,0,0,8766,0,3652.5,1
1571429,40,1,146,93.5,27.47,1,30,0,87,4,0,0,8766,0,3652.5,1
1572433,38,0,117,78.5,18.18,1,20,0,90,,0,0,8766,0,3652.5,1
1575918,54,0,132.5,91,23.09,1,5,0,70,2,0,0,1757,0,1757,0
1576137,39,0,105,70,26.97,0,0,0,80,2,0,0,8766,0,3652.5,1
1576674,46,0,117,68,21.5,1,20,0,110,1,0,1,5794,0,3652.5,1
1579538,60,0,186,102,23.06,1,10,0,80,3,0,0,8766,0,3652.5,1
1582893,62,1,183,93,28.96,0,0,1,90,1,0,0,5071,0,3652.5,1
1583431,60,0,118,73,24.48,0,0,0,75,1,0,0,8766,0,3652.5,1
1587271,40,1,110,67.5,25.88,0,0,0,62,1,0,0,8766,0,3652.5,1
1589878,54,0,136,86,23.28,1,1,0,75,1,0,1,6962,0,3652.5,1
1591827,47,0,109,72.5,28.59,0,0,0,82,3,0,0,8766,0,3652.5,1
1600362,58,1,135,85.5,21.24,1,20,0,88,1,0,1,7766,0,3652.5,1
1600765,45,0,107.5,57.5,,0,0,0,81,3,0,0,8766,0,3652.5,1
1606908,51,0,140.5,84,26.28,0,0,0,76,1,0,0,5263,0,3652.5,1
1606946,47,1,114,79,26.59,1,30,0,69,1,0,0,1370,0,1370,0
1607174,35,0,148,84,23.74,1,30,0,60,2,0,0,8766,0,3652.5,1
1607784,44,1,120,80,31.44,1,40,0,68,1,0,1,4044,0,3652.5,1
1609054,50,1,134,80,29.98,1,25,0,67,4,0,1,5351,0,3652.5,1
1612107,57,1,134,90.5,27.77,1,43,0,87,1,0,0,8766,0,3652.5,1
1612153,39,1,107.5,67.5,27.43,1,20,0,87,2,0,0,8766,0,3652.5,1
1614309,41,1,126,78,25.48,1,20,0,80,2,0,0,8766,0,3652.5,1
1614452,47,0,119,87,29.23,0,0,0,75,4,0,0,8766,0,3652.5,1
1618485,45,0,127.5,80,27.05,0,0,0,72,1,0,0,3434,0,3434,0
1619928,49,1,141,99,25.94,1,20,0,60,2,0,0,4145,0,3652.5,1
1620339,38,0,124,84,20.67,1,1,0,80,2,0,0,8766,0,3652.5,1
1622451,59,0,141,79,26.45,0,0,0,70,1,0,0,8766,0,3652.5,1
1626655,38,0,121,79,25.59,1,5,0,90,,0,0,8766,0,3652.5,1
1626837,39,0,120,80,24.79,1,20,0,81,2,0,0,8766,0,3652.5,1
1628328,59,1,153.5,105,25.05,1,60,0,70,1,0,0,8766,0,3652.5,1
1632274,64,1,134,79,24.95,0,0,0,106,1,0,0,7799,0,3652.5,1
1632831,51,0,152,99,31.63,0,0,1,62,2,0,0,7493,0,3652.5,1
1636092,57,1,163.5,93,31.68,0,0,0,80,1,0,1,5036,0,3652.5,1
1640714,40,0,135,87,31.6,0,0,0,75,3,0,0,8766,0,3652.5,1
1641185,62,1,130,77.5,24.75,1,20,0,72,4,0,0,7569,0,3652.5,1
1641897,53,0,103,68,21.8,0,0,0,60,3,0,0,8766,0,3652.5,1
1648625,37,0,117,74,21.51,1,20,0,67,1,0,0,8766,0,3652.5,1
1649497,48,0,107,73,19.78,0,0,0,63,3,0,0,8766,0,3652.5,1
1649764,40,0,122,78,18.92,0,0,0,65,3,0,0,8766,0,3652.5,1
1654901,51,0,155,92.5,23.84,0,0,0,72,1,0,0,8766,0,3652.5,1
1655793,48,0,117,73,24.59,1,5,0,70,1,0,0,8766,0,3652.5,1
1660299,64,1,120,75,18.7,1,8,0,52,1,0,0,8766,0,3652.5,1
1660377,44,1,131,74,28.82,1,30,0,80,1,0,1,2117,1,2117,0
1662072,64,0,144,84,30.93,0,0,0,80,1,0,0,4356,0,3652.5,1
1662271,41,1,147.5,92.5,22.72,1,20,0,75,2,0,0,8766,0,3652.5,1
1667298,48,1,113,71.5,30.5,0,0,0,78,,0,0,8766,0,3652.5,1
1668431,49,1,183,114.5,29.25,0,0,1,85,4,0,0,4118,0,3652.5,1
1668597,39,1,120,74,26.48,1,20,0,65,2,0,0,8766,0,3652.5,1
1671508,61,0,178,91,28.87,1,6,0,110,1,0,0,8766,0,3652.5,1
1676267,58,0,128,76,32.49,0,0,0,68,1,0,0,8766,0,3652.5,1
1685362,52,1,126,80,22.32,0,0,0,104,2,0,0,8048,0,3652.5,1
1692255,48,0,132,78,23.1,1,3,0,70,4,0,0,8766,0,3652.5,1
1693588,45,0,127,76.5,21.67,1,15,0,83,3,0,0,8766,0,3652.5,1
1697845,66,0,175,94,29.84,0,0,0,95,1,0,0,2550,0,2550,0
1698411,44,1,160,108,22.92,1,20,0,83,2,0,0,8766,0,3652.5,1
1699289,60,1,119,82,28.56,0,0,0,70,1,0,0,8766,0,3652.5,1
1701514,42,1,142.5,90,26.14,0,0,0,59,2,0,1,6849,0,3652.5,1
1703903,42,1,100,73,22.56,0,0,0,64,1,0,0,8766,0,3652.5,1
1705869,67,0,192,102,44.09,0,0,1,55,1,0,0,7601,0,3652.5,1
1708987,63,0,127,75,22.26,0,0,0,70,2,0,0,7005,0,3652.5,1
1709566,62,1,110,62.5,23.8,0,0,0,77,2,0,0,8766,0,3652.5,1
1711337,50,1,129,85,25.86,0,0,0,56,2,0,1,2114,1,2114,0
1711648,63,0,117.5,75,25.88,0,0,0,75,1,0,0,5722,0,3652.5,1
1711992,45,0,121,78.5,24.58,0,0,0,78,3,0,1,5764,0,3652.5,1
1718965,41,0,134.5,83,22.28,1,10,0,85,2,0,0,8766,0,3652.5,1
1722396,44,0,114,83,24.16,1,9,0,80,3,0,0,8766,0,3652.5,1
1723785,53,0,131,87,33.38,1,9,0,63,1,0,0,6900,0,3652.5,1
1726163,53,1,160,92,25.61,0,0,0,60,2,0,0,8766,0,3652.5,1
1726701,38,0,127,80,24.6,1,9,0,74,2,0,0,8766,0,3652.5,1
1732540,42,0,96.5,71,26.03,1,10,0,61,3,0,0,8766,0,3652.5,1
1732895,47,1,107,66.5,16.87,1,9,0,65,4,0,0,8766,0,3652.5,1
1735368,58,0,157,94,33.32,0,0,0,92,1,1,1,2975,1,2975,0
1736166,45,1,125,89,27.98,0,0,0,85,3,0,0,8766,0,3652.5,1
1736230,50,1,119,90,23.55,1,9,,75,4,0,1,2194,1,2194,0
1737406,55,1,180,108,23.59,1,20,0,82,1,0,0,8766,0,3652.5,1
1737434,67,1,185,100,22.69,1,15,0,75,1,0,0,1269,0,1269,0
1738256,56,1,147,94,28.3,1,1,0,63,1,0,0,8766,0,3652.5,1
1740653,37,0,105,73,23.44,0,0,,58,3,0,0,8766,0,3652.5,1
1743014,38,1,123,69,22.7,1,20,0,72,2,0,0,8766,0,3652.5,1
1743168,63,0,148,85.5,24.01,0,0,0,76,4,0,1,2717,1,2717,0
1748906,40,1,141,102,26.17,1,15,0,85,2,0,0,8766,0,3652.5,1
1748954,45,0,133,83,22.19,0,0,0,76,2,0,0,3208,0,3208,0
1749853,54,0,118,84,24.9,0,0,0,70,2,0,0,8766,0,3652.5,1
1752844,67,0,160,100,20.5,0,0,0,88,1,0,0,7373,0,3652.5,1
1754959,39,0,114,66.5,24.56,0,0,0,70,3,0,0,8766,0,3652.5,1
1755537,41,0,123,70,20.2,0,0,0,65,3,0,0,8766,0,3652.5,1
1757873,34,1,120,85,24.39,1,10,0,68,1,0,1,5118,0,3652.5,1
1761292,40,0,120,75,19.32,1,20,0,78,1,0,0,8766,0,3652.5,1
1762238,46,0,118,82,19.7,1,20,0,100,3,0,0,8766,0,3652.5,1
1768288,35,1,112,62.5,21.03,1,40,0,73,3,0,0,1379,0,1379,0
1768410,48,1,138,96,27.97,0,0,0,68,,0,0,8766,0,3652.5,1
1768481,47,1,150,101,28.96,1,20,0,75,3,0,1,6001,0,3652.5,1
1770289,43,0,137,81,21.85,1,15,0,70,2,0,0,3004,0,3004,0
1771705,52,1,118.5,82.5,24.83,1,1,0,76,1,0,1,7588,0,3652.5,1
1773000,45,1,126,82,27.18,0,0,1,72,3,0,1,7368,0,3652.5,1
1773154,42,1,121.5,74,23.59,1,25,0,70,3,0,0,8766,0,3652.5,1
1774400,56,0,133,76,23.42,0,0,0,62,1,0,0,8766,0,3652.5,1
1779720,63,1,159.5,91,27.01,0,0,0,68,1,0,1,6968,0,3652.5,1
1780381,52,0,118.5,69,18.98,0,0,0,70,3,0,0,8766,0,3652.5,1
1782641,46,1,164,107,20.63,1,20,0,63,1,0,0,3565,0,3565,0
1782960,49,1,118.5,82,28.47,1,40,0,88,4,0,0,8766,0,3652.5,1
1783679,44,0,129,90,33.47,0,0,0,88,1,0,0,8766,0,3652.5,1
1790448,42,1,130,92,24.86,0,0,0,85,2,0,0,8766,0,3652.5,1
1791169,64,0,177,110,28.91,1,2,1,90,2,0,0,4618,0,3652.5,1
1791264,59,0,156,104,15.96,1,15,0,72,2,0,1,1097,1,1097,0
1791613,59,0,195,118,23.82,0,0,,80,4,0,0,6495,0,3652.5,1
1791667,54,1,116,78.5,25.82,0,0,0,94,2,0,0,8766,0,3652.5,1
1800563,57,1,117,80,26.56,1,40,0,75,3,0,1,4931,0,3652.5,1
1805256,53,0,127,79,19.64,1,20,0,70,1,0,0,8766,0,3652.5,1
1811847,35,0,150,90,23.09,1,20,0,83,2,0,0,8766,0,3652.5,1
1821062,46,0,162,87.5,26.95,0,0,0,100,1,0,0,5542,0,3652.5,1
1824174,40,0,124,86.5,26.79,0,0,0,70,2,0,0,8766,0,3652.5,1
1828967,47,1,132,91,27.93,0,0,0,75,2,0,0,8766,0,3652.5,1
1829622,49,1,130,82,24.35,1,3,0,60,3,0,0,8766,0,3652.5,1
1831641,58,0,120,70,24.69,0,0,0,63,3,0,0,8766,0,3652.5,1
1833245,54,1,142,93,22.17,1,20,0,75,1,0,0,8766,0,3652.5,1
1835493,47,0,125,72.5,23.81,1,10,0,75,2,0,0,8766,0,3652.5,1
1835810,60,0,164,94.5,25.01,1,5,0,92,1,0,0,3848,0,3652.5,1
1836879,53,1,112.5,82.5,25.04,0,0,0,67,4,0,0,8766,0,3652.5,1
1837474,66,1,108,66,25.16,0,0,0,75,1,0,0,5122,0,3652.5,1
1840661,35,0,95,57,24.55,0,0,0,61,2,0,0,8766,0,3652.5,1
1841517,59,1,153.5,85,28.45,0,0,0,51,2,0,0,6452,0,3652.5,1
1842247,36,1,142,82,27.5,0,0,0,53,4,0,0,8766,0,3652.5,1
1842459,37,1,135,79,28.46,1,15,0,73,1,0,1,7545,0,3652.5,1
1842886,49,1,111,70,24.24,1,5,0,75,2,0,1,8712,0,3652.5,1
1846223,44,1,128,82,26.79,1,20,0,82,2,0,0,8766,0,3652.5,1
1848470,41,1,124,79,25.26,0,0,0,85,4,0,0,8766,0,3652.5,1
1849900,43,0,127.5,85,25.09,1,20,0,85,,0,0,7905,0,3652.5,1
1850151,37,1,129,86,27.27,0,0,0,60,2,0,0,8766,0,3652.5,1
1851387,55,0,168,82,26.45,0,0,0,72,1,0,0,8766,0,3652.5,1
1851698,62,0,153,60,27.47,1,30,0,60,2,0,0,8766,0,3652.5,1
1855218,36,0,102.5,65,20.87,1,15,0,75,1,0,0,7294,0,3652.5,1
1856456,37,0,110,78.5,32.26,1,10,0,110,2,0,0,8766,0,3652.5,1
1857534,47,0,134,87,22.34,1,20,0,92,2,0,0,8766,0,3652.5,1
1858995,50,1,127.5,85,25.09,0,0,0,75,3,0,1,6220,0,3652.5,1
1859291,68,1,122,70,26.37,1,10,0,96,1,0,0,5879,0,3652.5,1
1859726,44,1,126,85,28.49,1,30,0,65,2,0,0,8766,0,3652.5,1
1860102,53,0,133.5,82.5,40.58,0,0,0,70,4,0,0,8766,0,3652.5,1
1860982,42,0,105,84,25.75,0,0,0,70,1,0,0,8766,0,3652.5,1
1863618,50,0,147,90,24.06,0,0,0,63,2,0,0,8766,0,3652.5,1
1864342,35,1,167.5,104.5,26.59,1,40,0,102,1,0,1,4576,0,3652.5,1
1866098,53,0,200,140,43.3,0,0,0,107,1,0,0,307,0,307,0
1866825,59,0,153.5,89.5,26.08,0,0,0,71,1,0,0,8766,0,3652.5,1
1871009,57,1,127,75,20.55,1,20,0,80,2,0,0,3133,0,3133,0
1871150,47,0,128,91,25.59,1,6,0,80,2,0,0,8766,0,3652.5,1
1871406,49,1,137,96.5,23.38,1,30,0,75,4,0,0,8766,0,3652.5,1
1872339,58,1,138,83,30.64,0,0,0,95,3,0,1,1870,1,1870,0
1875965,55,0,133,80,25.01,0,0,0,75,1,0,0,8766,0,3652.5,1
1876299,59,0,120,73,23.76,0,0,0,60,1,0,0,2015,0,2015,0
1880086,55,1,122,82,24.15,0,0,0,77,1,0,0,8766,0,3652.5,1
1881811,43,0,121.5,78,26.11,0,0,0,90,3,0,0,8766,0,3652.5,1
1883008,46,0,116,79,29.21,0,0,0,60,2,0,0,8766,0,3652.5,1
1886441,43,1,132,84,26.77,0,0,0,65,2,0,1,4887,0,3652.5,1
1893577,46,0,131.5,78.5,21.02,0,0,0,68,2,0,0,5954,0,3652.5,1
1897060,49,1,118,66,26.91,1,30,0,90,1,0,0,8530,0,3652.5,1
1900514,42,0,118.5,80.5,32.36,0,0,0,95,1,0,0,8766,0,3652.5,1
1901572,61,0,114,70.5,24.79,0,0,0,83,2,0,0,8766,0,3652.5,1
1904142,36,0,102,69,33.36,0,0,0,55,2,0,0,8766,0,3652.5,1
1914904,39,1,131,82,24.25,1,40,0,73,2,0,0,8766,0,3652.5,1
1915589,48,0,119,85,30.46,0,0,0,77,1,0,0,8766,0,3652.5,1
1924525,39,1,107,76.5,22.45,0,0,0,66,4,0,0,8766,0,3652.5,1
1925050,59,0,122.5,67.5,25.4,1,3,0,88,2,0,0,8766,0,3652.5,1
1928471,48,0,131,80,21.14,0,0,0,70,3,0,0,8766,0,3652.5,1
1928654,44,1,114,83,31.16,0,0,0,75,1,0,0,8550,0,3652.5,1
1931687,42,1,111,62,21.67,1,30,0,74,2,0,0,8766,0,3652.5,1
1932036,44,0,118,86,23.09,0,0,0,70,1,0,0,8766,0,3652.5,1
1932201,52,0,146,88,27.26,0,0,0,69,1,0,0,8766,0,3652.5,1
1936948,60,1,141,81,19.42,1,9,0,67,1,0,0,8285,0,3652.5,1
1937277,35,0,107,73,20.64,0,0,0,90,2,0,0,8766,0,3652.5,1
1939559,40,1,128,83,24.71,1,30,0,69,2,0,0,8766,0,3652.5,1
1940287,64,0,163,85,21.17,1,15,0,72,2,0,0,8766,0,3652.5,1
1940297,53,0,136,99,21.02,1,10,0,85,2,0,0,8766,0,3652.5,1
1940697,59,0,244,124,19.61,0,0,1,76,2,0,0,4685,0,3652.5,1
1947154,55,0,134,92,32.17,0,0,0,75,1,0,0,8766,0,3652.5,1
1947511,58,0,113,77,20.68,1,30,0,72,2,0,0,8285,0,3652.5,1
1948013,56,1,113.5,74,21.03,1,30,0,90,2,0,0,1175,0,1175,0
1949316,40,0,104,76,19.93,1,30,0,70,2,0,0,1416,0,1416,0
1951542,42,1,135,82,25.75,0,0,0,65,1,0,0,8766,0,3652.5,1
1959811,48,1,131,79,22.12,0,0,0,78,2,0,0,8766,0,3652.5,1
1959913,58,0,120,80,29.25,1,3,0,78,2,0,0,8766,0,3652.5,1
1965250,38,0,129.5,85.5,24.24,1,15,0,75,3,0,0,6511,0,3652.5,1
1966064,65,1,127.5,75,26.46,0,0,0,60,1,0,1,8170,0,3652.5,1
1969205,52,1,122,73,22.73,0,0,0,70,3,0,0,8766,0,3652.5,1
1969910,39,1,128,86.5,25.13,1,30,0,74,2,0,0,8766,0,3652.5,1
1976609,55,0,127.5,83.5,30.61,0,0,0,72,1,0,0,8766,0,3652.5,1
1988664,64,0,153,75,23.39,0,0,0,60,1,0,0,3549,0,3549,0
1990298,51,1,168,102,30.38,1,20,0,82,1,0,0,3463,0,3463,0
1991655,49,1,127.5,81,25.16,0,0,0,76,4,0,0,8766,0,3652.5,1
1992264,53,1,134,91,25.13,1,5,0,54,4,0,0,8766,0,3652.5,1
1993402,47,0,113.5,73,28.78,0,0,0,75,1,0,0,8766,0,3652.5,1
1995090,52,1,156,98,30.93,1,20,0,80,4,0,1,267,1,267,0
1996293,62,0,166,89,31.44,0,0,0,83,1,0,1,7348,0,3652.5,1
1999873,50,0,112,69,24.07,1,20,0,80,1,0,0,8766,0,3652.5,1
2000577,58,1,164,85.5,18.84,1,9,0,76,1,0,1,7436,0,3652.5,1
2001006,64,0,176,97,33.19,0,0,0,68,1,0,0,1490,0,1490,0
2003839,37,1,121,80,28.95,0,0,0,70,3,0,0,8766,0,3652.5,1
2005642,57,1,141,83,27.98,1,10,0,63,1,0,0,8766,0,3652.5,1
2006236,64,1,123,73.5,22.3,0,0,0,75,4,0,0,3091,0,3091,0
2007931,66,0,152.5,90,23.63,0,0,1,80,1,0,0,8766,0,3652.5,1
2009963,35,1,108,72,22.91,0,0,0,55,2,0,0,8766,0,3652.5,1
2010575,38,1,111,61,21.51,1,15,0,66,1,0,0,8766,0,3652.5,1
2013019,39,0,126,85,22.89,1,20,0,80,1,0,1,8179,0,3652.5,1
2014034,42,0,141,92,43.69,1,20,0,80,1,0,0,3368,0,3368,0
2014961,45,1,130,82.5,28.56,1,20,0,82,1,0,0,8766,0,3652.5,1
2020550,59,0,139,79.5,23.28,0,0,0,94,1,0,0,8766,0,3652.5,1
2024096,57,0,108,77,18.55,1,20,0,70,3,0,0,8766,0,3652.5,1
2026209,62,0,168,102,26.39,1,6,0,76,2,0,0,184,0,184,0
2034382,58,1,146,89,27.47,1,20,0,75,1,0,0,3632,0,3632,0
2035929,51,0,128,77,24.94,0,0,0,68,3,0,0,8766,0,3652.5,1
2044334,59,1,134.5,87,31.76,1,11,0,80,2,0,0,6078,0,3652.5,1
2045568,44,0,124.5,82,22.36,1,1,0,87,1,0,0,8766,0,3652.5,1
2047933,60,0,213,94.5,28.58,0,0,0,71,1,0,1,4094,0,3652.5,1
2051735,54,0,115,81,25.84,0,0,0,95,3,0,0,8766,0,3652.5,1
2055792,38,1,148,109,30.85,1,20,0,95,2,0,0,8766,0,3652.5,1
2064086,53,1,127,76,24.27,0,0,0,75,1,0,0,5931,0,3652.5,1
2065080,43,0,129,92,24.54,1,20,0,88,4,0,0,8766,0,3652.5,1
2067160,64,1,126,82,24.35,1,40,0,95,2,0,0,6819,0,3652.5,1
2068456,61,0,167.5,91.5,29.53,0,0,0,108,1,0,0,8766,0,3652.5,1
2073109,39,1,108,66,28.57,0,0,0,90,1,0,0,8766,0,3652.5,1
2073811,35,0,125,75,23.1,1,5,0,110,3,0,0,8766,0,3652.5,1
2076403,66,0,153,94,25.27,0,0,0,80,4,0,0,8766,0,3652.5,1
2077687,53,0,117,71,22.01,0,0,0,108,2,0,0,8766,0,3652.5,1
2079307,40,1,152,103,32.73,1,20,0,85,1,0,0,7340,0,3652.5,1
2079487,46,0,118,74,26.42,1,40,0,75,1,0,0,2218,0,2218,0
2082771,47,1,154,93,24.49,1,25,0,94,,0,0,822,0,822,0
2091408,64,1,140,80,32.52,0,0,0,58,1,0,0,4019,0,3652.5,1
2092900,49,1,120,90,23.03,0,0,0,77,1,0,0,8766,0,3652.5,1
2093742,42,0,111,67.5,21.34,1,10,0,73,1,0,0,8766,0,3652.5,1
2093837,60,0,116,82,22.66,1,15,0,85,1,0,0,8766,0,3652.5,1
2094108,56,0,115,80,31.11,0,0,0,75,4,0,0,8766,0,3652.5,1
2095135,48,0,131,92,26.13,0,0,0,68,1,0,0,8766,0,3652.5,1
2097095,39,1,159,115,32.66,1,30,0,110,1,0,0,8234,0,3652.5,1
2098000,62,0,206,98,27.23,0,0,0,84,1,0,1,7366,0,3652.5,1
2098590,45,0,123,71,20.56,1,20,0,80,3,0,0,6718,0,3652.5,1
2100877,61,1,157,99,28.74,1,20,0,95,1,0,0,8766,0,3652.5,1
2101419,55,1,142,74,23.65,1,25,0,72,1,0,0,8766,0,3652.5,1
2106090,58,1,106,70.5,23.72,1,5,0,60,4,0,1,4989,0,3652.5,1
2107845,53,0,139,88,23.71,1,5,0,60,1,0,0,8766,0,3652.5,1
2109747,37,0,111,70,20.24,1,20,0,80,2,0,0,8766,0,3652.5,1
2116954,36,1,151,96,25.35,1,20,0,78,2,0,0,8766,0,3652.5,1
2118332,60,0,199,83,24.61,0,0,0,80,2,0,0,5448,0,3652.5,1
2118364,53,0,184,109,22.73,0,0,0,80,2,0,0,6190,0,3652.5,1
2123689,62,1,129.5,87,20.56,1,20,0,65,1,0,1,5226,0,3652.5,1
2124755,59,0,127.5,80,29.16,0,0,0,92,1,0,0,717,0,717,0
2125411,44,1,147,103,25.38,1,40,0,68,1,0,0,4369,0,3652.5,1
2134528,43,1,129,90,25.29,0,0,0,70,4,0,0,8766,0,3652.5,1
2138037,47,0,133,86,20.15,1,2,0,72,2,0,0,7972,0,3652.5,1
2140148,40,0,108,72,17.64,0,0,0,78,3,0,0,8766,0,3652.5,1
2141590,53,0,167.5,102.5,31.5,0,0,0,88,2,0,0,8766,0,3652.5,1
2142059,47,0,160,85,27.05,1,40,0,75,1,0,0,8766,0,3652.5,1
2145186,51,0,176,99,26.27,1,30,0,82,2,0,0,8766,0,3652.5,1
2148428,48,1,117.5,92,27.75,1,9,0,80,,0,0,8766,0,3652.5,1
2150097,48,1,127.5,75,26.6,1,30,0,75,1,0,0,4318,0,3652.5,1
2153087,43,0,115.5,68,23.33,0,0,0,76,3,0,0,8766,0,3652.5,1
2157176,47,0,128,85,20.89,1,20,0,75,3,0,0,8766,0,3652.5,1
2159164,43,0,118,77,25.32,0,0,0,78,4,0,0,8766,0,3652.5,1
2159835,56,1,198,107,24.87,1,20,0,80,2,0,1,1778,1,1778,0
2160928,34,0,117.5,67.5,20.79,1,20,0,63,2,0,0,8766,0,3652.5,1
2162024,47,0,127,86,21.93,0,0,0,90,3,0,0,8766,0,3652.5,1
2167467,49,0,108,76,19.25,1,15,0,85,2,0,0,8766,0,3652.5,1
2175833,66,1,114.5,62.5,28.62,1,30,0,75,1,0,1,1739,1,1739,0
2176850,39,0,137.5,77.5,27.35,1,5,0,67,1,0,1,8411,0,3652.5,1
2178015,58,0,151,98,20.34,0,0,0,72,4,0,0,3878,0,3652.5,1
2183231,57,1,158.5,107,27.1,1,20,0,66,1,0,0,7507,0,3652.5,1
2183660,63,0,118,84,25.31,0,0,0,98,1,0,1,7778,0,3652.5,1
2184179,53,0,160,97,31.31,0,0,0,75,3,0,0,8766,0,3652.5,1
2184271,38,1,137,82.5,26.69,0,0,0,62,2,0,0,8766,0,3652.5,1
2184456,57,1,131.5,92,28.3,1,20,0,70,1,0,0,7179,0,3652.5,1
2184587,49,0,123.5,84,20.94,0,0,0,75,2,0,0,8766,0,3652.5,1
2185089,47,0,140,82,22.88,0,0,0,75,2,0,0,8766,0,3652.5,1
2188049,36,0,98,66,25.07,1,1,0,68,2,0,0,2812,0,2812,0
2189099,42,0,109.5,67,23.48,1,9,0,65,1,0,0,8766,0,3652.5,1
2189363,39,0,115.5,65.5,20.39,1,15,0,64,2,0,0,8722,0,3652.5,1
2199791,52,1,106,79,26.48,1,20,0,80,3,0,1,873,1,873,0
2203286,64,1,110,70,23.98,0,0,0,65,,0,0,7998,0,3652.5,1
2204612,61,0,122,81,22.48,0,0,0,68,1,0,0,8766,0,3652.5,1
2213718,54,0,137,88,29.76,0,0,0,80,1,0,0,8766,0,3652.5,1
2214871,61,0,160,109,42.53,0,0,0,81,1,0,0,8766,0,3652.5,1
2215991,52,1,134,98,27.78,1,3,0,75,1,0,1,700,1,700,0
2216437,38,0,125.5,86,26.57,0,0,0,75,3,0,0,8766,0,3652.5,1
2222566,51,0,133,91,28.5,1,30,0,72,1,0,0,8766,0,3652.5,1
2224821,37,0,120.5,67.5,22.89,1,10,0,75,1,0,0,8766,0,3652.5,1
2225978,52,1,131,74,24.54,1,15,0,65,3,0,0,1879,0,1879,0
2227376,50,1,159,109,31.27,1,20,0,80,1,0,0,6434,0,3652.5,1
2228112,60,1,170,100,29.59,1,20,1,60,1,0,1,2149,1,2149,0
2229495,39,1,124,90,26.82,0,0,0,50,1,0,0,8766,0,3652.5,1
2230091,57,1,154,100,24.07,1,20,0,92,1,0,0,424,0,424,0
2235925,64,0,132,75,20.67,0,0,0,86,1,0,0,6763,0,3652.5,1
2236140,55,0,115,71,22.19,1,10,0,105,,0,0,6787,0,3652.5,1
2236615,45,0,111,72,26.24,1,2,0,70,2,0,0,8766,0,3652.5,1
2238809,67,0,110,77,24.53,0,0,0,65,1,0,0,8766,0,3652.5,1
2239967,40,0,149,81,28.46,0,0,0,110,1,0,0,6188,0,3652.5,1
2241055,48,0,135,82.5,32.67,1,5,0,67,3,0,0,5065,0,3652.5,1
2244442,53,0,127,89,25.46,1,10,0,75,2,0,0,8052,0,3652.5,1
2244912,50,0,121,67,22.02,1,10,0,71,1,0,0,8766,0,3652.5,1
2248032,47,1,115,82,28.23,0,0,0,48,4,0,0,8766,0,3652.5,1
2248910,42,1,139,88,23.61,0,0,0,75,1,0,0,8766,0,3652.5,1
2257135,53,1,122,80,26.26,0,0,0,77,2,0,1,5486,0,3652.5,1
2257586,39,1,113,80,28.59,0,0,0,80,2,0,0,8766,0,3652.5,1
2257896,39,1,124,86,23.39,1,30,0,76,2,0,0,8766,0,3652.5,1
2258881,64,0,139,92,32.32,0,0,0,70,1,0,0,8766,0,3652.5,1
2262010,61,0,118,77.5,24.03,1,1,0,90,3,0,0,5313,0,3652.5,1
2262723,46,0,122,76,21.35,0,0,0,77,2,0,0,8766,0,3652.5,1
2262965,47,1,122,67,20.12,1,9,0,68,2,0,0,8766,0,3652.5,1
2264946,49,1,107.5,71,26.62,1,30,0,70,1,0,0,7809,0,3652.5,1
2267292,55,0,125,85,22.89,0,0,0,65,3,0,0,8766,0,3652.5,1
2267649,57,0,122,80,21.02,0,0,,65,1,0,0,8766,0,3652.5,1
2270354,37,0,112,69,26.98,0,0,0,86,2,0,0,8766,0,3652.5,1
2274906,41,0,102,64,23.64,0,0,0,60,2,0,0,8766,0,3652.5,1
2275121,46,1,124,85,29.91,0,0,0,100,3,0,0,8766,0,3652.5,1
2286129,60,1,167,105,23.01,0,0,,80,1,0,0,8766,0,3652.5,1
2290290,64,0,206,104,26.15,0,0,0,70,1,0,0,8310,0,3652.5,1
2291433,43,0,117,67,22.36,0,0,0,58,1,0,0,8766,0,3652.5,1
2292456,50,1,145,94,28.86,0,0,0,60,1,0,0,8766,0,3652.5,1
2294966,38,0,107,73.5,23.09,0,0,0,61,4,0,0,8766,0,3652.5,1
2295648,56,0,142,94,31.1,0,0,0,83,3,0,0,3731,0,3652.5,1
2295855,53,1,167,96.5,25.09,1,20,0,112,1,0,0,7876,0,3652.5,1
2300114,51,0,142,82.5,21.02,1,1,0,56,2,0,0,8766,0,3652.5,1
2302912,42,1,111.5,70,28.3,1,30,0,90,1,0,0,8766,0,3652.5,1
2305437,58,1,148,81,25.67,1,1,0,90,1,0,0,7378,0,3652.5,1
2306548,54,0,133,88,31.82,1,20,0,75,2,0,0,8766,0,3652.5,1
2308338,53,1,100,71,23.85,0,0,0,77,2,0,0,8766,0,3652.5,1
2312520,58,1,132,86,28.92,0,0,0,94,4,0,0,8650,0,3652.5,1
2313686,60,1,139,84,28.76,1,5,0,75,1,0,0,8766,0,3652.5,1
2318411,62,1,119.5,74,28.5,0,0,0,68,3,0,1,6672,0,3652.5,1
2322179,59,1,127,83,26.53,0,0,0,57,3,0,0,8361,0,3652.5,1
2322730,53,0,147,71.5,25.45,0,0,0,85,2,0,0,8766,0,3652.5,1
2327323,42,0,100,66,21.85,1,10,0,75,2,0,0,8766,0,3652.5,1
2329085,35,1,136.5,95,24.43,0,0,0,75,2,0,1,4789,0,3652.5,1
2330769,50,0,149,90,29.94,0,0,0,100,3,0,0,8766,0,3652.5,1
2332067,36,1,155,74,19.42,0,0,0,125,1,0,0,8766,0,3652.5,1
2335758,57,0,133,84,36.21,0,0,0,62,1,0,0,8766,0,3652.5,1
2339707,34,1,131.5,84,25.41,0,0,0,60,4,0,0,8766,0,3652.5,1
2341406,46,1,117.5,77.5,32.4,0,0,0,55,2,0,0,8766,0,3652.5,1
2346651,42,1,131,88,25.09,1,5,0,81,2,0,0,8766,0,3652.5,1
2352739,63,1,131,73.5,30.12,1,10,0,72,,0,0,3282,0,3282,0
2353184,65,0,140,82,20.5,0,0,0,58,3,0,1,784,1,784,0
2353533,46,0,105.5,67,23.14,0,0,0,60,3,0,0,8766,0,3652.5,1
2353950,45,1,138,86,30.63,1,20,0,80,2,0,0,8766,0,3652.5,1
2359728,60,0,126,84,20.34,0,0,0,71,1,0,0,8766,0,3652.5,1
2362501,45,1,145,90,26.65,1,3,0,76,4,0,1,2995,1,2995,0
2364854,44,0,122,83,30.4,0,0,0,85,2,0,0,8766,0,3652.5,1
2365318,39,1,141.5,91,27.06,1,20,0,63,1,0,0,8766,0,3652.5,1
2368475,42,0,111,71,19.78,0,0,0,66,4,0,0,8766,0,3652.5,1
2369200,62,0,142,90,31.78,1,20,0,95,3,0,1,7921,0,3652.5,1
2375737,48,1,131,88,27.13,0,0,0,63,1,0,0,8766,0,3652.5,1
2376358,55,0,112.5,72.5,23.45,0,0,0,60,,0,0,8766,0,3652.5,1
2377011,45,1,117,80,20.17,1,20,0,75,2,0,0,8766,0,3652.5,1
2377853,58,1,143,98,29.01,1,20,0,90,1,0,0,8766,0,3652.5,1
2380239,56,0,165,115,24.25,1,9,1,72,1,0,1,4637,0,3652.5,1
2385905,55,0,161.5,95,27.76,0,0,0,67,2,0,0,8766,0,3652.5,1
2387284,57,1,122,66.5,20.19,1,30,0,62,1,0,0,5066,0,3652.5,1
2390122,65,0,144,64,21.41,0,0,,58,1,1,0,2568,0,2568,0
2390373,61,1,164.5,93.5,27.73,0,0,0,78,1,0,0,3017,0,3017,0
2398603,49,0,120,80,22.33,1,,0,90,1,0,0,8766,0,3652.5,1
2400282,42,1,141.5,98,32.52,0,0,0,72,2,0,0,8766,0,3652.5,1
2401709,50,1,124,82,24.54,0,0,0,54,1,0,0,8766,0,3652.5,1
2405341,42,1,112,77,24.77,1,20,0,73,4,0,0,8766,0,3652.5,1
2407080,46,1,137,97,29.11,1,9,0,75,1,0,0,8766,0,3652.5,1
2407647,53,1,163,105,28.04,1,20,0,90,2,0,1,1235,1,1235,0
2409359,44,1,116,62,19.44,0,0,0,53,2,0,0,8766,0,3652.5,1
2409397,54,0,171.5,105.5,34.25,0,0,0,91,1,0,0,8766,0,3652.5,1
2409590,58,1,150,97,32,1,60,0,75,2,0,0,7710,0,3652.5,1
2411688,67,1,126,68,29.04,1,9,0,70,1,0,1,4725,0,3652.5,1
2416201,44,1,132.5,90,24.06,0,0,0,94,1,0,0,8766,0,3652.5,1
2419954,41,1,146,88,24.04,1,30,0,78,2,0,0,8766,0,3652.5,1
2420323,52,0,177,103.5,24.39,0,0,0,86,4,0,0,8766,0,3652.5,1
2422331,40,0,105,74,23.26,0,0,0,80,1,0,0,8766,0,3652.5,1
2422371,55,0,108.5,63.5,25.23,1,3,0,80,2,0,0,8766,0,3652.5,1
2423195,41,0,110,60,23.38,1,3,0,65,3,0,0,8766,0,3652.5,1
2428234,40,1,102,72,24.08,0,0,0,63,2,0,0,8766,0,3652.5,1
2429091,37,0,117.5,77.5,28.44,0,0,0,90,4,0,0,8766,0,3652.5,1
2431729,48,1,141.5,82,27.88,0,0,0,84,2,0,0,8766,0,3652.5,1
2433317,41,1,129.5,92.5,34.99,0,0,0,79,1,0,0,8766,0,3652.5,1
2436937,48,0,132,85,26.03,0,0,0,70,2,0,0,8766,0,3652.5,1
2437351,52,0,131,80,32.04,0,0,0,80,1,0,0,8766,0,3652.5,1
2439832,53,1,146.5,82,27.8,1,10,0,60,1,0,0,6130,0,3652.5,1
2441847,52,1,114,77,28.28,0,0,0,66,1,0,0,8766,0,3652.5,1
2442073,45,0,107,75,22.14,1,20,0,79,,0,0,8766,0,3652.5,1
2443126,65,0,124,70,25.61,0,0,0,76,1,0,0,1770,0,1770,0
2449215,42,0,139,91,26.54,1,9,0,83,,0,0,8766,0,3652.5,1
2460331,48,1,153,93,29.34,0,0,0,103,1,0,0,8766,0,3652.5,1
2460484,45,0,109.5,69,17.38,1,5,0,88,1,0,0,3692,0,3652.5,1
2461248,56,0,131,86.5,21.85,1,3,0,76,,0,0,8766,0,3652.5,1
2463212,58,0,132,67,23.08,0,0,0,65,2,0,0,1575,0,1575,0
2471115,54,0,131,79,25.91,1,20,0,67,3,0,0,8766,0,3652.5,1
2481657,56,0,125,83,24.48,0,0,1,65,3,0,0,8766,0,3652.5,1
2487380,67,0,201,93,30.04,0,0,1,75,1,0,0,5901,0,3652.5,1
2491412,55,1,120.5,84,25.05,1,35,0,80,1,0,0,5958,0,3652.5,1
2493414,59,0,145,90,23.94,0,0,0,78,3,0,0,6633,0,3652.5,1
2493677,49,0,144,86,25.57,1,30,0,82,2,0,0,8766,0,3652.5,1
2493927,54,0,127,70,23.48,0,0,0,92,2,0,0,8766,0,3652.5,1
2494324,45,1,122.5,82.5,27.55,0,0,0,74,2,0,0,3025,0,3025,0
2496396,55,0,131,81,22.69,1,10,0,75,1,0,1,4850,0,3652.5,1
2498269,46,0,118,79,26.61,0,0,0,85,2,0,0,8766,0,3652.5,1
2501936,40,0,112.5,76.5,27.22,1,10,0,75,2,0,0,8766,0,3652.5,1
2502331,44,1,135,91,27.23,1,4,0,70,4,0,0,8766,0,3652.5,1
2509002,40,0,118,78,23.48,1,9,0,85,1,0,0,8766,0,3652.5,1
2509405,37,0,123,75,26.72,0,0,0,90,1,0,0,8766,0,3652.5,1
2509916,47,1,112,66,24.58,1,30,0,70,1,0,0,1368,0,1368,0
2510482,47,1,137,87,24.5,1,15,0,80,2,0,0,5252,0,3652.5,1
2511641,43,1,114,81,25.68,1,40,0,70,4,0,1,2231,1,2231,0
2523214,53,0,137,76,25.46,0,0,0,85,1,0,0,8766,0,3652.5,1
2528587,51,1,125,71,21.19,1,20,0,77,1,0,0,3571,0,3571,0
2532444,52,0,113.5,66.5,19.47,1,10,0,85,1,0,0,8766,0,3652.5,1
2535907,52,1,113,76.5,27.22,0,0,0,72,1,0,0,8766,0,3652.5,1
2539711,50,1,114,78,26.26,0,0,0,79,4,0,1,2415,1,2415,0
2543722,37,0,110,72.5,24.89,1,5,0,67,1,0,1,8161,0,3652.5,1
2546461,50,0,125,87,21.67,0,0,0,75,4,0,0,8766,0,3652.5,1
2552780,38,0,101,68,27.47,0,0,0,85,3,0,0,6049,0,3652.5,1
2558501,43,1,131,87,23.31,1,9,0,80,2,0,0,8766,0,3652.5,1
2560765,60,0,149,73,25.96,1,20,0,80,4,0,0,8766,0,3652.5,1
2563170,57,1,162,108,32.65,0,0,,85,4,0,0,8766,0,3652.5,1
2564000,35,0,127.5,80,23.08,0,0,0,95,3,0,0,8766,0,3652.5,1
2564183,53,1,137,99,25.77,1,9,0,83,2,0,0,8766,0,3652.5,1
2565849,42,0,105,65,23.8,1,20,0,69,1,0,0,8766,0,3652.5,1
2570127,61,1,130,77.5,26.18,0,0,0,63,1,0,0,5861,0,3652.5,1
2571811,40,0,145,90,20.33,0,0,0,82,3,0,0,8766,0,3652.5,1
2573848,59,0,148.5,90,25.85,0,0,1,65,2,0,0,8766,0,3652.5,1
2577634,52,0,159.5,94,28.27,0,0,0,78,2,0,1,701,1,701,0
2581913,63,0,143.5,89,26.45,0,0,0,69,3,0,0,8766,0,3652.5,1
2583661,66,0,140,80,26.69,0,0,0,69,2,0,0,8766,0,3652.5,1
2585324,53,1,119,75,26.28,1,43,0,82,2,0,0,8766,0,3652.5,1
2585327,42,1,169,96,32.4,1,30,0,90,1,0,0,8766,0,3652.5,1
2586103,39,0,105.5,64.5,25.83,1,1,0,72,1,0,0,8766,0,3652.5,1
2589087,58,1,127.5,79.5,26.37,1,15,0,78,1,0,0,8766,0,3652.5,1
2593250,55,0,113,82,24.99,0,0,0,68,4,0,0,7611,0,3652.5,1
2597896,65,1,140,82.5,21.24,1,20,0,98,1,0,0,5685,0,3652.5,1
2599999,56,0,114,71,24.81,0,0,0,78,3,0,0,8766,0,3652.5,1
2603578,54,1,101,72,28.35,1,9,0,69,1,0,1,6224,0,3652.5,1
2605055,67,0,120,67,32.77,1,6,,86,1,0,0,7539,0,3652.5,1
2614991,64,1,133,72.5,24.28,0,0,0,65,4,0,1,8014,0,3652.5,1
2615709,44,0,138,92,23.13,0,0,0,70,2,0,0,8766,0,3652.5,1
2616460,46,0,173,102,27.22,0,0,0,85,3,0,0,8766,0,3652.5,1
2621009,40,1,112.5,64.5,22.85,1,30,0,69,1,0,0,6808,0,3652.5,1
2621212,42,0,109,74,24.38,1,10,0,88,3,0,0,8766,0,3652.5,1
2622022,63,0,189,103,27.91,1,10,0,60,3,0,0,7256,0,3652.5,1
2622668,47,0,154.5,103.5,27.12,0,0,0,79,,0,0,5600,0,3652.5,1
2623685,61,0,141.5,88.5,23.95,0,0,0,86,1,0,0,4820,0,3652.5,1
2626923,52,0,159,64,24.56,0,0,0,58,2,0,0,2285,0,2285,0
2627155,51,0,146,77,23.58,0,0,0,87,2,0,0,8766,0,3652.5,1
2629984,64,0,140,84,34.56,0,0,0,83,2,0,0,5229,0,3652.5,1
2631894,64,0,122,87.5,24.77,0,0,0,95,1,0,0,8766,0,3652.5,1
2637391,40,1,130,80,23.9,1,30,0,66,2,0,0,5272,0,3652.5,1
2637924,44,0,125,80.5,24.58,1,30,0,64,2,0,1,8294,0,3652.5,1
2640525,45,0,132,79,24.53,1,20,0,68,4,0,0,8766,0,3652.5,1
2643586,59,1,93.5,69,27.25,1,20,0,68,,0,0,8766,0,3652.5,1
2643839,44,1,144,99,25.16,1,35,0,68,2,0,0,4154,0,3652.5,1
2644027,50,1,133,88,28.5,1,30,0,75,2,0,1,6184,0,3652.5,1
2645533,56,1,147,96,30.42,0,0,0,72,1,0,1,4020,0,3652.5,1
2645802,53,0,125,80,24.96,0,0,0,72,3,0,0,1154,0,1154,0
2647502,63,0,156,90,25.92,0,0,0,64,3,0,0,8766,0,3652.5,1
2650858,57,0,174,112,22.73,0,0,0,63,1,0,0,4792,0,3652.5,1
2656361,64,0,150,84,25.98,0,0,0,60,3,0,0,8766,0,3652.5,1
2657714,57,1,140,88,24.71,1,30,0,80,1,0,0,8766,0,3652.5,1
2657827,55,1,129,82,27.63,1,25,0,88,1,0,1,4499,0,3652.5,1
2660537,55,0,130,84,29.66,0,0,0,76,3,0,0,8766,0,3652.5,1
2661435,41,1,100,60,29.69,1,30,0,60,2,0,0,8766,0,3652.5,1
2661453,46,0,113,68,23.35,1,10,0,70,1,0,0,8766,0,3652.5,1
2664287,38,0,128,84.5,33.49,0,0,0,75,2,0,0,8766,0,3652.5,1
2665868,56,0,145,77,26.67,0,0,0,73,2,0,0,8766,0,3652.5,1
2667480,67,0,172,84,19.81,1,1,0,70,3,0,0,5616,0,3652.5,1
2668366,45,0,167,107,25.56,0,0,0,82,2,0,0,8766,0,3652.5,1
2668575,64,0,148,85,,1,3,0,90,2,0,0,3032,0,3032,0
2671885,50,0,116,69,21.65,1,20,0,75,1,0,0,8766,0,3652.5,1
2676545,41,0,122,73,24.17,0,0,0,96,4,0,0,8766,0,3652.5,1
2676638,46,0,107.5,65,24.1,1,5,0,82,3,0,0,8766,0,3652.5,1
2677110,60,0,144,91,24.96,0,0,0,70,3,0,0,4729,0,3652.5,1
2687392,41,0,119,73,24.22,1,3,0,72,2,0,0,8766,0,3652.5,1
2687577,47,0,126,75,,0,0,0,60,2,0,0,2143,0,2143,0
2692804,61,1,100,65,30.18,0,0,0,60,1,0,0,6692,0,3652.5,1
2693641,68,1,130,80,23.25,0,0,0,64,1,0,0,4470,0,3652.5,1
2696345,45,0,116,79,28.59,0,0,0,93,4,0,0,8766,0,3652.5,1
2698297,52,0,147,86,29.01,1,20,0,80,2,0,1,4616,0,3652.5,1
2703143,56,1,140,90,29.47,0,0,0,58,2,0,0,6986,0,3652.5,1
2703335,53,0,114,81,26.21,0,0,0,70,4,0,0,8766,0,3652.5,1
2703882,51,0,153.5,103.5,23.45,0,0,0,70,3,0,0,8766,0,3652.5,1
2709633,47,1,126,86,26.84,1,20,0,80,2,0,0,8766,0,3652.5,1
2712119,67,1,138,76,22.81,0,0,0,65,1,0,0,6877,0,3652.5,1
2715633,49,1,175,107.5,25.97,0,0,0,63,3,0,0,8766,0,3652.5,1
2716396,53,0,102,68,23.01,0,0,0,60,3,0,0,8766,0,3652.5,1
2717522,36,0,123,69,18.98,0,0,0,79,3,0,0,8766,0,3652.5,1
2720671,62,0,165,91,26.97,0,0,0,80,2,0,0,4050,0,3652.5,1
2723598,58,0,132.5,82,19.09,0,0,0,59,2,0,0,8766,0,3652.5,1
2730043,36,1,135,94.5,36.52,1,20,0,65,2,0,0,8766,0,3652.5,1
2730205,55,0,155,90,26.27,0,0,,68,1,0,1,5432,0,3652.5,1
2732552,45,1,131,84,28.58,1,15,0,85,1,0,0,8766,0,3652.5,1
2734363,44,1,107,73,24.36,1,4,0,60,,0,0,8766,0,3652.5,1
2738541,47,0,145,87.5,22.01,0,0,0,58,4,0,0,8766,0,3652.5,1
2743325,54,1,128,80,27.3,1,15,0,68,4,0,0,8766,0,3652.5,1
2745297,38,1,130,94,23.9,1,43,0,110,2,0,0,5145,0,3652.5,1
2745767,57,0,184,106,38.88,0,0,0,66,1,0,0,8705,0,3652.5,1
2748984,64,0,135,80,25.23,1,3,0,103,2,0,1,5962,0,3652.5,1
2749570,46,1,118,76.5,23.48,0,0,0,75,1,0,0,8766,0,3652.5,1
2749708,49,1,160.5,109,28.33,0,0,0,70,3,0,1,1883,1,1883,0
2750290,50,1,114,64,22.32,1,20,0,85,1,0,0,5722,0,3652.5,1
2751674,63,0,177,96,32.51,0,0,0,90,3,0,0,3510,0,3510,0
2754554,48,0,243,142.5,28.49,0,0,0,85,1,0,0,8766,0,3652.5,1
2754801,58,0,117,79,21.09,1,15,0,92,1,0,1,6753,0,3652.5,1
2754805,60,1,178,103,24.62,1,20,0,72,2,0,0,4714,0,3652.5,1
2767030,41,0,139,80,19.68,1,15,0,72,1,0,0,8766,0,3652.5,1
2771871,64,0,127,77,30.39,0,0,0,56,1,0,0,8766,0,3652.5,1
2772792,62,0,184,90,26.03,0,0,0,70,1,0,0,8766,0,3652.5,1
2774765,62,1,145.5,87.5,23.88,1,20,0,81,1,0,1,276,1,276,0
2781541,66,0,133,87,30.06,1,3,0,68,1,0,0,7654,0,3652.5,1
2783846,59,0,187.5,85.5,25.33,0,0,1,75,1,0,0,8766,0,3652.5,1
2791907,36,0,119,76,21.67,1,10,0,67,4,0,0,8766,0,3652.5,1
2794100,40,1,125,86,30.07,1,10,0,80,1,0,0,8766,0,3652.5,1
2804924,53,1,165,96,24.45,1,20,0,100,1,0,0,8766,0,3652.5,1
2806238,49,0,138,92,28.23,0,0,0,72,1,0,0,8766,0,3652.5,1
2808533,47,0,134,81,21.4,1,20,0,85,1,0,0,8766,0,3652.5,1
2813745,64,1,178,106,24.68,1,30,0,100,1,0,0,6418,0,3652.5,1
2814416,46,1,138,105,26.97,0,0,0,98,3,0,0,8766,0,3652.5,1
2823814,58,0,123,85.5,24.49,0,0,0,68,2,0,0,8766,0,3652.5,1
2825320,66,0,151,91,30.86,0,0,,78,1,0,0,6210,0,3652.5,1
2831709,41,0,110,69,25.99,0,0,0,75,4,0,0,8766,0,3652.5,1
2833013,40,0,122,82,22.16,1,15,0,85,1,0,0,8766,0,3652.5,1
2838795,42,0,119,76,32.52,1,20,0,64,3,0,0,8132,0,3652.5,1
2839665,52,1,110,78,33.03,0,0,0,65,1,0,0,8766,0,3652.5,1
2843928,42,1,142.5,85,35.45,0,0,0,62,4,0,0,6824,0,3652.5,1
2847870,49,0,155,85,23.06,0,0,0,70,1,0,0,8766,0,3652.5,1
2853270,52,0,111,81,22.35,1,1,0,70,1,0,0,8766,0,3652.5,1
2855887,58,0,138.5,87.5,22.91,0,0,0,73,1,0,0,8766,0,3652.5,1
2860222,46,1,150,88,26.82,0,0,0,75,3,0,1,5504,0,3652.5,1
2860770,40,0,116,75,18.52,0,0,0,80,2,0,0,6254,0,3652.5,1
2873576,35,1,99,67,22.39,1,15,0,57,1,0,0,8766,0,3652.5,1
2878281,42,0,115,77,28.68,0,0,0,66,1,0,0,8766,0,3652.5,1
2878759,58,1,181,90,24.49,0,0,0,75,1,0,0,8490,0,3652.5,1
2879132,43,0,115,75,27.99,0,0,0,80,3,0,0,8766,0,3652.5,1
2880105,44,1,174,110,31.74,0,0,0,75,2,0,0,8766,0,3652.5,1
2881696,38,0,96,61,24.19,1,10,0,60,2,0,0,8766,0,3652.5,1
2882787,39,0,122,72,21.3,1,20,0,85,2,0,0,8766,0,3652.5,1
2882840,41,1,120.5,85.5,30.85,0,0,0,100,1,0,0,8766,0,3652.5,1
2887939,40,1,127,82,27.04,0,0,0,60,1,0,0,6182,0,3652.5,1
2888042,38,0,102.5,67.5,21.16,1,9,0,90,2,0,0,8766,0,3652.5,1
2889180,57,1,158,104,30.93,0,0,0,73,,0,0,8766,0,3652.5,1
2893848,41,0,130,80,25.25,1,3,0,75,2,0,0,8404,0,3652.5,1
2895351,42,0,124,81,21.5,1,15,0,80,2,0,0,8766,0,3652.5,1
2897723,58,1,180,109.5,26.04,1,30,0,75,1,0,1,26,1,26,0
2907737,42,1,112,74.5,23.37,0,0,0,58,4,0,0,8766,0,3652.5,1
2909148,47,0,133.5,76,25.77,1,3,0,75,4,0,0,8766,0,3652.5,1
2913553,59,1,100.5,66,25.18,0,0,0,44,1,0,0,8766,0,3652.5,1
2915311,45,0,104.5,71,31.35,0,0,0,55,3,0,0,8766,0,3652.5,1
2915807,55,1,120,86,26.77,1,20,0,55,1,0,0,8766,0,3652.5,1
2916402,68,1,124,70,22.85,0,0,0,70,1,0,0,6316,0,3652.5,1
2922688,61,1,156,92,24.69,1,20,0,75,1,0,0,8549,0,3652.5,1
2924328,36,0,156.5,105,33.82,0,0,0,95,2,0,0,8766,0,3652.5,1
2925279,41,1,124,83,27.02,0,0,0,75,,0,0,8766,0,3652.5,1
2927619,45,0,140,88,21.44,1,9,0,70,3,0,0,8766,0,3652.5,1
2927695,51,1,128,69,27.57,1,20,0,80,1,0,1,2071,1,2071,0
2927975,45,1,119,84,28.25,0,0,0,58,1,0,0,8766,0,3652.5,1
2928737,35,0,130,68,25.94,0,0,0,75,2,0,0,8766,0,3652.5,1
2929550,49,0,118,78,21.18,0,0,0,70,3,0,0,8766,0,3652.5,1
2930353,50,0,156,90,24.24,1,10,0,75,2,0,0,8766,0,3652.5,1
2932477,40,1,148,100,32.84,0,0,0,85,2,0,0,8766,0,3652.5,1
2937791,43,0,113,77,29.34,1,2,0,100,2,0,0,8766,0,3652.5,1
2937823,49,0,159,88,20.66,1,9,0,76,1,0,0,6124,0,3652.5,1
2938080,47,1,127,93,30.7,1,15,0,82,3,0,0,8766,0,3652.5,1
2942339,45,0,112.5,77.5,25.97,0,0,0,75,1,0,0,8766,0,3652.5,1
2945687,58,0,143,101,31.34,0,0,0,85,2,0,0,8707,0,3652.5,1
2947375,38,1,125,92,24.72,0,0,0,60,3,0,0,8766,0,3652.5,1
2954907,50,1,126,88,26.73,0,0,0,80,,0,0,2395,0,2395,0
2957503,47,0,122,70,23.48,1,15,0,83,1,0,0,8766,0,3652.5,1
2963281,60,1,129,89,22.16,0,0,0,65,2,0,0,8766,0,3652.5,1
2963619,45,0,108.5,71.5,25.74,0,0,0,72,3,0,0,8766,0,3652.5,1
2964133,58,1,162,99,28.3,1,20,0,60,4,0,1,7895,0,3652.5,1
2964471,63,1,135.5,80,28.78,0,0,0,60,1,0,1,7916,0,3652.5,1
2966062,43,0,132,88,28.59,0,0,0,80,,0,0,8766,0,3652.5,1
2967673,52,1,144,85,27.66,0,0,0,78,1,0,0,7212,0,3652.5,1
2968104,47,0,123,71,26.98,0,0,0,83,1,0,0,8766,0,3652.5,1
2969220,46,0,128,76,28.87,1,20,1,80,3,0,0,8766,0,3652.5,1
2969671,49,0,126.5,67.5,26.56,0,0,0,70,1,0,0,8766,0,3652.5,1
2970423,36,1,131.5,89,26.33,0,0,0,100,2,0,0,8766,0,3652.5,1
2973728,58,1,120,74,20.12,1,13,0,75,1,0,0,4635,0,3652.5,1
2973886,58,1,143,104,29.85,0,0,0,75,1,0,0,1433,0,1433,0
2976528,46,0,128,74,23.01,0,0,0,95,3,0,0,8766,0,3652.5,1
2976595,61,1,160,96,28.89,0,0,0,75,1,0,1,6899,0,3652.5,1
2981548,59,0,122,74,24.66,1,9,0,78,1,0,0,8766,0,3652.5,1
2983670,40,0,97,63,26.56,0,0,0,83,2,0,0,8766,0,3652.5,1
2984794,54,0,146,95,23.66,0,0,0,72,1,0,0,8766,0,3652.5,1
2985434,56,0,155,102,24.38,0,0,0,81,3,0,0,8766,0,3652.5,1
2989539,45,1,128,90,32.15,0,0,0,80,1,0,0,8766,0,3652.5,1
2993160,51,0,114,85,28.68,0,0,0,72,2,0,0,8734,0,3652.5,1
2993415,53,0,136.5,94.5,25.51,1,3,0,100,1,0,0,8766,0,3652.5,1
2994596,59,0,175,95,29.69,1,20,0,95,1,0,0,8766,0,3652.5,1
2995274,40,1,125,94,29.29,1,30,0,73,1,0,0,5194,0,3652.5,1
2995911,53,1,121,85.5,28.52,1,30,0,80,1,0,0,8766,0,3652.5,1
2996656,64,1,116,77,22.48,1,20,0,72,1,0,0,4359,0,3652.5,1
3004540,48,1,117.5,80,26.18,1,40,0,60,2,0,0,8766,0,3652.5,1
3005082,41,0,108,64,23.63,0,0,0,72,2,0,0,8766,0,3652.5,1
3005675,43,1,132.5,87.5,32.02,0,0,0,63,2,0,0,8766,0,3652.5,1
3006414,56,1,108,70,22.92,1,15,0,75,1,0,0,8766,0,3652.5,1
3010148,41,1,114.5,80,22.53,1,15,,72,1,0,0,8766,0,3652.5,1
3017202,40,0,108.5,75,28.3,0,0,0,60,2,0,0,8766,0,3652.5,1
3020384,65,0,185.5,97.5,38.38,0,0,0,72,,0,0,2562,0,2562,0
3021905,45,0,110,70,20.24,0,0,0,80,2,0,0,8766,0,3652.5,1
3026761,53,0,125,76,30.24,0,0,0,86,,0,0,6554,0,3652.5,1
3029122,60,0,140,85,28.41,0,0,0,80,1,0,0,6944,0,3652.5,1
3037307,40,0,110,73,21.84,1,15,0,88,4,0,0,8766,0,3652.5,1
3039283,55,0,103,61,23.18,1,3,0,68,3,0,0,1395,0,1395,0
3042240,42,1,122.5,80,25.54,1,,0,90,3,0,0,8766,0,3652.5,1
3044048,47,1,115,81,22.41,0,0,0,50,1,0,0,8766,0,3652.5,1
3045153,50,0,163,105,31.37,0,0,0,89,1,0,0,8766,0,3652.5,1
3048668,45,0,95,58,21.68,1,15,0,75,2,0,0,8766,0,3652.5,1
3051526,39,1,134,90,35.11,1,20,0,69,2,0,0,8766,0,3652.5,1
3053543,55,0,138,87,25.33,1,20,0,95,2,0,1,2493,1,2493,0
3054013,40,1,173,59,27.99,0,0,0,70,1,0,0,1103,0,1103,0
3059649,52,1,148,99,26.73,1,30,0,75,2,0,0,4975,0,3652.5,1
3059837,50,1,131,87,26.54,0,0,0,90,1,0,0,8766,0,3652.5,1
3060565,43,0,111,82,23.22,1,10,,75,3,0,0,8766,0,3652.5,1
3060687,63,0,172.5,98,26.47,0,0,0,87,1,0,0,7014,0,3652.5,1
3065845,55,1,174,100,26.83,0,0,0,71,1,0,0,6647,0,3652.5,1
3067328,46,1,125,89,24.8,1,43,0,100,2,0,0,8766,0,3652.5,1
3069369,62,1,126,82,21.18,0,0,0,69,1,0,0,8214,0,3652.5,1
3069590,41,1,120,72.5,26.36,1,20,0,73,2,0,0,8766,0,3652.5,1
3071444,38,1,137,75,20.55,1,15,0,100,2,0,1,7938,0,3652.5,1
3072226,59,1,164,81,29.76,1,20,0,80,1,0,0,8766,0,3652.5,1
3073583,34,0,121,74,20.82,0,0,0,67,2,0,0,8766,0,3652.5,1
3076234,50,1,132,87,25.9,1,15,0,75,4,0,0,8766,0,3652.5,1
3087981,59,1,115,70,24.79,1,20,0,84,1,0,0,8766,0,3652.5,1
3088755,44,1,128,87,26.02,1,30,0,70,1,0,1,4855,0,3652.5,1
3091647,33,0,108,67,19.84,0,0,0,86,1,0,0,8766,0,3652.5,1
3093926,64,1,144,76,31.23,0,0,0,62,,0,0,5399,0,3652.5,1
3096842,60,1,114,70,23.56,0,0,0,75,1,0,0,5816,0,3652.5,1
3098706,55,0,136,70,34.4,0,0,0,75,1,0,0,8766,0,3652.5,1
3099355,52,0,129,80,28.06,0,0,0,90,1,0,0,8766,0,3652.5,1
3100770,50,1,127.5,85,27.82,1,40,0,80,2,0,0,8766,0,3652.5,1
3107445,35,0,106,78,24.73,1,5,0,60,2,0,0,8766,0,3652.5,1
3111833,57,0,127,81,21.85,0,0,0,75,2,0,0,8766,0,3652.5,1
3111937,60,0,126,70,25.13,0,0,0,60,1,0,0,4677,0,3652.5,1
3119969,53,0,154,98,26.91,1,20,0,80,1,0,0,8766,0,3652.5,1
3126109,43,1,130,86,24.96,1,38,0,75,2,0,0,8766,0,3652.5,1
3126883,56,1,124,78,26.67,1,20,0,60,1,0,0,8766,0,3652.5,1
3128602,36,0,112.5,73.5,22.36,0,0,0,63,3,0,0,8766,0,3652.5,1
3129164,38,1,135,90,32.19,0,0,0,67,2,0,0,8766,0,3652.5,1
3132634,59,0,139,84,22.7,1,1,0,63,2,0,1,7326,0,3652.5,1
3134483,49,1,140,108,27.66,0,0,0,82,2,0,0,8766,0,3652.5,1
3135040,49,0,133.5,87.5,29.45,0,0,0,83,1,0,0,8766,0,3652.5,1
3135646,42,0,122,76,21.26,1,5,0,85,3,0,0,8766,0,3652.5,1
3135965,35,1,120,84,24.69,1,10,0,75,4,0,0,8766,0,3652.5,1
3137748,38,0,113,80,24.56,0,0,0,100,2,0,0,8766,0,3652.5,1
3140057,62,1,114,72,25.65,0,0,0,62,1,0,0,8766,0,3652.5,1
3142445,44,1,128,94,23.51,1,20,0,72,1,0,0,8766,0,3652.5,1
3142600,43,0,130,80,22.71,0,0,0,65,2,0,0,8766,0,3652.5,1
3143248,39,0,151,94,31.48,0,0,0,80,2,0,0,8766,0,3652.5,1
3143975,39,0,124,83,22.91,0,0,0,66,3,0,0,8766,0,3652.5,1
3144352,46,0,115,82,28.92,0,0,0,93,1,0,0,8766,0,3652.5,1
3145326,52,1,120,77,32.27,1,15,0,80,1,0,0,8766,0,3652.5,1
3146823,48,0,102,66.5,28.9,1,25,0,100,1,0,1,1710,1,1710,0
3148157,52,1,121,73,21.85,1,25,0,70,1,0,0,2270,0,2270,0
3153272,57,1,127.5,80,29.38,1,20,0,80,1,0,0,3953,0,3652.5,1
3153667,44,0,111,79,27.29,1,25,0,95,4,0,0,8766,0,3652.5,1
3154275,57,0,112.5,70,23.08,1,5,0,73,3,0,0,8766,0,3652.5,1
3154467,49,0,103.5,66.5,24.17,0,0,0,75,1,0,0,8766,0,3652.5,1
3155718,42,0,142.5,97.5,29.94,0,0,0,75,2,0,0,8766,0,3652.5,1
3157591,58,0,195,117.5,23.35,1,,0,75,4,0,1,7455,0,3652.5,1
3160641,42,1,110,73,27.67,0,0,0,65,4,0,0,8766,0,3652.5,1
3161095,64,1,114,73,34.53,1,30,0,75,1,0,0,7015,0,3652.5,1
3162061,49,0,123,80,23.1,1,10,0,63,3,0,0,8766,0,3652.5,1
3162880,59,0,114,84,27.39,0,0,0,68,3,0,0,8766,0,3652.5,1
3162912,37,1,124,83,30.93,1,30,0,60,2,0,0,8766,0,3652.5,1
3162914,33,1,141.5,95,26.74,0,0,0,54,2,0,0,8766,0,3652.5,1
3162976,54,0,111,81,25.43,1,20,0,70,1,0,0,8766,0,3652.5,1
3166424,38,1,119,73,30.27,0,0,0,68,1,0,0,8766,0,3652.5,1
3166558,40,1,115,83,25.05,0,0,0,75,1,0,0,8766,0,3652.5,1
3170873,66,1,163,86,24.35,0,0,0,70,1,0,0,3763,0,3652.5,1
3170907,64,1,120,68,24.77,0,0,0,80,2,0,0,6660,0,3652.5,1
3172030,39,0,126,71,27.73,0,0,0,73,2,0,0,8766,0,3652.5,1
3173592,47,1,145,89,28.88,1,50,0,82,2,0,0,8766,0,3652.5,1
3176103,44,1,141,104,27.38,1,15,0,75,1,0,0,8766,0,3652.5,1
3177634,39,0,137,81,19.57,1,20,0,80,2,0,0,3619,0,3619,0
3187190,55,1,127,76,22.24,1,40,0,90,1,0,0,2990,0,2990,0
3188310,41,0,144,88,24.16,1,20,0,95,2,0,0,4890,0,3652.5,1
3188460,56,0,138,87,30.73,0,0,0,60,1,0,0,8766,0,3652.5,1
3188462,65,0,149.5,78,25.37,0,0,0,70,4,0,0,8766,0,3652.5,1
3188956,53,0,146,89,25.5,0,0,0,73,2,0,0,8766,0,3652.5,1
3189130,55,1,126,88,26.77,0,0,0,68,2,0,0,8766,0,3652.5,1
3189746,42,0,101,70,21.74,0,0,0,94,1,0,0,8766,0,3652.5,1
3189947,45,1,133,83,20.41,1,20,0,55,2,0,0,2503,0,2503,0
3190392,55,0,140,83,26.18,0,0,0,75,2,0,0,8766,0,3652.5,1
3192979,53,1,128,77,24.74,1,20,0,60,2,0,0,8766,0,3652.5,1
3194628,62,1,106,67.5,23.88,1,30,0,60,1,0,0,8744,0,3652.5,1
3198395,54,1,113.5,74,25.63,0,0,0,70,1,0,0,8319,0,3652.5,1
3200133,61,0,123,79,26.07,0,0,0,81,,0,1,5157,0,3652.5,1
3201221,43,0,138,88,22.53,0,0,0,70,2,0,0,8766,0,3652.5,1
3205194,43,0,127,88,33.17,0,0,1,85,2,0,0,8766,0,3652.5,1
3205466,49,1,135,76,29.03,1,20,0,82,2,0,1,2911,1,2911,0
3209251,66,0,138,86,20.74,0,0,0,75,2,0,0,1462,0,1462,0
3210023,42,1,127.5,89,29.84,1,30,0,79,,0,0,8766,0,3652.5,1
3211844,64,0,182.5,88,20.52,1,8,0,75,1,0,1,4870,0,3652.5,1
3214048,43,0,109,73,22.87,1,20,0,90,3,0,0,8766,0,3652.5,1
3214345,42,0,132,86,20.53,1,20,0,80,3,0,0,8766,0,3652.5,1
3215366,46,1,172.5,116.5,27.18,0,0,0,70,3,0,1,6057,0,3652.5,1
3218268,43,1,121,79,24.01,0,0,0,85,4,0,0,8766,0,3652.5,1
3218773,53,0,126,73,27.6,0,0,0,75,1,0,0,8766,0,3652.5,1
3222491,50,1,112,82,24.39,1,25,0,66,3,0,0,8766,0,3652.5,1
3223147,46,0,121,81,23.05,1,10,0,75,3,0,0,8766,0,3652.5,1
3223966,51,0,134,87,29.36,0,0,1,75,2,0,1,3459,1,3459,0
3226447,67,0,154,90,28.56,1,20,0,72,2,0,0,2112,0,2112,0
3231510,51,1,125,85,29.43,1,10,0,56,4,0,0,4895,0,3652.5,1
3235346,45,0,109,72,33.65,1,20,0,75,2,0,0,7307,0,3652.5,1
3236218,44,1,105,70,21.01,1,10,0,58,1,0,0,8766,0,3652.5,1
3236495,47,1,123,87,21.97,0,0,0,80,,0,0,8766,0,3652.5,1
3237319,42,0,131,85,25.08,1,15,0,72,1,0,0,8766,0,3652.5,1
3237403,44,1,115,76,24.16,1,23,0,80,3,0,0,8766,0,3652.5,1
3237676,48,0,149,100,30.91,0,0,0,78,2,0,0,7817,0,3652.5,1
3239730,36,1,123,78,22.05,1,15,0,67,4,0,0,8766,0,3652.5,1
3239780,63,1,149,90,33.49,1,20,0,82,1,0,1,6700,0,3652.5,1
3243402,43,0,116,74,22.65,1,10,0,90,1,0,0,8766,0,3652.5,1
3243477,36,1,122.5,82.5,28.53,0,0,0,82,4,0,0,8766,0,3652.5,1
3250443,65,0,162,98,24.5,0,0,0,70,1,0,0,7899,0,3652.5,1
3251202,48,0,129,86,25.04,1,3,0,80,3,0,0,8766,0,3652.5,1
3257963,63,0,144,90,21.35,0,0,0,70,2,0,0,8766,0,3652.5,1
3259824,40,1,137,85,35.2,1,20,0,66,4,0,0,8766,0,3652.5,1
3266358,40,0,122,94,29.86,0,0,0,87,2,0,0,8766,0,3652.5,1
3266929,42,0,113,79,21.31,0,0,0,70,1,0,0,2965,0,2965,0
3267132,43,1,130,83.5,19.84,1,20,0,63,2,0,0,8618,0,3652.5,1
3270633,63,0,143,87,23.64,0,0,0,75,2,0,0,8766,0,3652.5,1
3279268,36,1,133,88,26.78,0,0,0,58,4,0,0,8766,0,3652.5,1
3282412,36,0,114.5,72,24.11,0,0,0,85,3,0,0,8766,0,3652.5,1
3283408,46,0,100,64,20.66,1,20,0,75,2,0,0,8766,0,3652.5,1
3284000,39,1,115,77,24.01,1,40,0,65,1,0,0,8766,0,3652.5,1
3285032,39,0,142,85.5,24.89,1,15,0,100,1,0,0,8766,0,3652.5,1
3285473,51,0,142,88,19.05,1,15,0,80,1,0,0,8766,0,3652.5,1
3287574,48,1,139,86,20.27,1,30,0,66,1,0,0,759,0,759,0
3288545,57,0,131,85,26.59,0,0,0,70,3,0,0,8766,0,3652.5,1
3288765,41,1,146,86,24.5,1,20,0,80,2,0,0,8766,0,3652.5,1
3292286,42,1,123,87,21.48,1,20,0,75,3,0,0,8766,0,3652.5,1
3292876,38,0,118,78,30.06,1,5,0,64,3,0,0,8766,0,3652.5,1
3299275,41,0,95,57,20,1,15,0,75,1,0,0,8332,0,3652.5,1
3300455,43,0,158.5,100.5,35.99,1,15,0,82,2,0,0,8766,0,3652.5,1
3304025,55,0,142,92,30.24,0,0,0,70,1,0,0,8766,0,3652.5,1
3306427,38,0,95,65,21.99,1,7,0,72,2,0,0,8766,0,3652.5,1
3310958,46,0,115,74,22.7,1,20,0,100,2,0,0,8766,0,3652.5,1
3316088,45,1,115,76,24.94,1,23,0,68,3,0,0,5878,0,3652.5,1
3316189,53,0,131,89,24.09,1,20,0,90,3,0,0,8766,0,3652.5,1
3316885,44,1,136,90,25.24,1,20,0,80,1,0,0,8766,0,3652.5,1
3321257,52,0,137,85,25.89,0,0,0,70,3,0,0,4492,0,3652.5,1
3325285,51,1,123,72,26.83,1,20,0,65,3,0,1,3640,1,3640,0
3325316,39,1,130,72,22.32,0,0,0,80,1,0,0,8766,0,3652.5,1
3326482,51,0,127.5,77.5,26.65,0,0,0,70,2,0,0,8766,0,3652.5,1
3335239,55,0,130,82,29.17,0,0,0,78,1,0,0,6028,0,3652.5,1
3336718,43,1,121,82,23.84,1,25,0,70,1,0,1,6678,0,3652.5,1
3338496,67,0,135,80,21.8,0,0,0,72,2,0,1,7289,0,3652.5,1
3340146,55,0,145,82,23.43,0,0,0,70,3,0,0,8766,0,3652.5,1
3340565,39,0,125,80,24.1,0,0,0,75,1,0,0,8766,0,3652.5,1
3344655,54,1,136.5,83,20.55,0,0,0,88,1,0,0,8766,0,3652.5,1
3346257,41,1,115,77.5,26.26,1,30,0,85,2,0,0,8766,0,3652.5,1
3347334,48,0,117,81,27.04,0,0,0,80,1,0,0,8766,0,3652.5,1
3347340,45,0,116,66,21.56,0,0,0,66,2,0,0,8766,0,3652.5,1
3347933,61,1,165,80,24.12,1,3,0,75,1,0,1,4723,0,3652.5,1
3348115,38,1,141,98,27.8,1,30,0,90,1,0,0,8766,0,3652.5,1
3348927,49,0,120,74,19.39,1,1,0,80,3,0,0,8766,0,3652.5,1
3351292,47,0,110,70,25.86,1,2,0,76,3,0,0,8766,0,3652.5,1
3351479,59,0,162.5,105,24.39,0,0,0,75,1,0,0,6132,0,3652.5,1
3358380,60,0,114,64,24.57,0,0,0,82,1,0,0,8766,0,3652.5,1
3360095,48,0,153.5,95,26.35,1,20,0,100,2,0,0,8766,0,3652.5,1
3360297,37,1,127,80,27.22,1,30,0,85,1,0,0,4522,0,3652.5,1
3361395,48,0,115,69,25.48,0,0,0,90,2,0,0,8766,0,3652.5,1
3363127,54,1,110,72,26.05,1,,0,95,1,0,1,8404,0,3652.5,1
3363312,39,1,112,65,23.6,1,60,0,59,1,0,0,8766,0,3652.5,1
3363962,46,1,118,82,22.78,1,20,0,58,1,0,0,8766,0,3652.5,1
3365184,58,0,151,97.5,22.88,0,0,0,75,2,0,0,7567,0,3652.5,1
3365736,46,1,109,81,23.28,1,5,0,62,1,0,1,3624,1,3624,0
3366982,65,0,119,76,19.83,0,0,0,75,1,0,1,8561,0,3652.5,1
3373917,59,0,135,70,18.43,0,0,0,80,1,0,0,4392,0,3652.5,1
3379340,52,1,135,89,29.51,0,0,0,64,2,0,1,7476,0,3652.5,1
3391369,40,0,100,60,19.78,0,0,0,72,2,0,0,8766,0,3652.5,1
3391411,54,1,117.5,70.5,26.77,1,30,0,60,2,0,0,8766,0,3652.5,1
3391851,51,0,139,93,29.8,0,0,0,67,3,0,0,8766,0,3652.5,1
3394682,60,0,132,75.5,18.87,0,0,0,105,1,0,0,8766,0,3652.5,1
3395637,51,1,125.5,94,27.77,1,50,0,80,1,0,0,7026,0,3652.5,1
3396665,44,0,121,81,24.12,0,0,0,64,1,0,0,8766,0,3652.5,1
3397285,47,0,160,95,32.07,1,20,0,95,1,0,0,8766,0,3652.5,1
3397407,59,1,111,80,29.77,0,0,0,65,4,0,0,8766,0,3652.5,1
3398117,40,1,127,79,26.56,0,0,0,60,2,0,0,8766,0,3652.5,1
3400000,50,1,134,95,30.46,1,60,0,85,1,0,1,3776,0,3652.5,1
3402432,54,0,148,93,20.51,0,0,0,74,3,0,1,8374,0,3652.5,1
3402855,53,0,172.5,91,24.16,0,0,0,112,3,0,1,7930,0,3652.5,1
3404210,51,0,107.5,70,23.53,0,0,0,80,3,0,0,8766,0,3652.5,1
3404581,61,1,125,82,29.82,1,7,0,70,1,0,1,3789,0,3652.5,1
3404702,41,1,124,90,30.69,0,0,0,75,4,0,0,8766,0,3652.5,1
3405597,47,0,156,96,27.86,0,0,0,80,1,0,0,8766,0,3652.5,1
3409643,46,0,128,71,21.82,1,3,0,63,2,0,0,8766,0,3652.5,1
3415785,60,0,132,94,25.38,0,0,0,80,2,0,1,2208,1,2208,0
3417166,49,0,137.5,92,24.46,0,0,0,80,2,0,0,8766,0,3652.5,1
3420485,57,0,155,85,26.08,0,0,1,55,,0,0,7337,0,3652.5,1
3420713,45,0,137,92.5,30.35,0,0,0,90,1,0,0,3622,0,3622,0
3422956,39,0,115,70,25.73,0,0,0,70,3,0,0,8766,0,3652.5,1
3424170,61,1,131.5,85,27.33,0,0,0,80,1,0,0,8766,0,3652.5,1
3424531,40,0,117.5,72,21.12,0,0,0,70,2,0,0,8766,0,3652.5,1
3425708,55,1,129,78,26.36,0,0,0,69,1,0,0,8766,0,3652.5,1
3426409,61,1,112,66.5,24.38,0,0,0,60,4,0,0,5876,0,3652.5,1
3429166,52,1,132,80,27.52,1,20,0,90,2,0,0,5905,0,3652.5,1
3429218,54,1,141,92,35.85,0,0,0,75,1,0,0,6024,0,3652.5,1
3430105,50,0,130.5,98,24.94,0,0,0,68,2,0,0,4700,0,3652.5,1
3430840,37,1,122.5,82.5,23.87,1,60,0,88,4,0,0,8635,0,3652.5,1
3434660,55,0,109,70,28.27,0,0,0,72,1,0,0,8630,0,3652.5,1
3435494,61,0,141,75,26.11,1,20,0,60,2,0,1,8359,0,3652.5,1
3437155,63,0,126,66,22.62,0,0,0,55,4,0,0,8766,0,3652.5,1
3444682,57,0,135,88,28.36,0,0,0,80,1,0,0,8766,0,3652.5,1
3448118,46,1,103,73,18,1,20,0,78,1,0,0,8766,0,3652.5,1
3448905,58,0,123,69,23.38,1,3,0,74,2,0,0,8766,0,3652.5,1
3449152,57,0,105,70,27.01,0,0,0,52,4,0,0,8766,0,3652.5,1
3449311,40,0,121,88,22.52,1,15,0,60,3,0,0,8766,0,3652.5,1
3460247,55,1,132.5,85.5,29.25,1,,0,70,1,0,1,8758,0,3652.5,1
3461321,43,0,122,70,23.09,1,20,0,67,3,0,0,8766,0,3652.5,1
3467182,46,0,127.5,87,23.29,0,0,0,70,2,0,0,8766,0,3652.5,1
3467516,52,1,100,68,18.65,1,20,0,70,1,0,0,8766,0,3652.5,1
3468448,52,0,126,85,26.36,0,0,0,72,3,0,0,8766,0,3652.5,1
3471138,64,1,129,61,21.85,0,0,0,68,2,0,1,7950,0,3652.5,1
3482450,62,1,111,63,22.68,0,0,0,75,1,0,1,6070,0,3652.5,1
3484086,42,0,142.5,79,25.15,0,0,0,82,3,0,0,8766,0,3652.5,1
3487251,47,0,122.5,77,22.18,1,20,0,90,4,0,0,8766,0,3652.5,1
3488605,38,1,118,80,31.22,1,20,0,95,3,0,0,5002,0,3652.5,1
3489404,52,1,143,94.5,26,0,0,0,50,1,0,1,5642,0,3652.5,1
3490044,42,1,112.5,80,29,1,20,0,60,1,0,0,8766,0,3652.5,1
3499488,39,1,107,73,23.98,1,20,0,73,4,0,0,8766,0,3652.5,1
3502977,51,0,142.5,93.5,33.66,0,0,0,65,2,0,0,8766,0,3652.5,1
3507909,38,0,125,85,23.05,0,0,0,72,2,0,0,8766,0,3652.5,1
3509321,63,0,146,78,16.92,0,0,0,65,1,0,0,8766,0,3652.5,1
3509766,41,0,143.5,90,26.22,0,0,0,70,2,0,0,8766,0,3652.5,1
3521148,58,1,129,82,26.33,1,20,0,72,2,0,0,4128,0,3652.5,1
3525320,47,0,132.5,85,20.05,1,43,0,72,1,0,0,8321,0,3652.5,1
3526682,36,1,121,66,20.86,0,0,0,74,4,0,0,8766,0,3652.5,1
3530154,56,0,112.5,60,22.69,0,0,0,75,3,0,0,8766,0,3652.5,1
3531571,47,0,129,81,22.18,1,9,0,70,2,0,0,3406,0,3406,0
3533441,49,1,142,108,23.19,1,20,0,95,2,0,0,8766,0,3652.5,1
3533652,41,0,199,106,38.75,1,43,0,100,1,0,0,8766,0,3652.5,1
3533973,57,0,140,93,22,1,20,1,108,3,0,0,1984,0,1984,0
3534318,51,1,134,92,30.39,1,10,0,85,4,0,0,8766,0,3652.5,1
3538831,40,0,112,80,26.13,0,0,0,93,2,0,0,8766,0,3652.5,1
3541037,37,0,125,96,27.17,0,0,0,75,4,0,0,8766,0,3652.5,1
3541188,44,0,179,107,44.55,0,0,0,70,2,0,0,8766,0,3652.5,1
3541454,36,0,125,85,21.34,1,25,0,95,3,0,0,8766,0,3652.5,1
3542563,61,0,179,100,21.64,0,0,0,78,2,0,0,8766,0,3652.5,1
3545337,51,0,101,67,22.73,1,15,0,69,3,0,0,8766,0,3652.5,1
3550314,43,0,104,57,20.86,1,20,0,75,2,0,0,8766,0,3652.5,1
3551565,48,0,112,71,17.11,0,0,0,73,1,0,0,8766,0,3652.5,1
3557440,37,0,104,66,20.84,0,0,0,70,4,0,0,8766,0,3652.5,1
3558408,44,1,138,92,28.32,1,20,0,63,2,0,0,7591,0,3652.5,1
3562544,54,0,130,85,20.55,0,0,0,72,1,0,0,8766,0,3652.5,1
3562642,54,1,120,72,25.13,1,29,0,77,3,0,0,8766,0,3652.5,1
3562735,59,0,124,72,19.34,0,0,0,80,4,0,0,8766,0,3652.5,1
3568482,44,0,133,69,22.34,1,9,0,70,1,0,0,8766,0,3652.5,1
3571349,48,0,109.5,74,26.73,0,0,0,68,3,0,0,8766,0,3652.5,1
3575569,45,0,108,81,25.68,0,0,0,75,4,0,0,8766,0,3652.5,1
3576454,53,0,129,80,26.51,1,40,0,78,1,0,0,8766,0,3652.5,1
3577659,53,1,112.5,70,22.74,1,20,0,63,2,0,0,8766,0,3652.5,1
3578830,46,1,118,82,29.41,1,10,0,66,3,0,0,8766,0,3652.5,1
3581198,63,0,186.5,97,30.47,0,0,0,60,2,0,1,6615,0,3652.5,1
3581419,52,1,131,99,31.19,0,0,0,96,3,0,0,7774,0,3652.5,1
3590789,42,1,116,83,21.68,1,20,0,90,1,0,0,8766,0,3652.5,1
3591162,48,0,138.5,87.5,25.1,0,0,0,64,1,0,0,8766,0,3652.5,1
3593187,48,1,120,72,22.01,1,20,0,72,4,0,0,8766,0,3652.5,1
3594337,42,0,138,91,20.02,0,0,0,90,4,0,0,8766,0,3652.5,1
3594945,59,0,127.5,85.5,22.91,0,0,0,78,1,0,0,8766,0,3652.5,1
3595130,40,1,145,100.5,27.34,0,0,0,95,4,0,1,8696,0,3652.5,1
3601318,45,0,150,90,22.35,1,20,1,65,2,0,0,8766,0,3652.5,1
3605308,38,1,120,80,25.17,1,9,0,80,1,0,0,8766,0,3652.5,1
3607939,46,0,117,78,22.15,1,20,0,72,1,0,0,8766,0,3652.5,1
3610848,67,1,155,90,30.42,1,15,0,70,1,1,1,473,1,473,0
3620834,53,0,164,102,24.5,1,1,0,75,4,0,0,8766,0,3652.5,1
3627787,38,0,122.5,76.5,24.51,1,12,0,90,2,0,0,8766,0,3652.5,1
3628123,43,0,96,62,19.38,0,0,0,74,2,0,0,8766,0,3652.5,1
3629206,59,1,170,103,31.6,0,0,1,66,1,0,0,6817,0,3652.5,1
3631810,61,0,173,89,29.25,0,0,0,90,1,0,1,5252,0,3652.5,1
3637041,52,1,134,80,29.77,1,20,0,72,4,0,0,8766,0,3652.5,1
3639190,53,0,186,101,28.9,0,0,0,80,2,0,0,8766,0,3652.5,1
3640954,67,1,154,106,26.71,0,0,0,85,1,0,0,3657,0,3652.5,1
3642079,37,0,102,65,20.68,0,0,0,89,3,0,0,8766,0,3652.5,1
3644143,54,0,160,94,29.4,0,0,0,75,1,0,0,8766,0,3652.5,1
3647049,54,1,103,73,21.03,0,0,0,60,1,0,1,5656,0,3652.5,1
3650041,55,1,115,84,26.08,0,0,0,88,2,0,1,4051,0,3652.5,1
3651708,58,1,144,90,24.9,1,30,,75,1,0,0,8766,0,3652.5,1
3652590,62,0,204,118,24.83,0,0,0,67,3,0,0,8036,0,3652.5,1
3655799,52,1,114,78,22.81,1,20,0,50,1,0,0,8766,0,3652.5,1
3655806,41,0,114,72,26.42,1,20,0,78,1,0,0,8766,0,3652.5,1
3656923,47,0,127.5,90,24.63,0,0,0,110,2,0,0,2980,0,2980,0
3661060,47,1,116,82,24.05,0,0,0,58,1,0,1,8454,0,3652.5,1
3661228,39,0,131.5,85,24.79,1,20,0,68,2,0,1,6925,0,3652.5,1
3661853,67,0,117,63,22.55,0,0,,75,2,0,0,8766,0,3652.5,1
3664003,64,0,114.5,65.5,19.34,0,0,0,64,4,0,0,7600,0,3652.5,1
3666241,39,0,98,62,23.68,1,40,0,70,2,0,0,8766,0,3652.5,1
3666623,46,0,158,94,25.17,1,20,0,78,2,0,0,8766,0,3652.5,1
3667685,51,0,130,80,23.24,0,0,0,60,1,0,0,8766,0,3652.5,1
3668998,38,0,123.5,84.5,25.33,1,30,0,77,2,0,0,8766,0,3652.5,1
3669573,61,1,120,80,25.71,1,15,0,80,2,0,0,6180,0,3652.5,1
3674857,40,1,111,95.5,29.42,0,0,0,70,3,0,0,8766,0,3652.5,1
3675126,42,0,106,70,20.77,1,20,0,68,1,0,0,8766,0,3652.5,1
3675483,52,0,112.5,75.5,22.69,0,0,0,90,3,0,0,8766,0,3652.5,1
3676172,36,1,118.5,84.5,24.04,1,20,0,78,2,0,1,2513,1,2513,0
3676949,40,1,112.5,70,22.71,1,20,0,75,2,0,0,8766,0,3652.5,1
3679248,63,0,140,93,28.69,0,0,0,60,1,0,0,8766,0,3652.5,1
3680039,55,0,139,90,29,1,20,0,87,2,0,0,5137,0,3652.5,1
3684022,42,0,110,65,23.64,0,0,0,53,4,0,0,8766,0,3652.5,1
3685290,55,1,217,112,29.6,1,20,0,63,1,0,1,1957,1,1957,0
3690191,39,0,196,116,29.7,1,30,0,73,3,0,1,1610,1,1610,0
3690752,57,0,130,75.5,25.99,0,0,0,96,2,0,0,8766,0,3652.5,1
3692216,60,0,146,89,32.41,0,0,0,68,1,0,0,3394,0,3394,0
3700836,53,1,123,83,19.94,0,0,0,75,1,0,0,7428,0,3652.5,1
3702632,39,0,114,77,21.01,1,3,0,80,3,0,0,8766,0,3652.5,1
3703116,40,0,135,75,,0,0,0,75,2,0,0,8766,0,3652.5,1
3705806,62,0,176,89,24.49,0,0,0,75,3,0,1,8657,0,3652.5,1
3708392,45,1,140,94,30.39,1,30,0,75,3,0,1,4791,0,3652.5,1
3712778,40,0,111,78,20.82,0,0,0,65,2,0,0,8766,0,3652.5,1
3714624,58,0,156.5,85,25.46,1,1,0,100,1,0,0,7974,0,3652.5,1
3715310,36,0,113,66.5,20.69,1,20,0,67,2,0,0,8766,0,3652.5,1
3716576,66,1,142,76,26.37,1,18,0,57,4,0,0,8690,0,3652.5,1
3717739,62,0,167,94,28.18,0,0,1,100,4,0,0,5458,0,3652.5,1
3718230,63,1,193,104,23.08,0,0,0,80,1,0,0,4576,0,3652.5,1
3719680,61,0,187,95.5,21.57,1,10,0,58,1,0,1,7773,0,3652.5,1
3720080,40,1,101,73,,1,20,0,70,,0,1,4607,0,3652.5,1
3722190,41,0,107.5,75,23.69,1,15,0,83,1,0,0,8766,0,3652.5,1
3723922,47,1,147,97,24.99,0,0,0,90,1,0,0,8766,0,3652.5,1
3724331,44,1,112.5,72.5,24.72,0,0,0,85,2,0,0,8766,0,3652.5,1
3724689,46,0,196,120,31.64,0,0,0,58,3,0,0,2984,0,2984,0
3726866,45,0,189,87,23.1,1,20,0,96,2,0,0,8766,0,3652.5,1
3729693,61,0,168,98,27.3,1,,0,103,1,0,0,8766,0,3652.5,1
3734010,43,0,130,85,29.56,0,0,0,80,2,0,0,8766,0,3652.5,1
3735787,46,0,126.5,85,19.03,0,0,0,80,2,0,0,8766,0,3652.5,1
3735990,52,1,136,76,24.49,0,0,0,52,2,0,0,8766,0,3652.5,1
3736667,64,0,196,119,35.22,0,0,0,100,2,0,1,5199,0,3652.5,1
3736668,49,0,112,79,21,0,0,0,60,2,0,0,8766,0,3652.5,1
3737221,41,0,121,83,23.04,0,0,,66,1,0,0,8766,0,3652.5,1
3743532,50,0,131,80,23.24,0,0,0,110,4,0,0,8766,0,3652.5,1
3746898,50,1,116,82,30.11,1,10,0,80,2,0,1,5437,0,3652.5,1
3748008,59,1,170,118,33.45,0,0,0,79,1,0,1,4860,0,3652.5,1
3752076,56,0,190,97,26.1,0,0,0,75,2,0,0,6283,0,3652.5,1
3754605,49,0,120,70.5,23.29,0,0,0,87,3,0,0,8766,0,3652.5,1
3757679,50,0,132,84.5,27.96,1,15,0,88,,0,0,8766,0,3652.5,1
3760109,46,1,125,88,24.81,1,5,0,72,1,0,0,8766,0,3652.5,1
3762702,70,0,143,93,,0,0,0,68,1,1,0,3076,0,3076,0
3774690,49,0,158,102,25.31,1,,0,90,2,0,0,8766,0,3652.5,1
3775177,41,1,104,73,23.7,0,0,0,68,2,0,0,3698,0,3652.5,1
3778846,46,0,107.5,70,22.72,0,0,0,47,2,0,0,8766,0,3652.5,1
3779108,50,0,114,68,23.2,1,9,0,90,1,0,0,8766,0,3652.5,1
3779141,44,0,125.5,82.5,25.13,0,0,0,79,1,0,0,8766,0,3652.5,1
3779940,57,1,117.5,80,25.41,0,0,0,65,1,0,0,6284,0,3652.5,1
3782327,58,0,161,100.5,21.51,0,0,0,75,2,0,1,8118,0,3652.5,1
3782412,41,1,114,79,25.63,1,40,0,60,2,0,0,8766,0,3652.5,1
3783341,43,0,110.5,66,24.09,0,0,0,67,4,0,0,8766,0,3652.5,1
3791921,36,1,132.5,82.5,21.27,1,20,0,70,2,0,0,8766,0,3652.5,1
3798136,52,1,122,81,27.61,1,2,0,90,1,0,0,8766,0,3652.5,1
3799876,44,1,130,85.5,26.98,0,0,0,60,4,0,0,8766,0,3652.5,1
3801878,36,0,121.5,72.5,23.09,1,5,0,75,3,0,0,8766,0,3652.5,1
3802121,38,1,129,85,31.61,1,43,0,68,2,0,0,7587,0,3652.5,1
3804450,54,0,151.5,96.5,30.29,1,5,0,64,1,0,0,8766,0,3652.5,1
3805708,39,1,122,82,26.04,1,20,0,58,1,0,1,6797,0,3652.5,1
3818739,40,0,116,78,27.72,0,0,0,62,,0,0,8766,0,3652.5,1
3819843,48,0,110,74,21.79,0,0,0,56,2,0,0,8766,0,3652.5,1
3821372,39,0,113.5,72.5,22.33,1,15,0,84,4,0,0,8766,0,3652.5,1
3821817,41,0,119,76,27.49,0,0,0,55,4,0,0,8766,0,3652.5,1
3822468,40,1,110,70,24.75,1,10,0,79,2,0,0,8766,0,3652.5,1
3824720,51,0,154,98,32.35,0,0,0,75,1,0,0,8766,0,3652.5,1
3826144,38,1,134,78,31.62,1,20,0,80,2,0,0,8766,0,3652.5,1
3828008,60,0,123,82,29.47,0,0,0,80,3,0,0,8766,0,3652.5,1
3830539,43,0,155.5,99.5,34.95,0,0,0,68,1,0,1,5596,0,3652.5,1
3830581,42,1,122,84,27.63,1,25,0,66,1,0,0,8766,0,3652.5,1
3831731,51,0,111.5,74,25.09,1,3,0,78,1,0,0,8766,0,3652.5,1
3832590,39,0,119,84,24.6,0,0,0,65,3,0,0,8766,0,3652.5,1
3836672,39,1,101,62,24.47,1,20,0,70,3,0,0,8766,0,3652.5,1
3837422,51,0,128,80,23.08,1,20,0,75,,0,0,8766,0,3652.5,1
3845278,46,0,131,80,25.46,0,0,0,72,1,0,0,8766,0,3652.5,1
3853780,40,0,130,86,25.05,1,5,0,80,2,0,0,7887,0,3652.5,1
3857953,41,1,127,86,20.72,1,20,0,73,2,0,0,8766,0,3652.5,1
3861741,56,1,126,83,25.67,0,0,0,75,4,0,1,6625,0,3652.5,1
3863651,47,0,143.5,109,32.43,0,0,0,76,3,0,0,8766,0,3652.5,1
3864483,56,1,159,91.5,27.12,1,7,0,70,1,0,0,6070,0,3652.5,1
3865637,44,0,121.5,69,23.72,1,20,0,75,1,0,0,8766,0,3652.5,1
3869469,54,0,139,75,25.82,1,5,0,72,1,0,0,5847,0,3652.5,1
3870382,63,0,155,81,31.71,0,0,0,64,1,0,0,8766,0,3652.5,1
3870666,53,0,115,61,25.96,0,0,0,80,1,0,0,8766,0,3652.5,1
3887335,50,1,124,78,24.33,1,30,0,72,2,0,0,8766,0,3652.5,1
3887770,44,0,109,71,23.75,1,20,0,70,3,0,0,7668,0,3652.5,1
3891834,56,0,145,100,30.14,1,3,0,80,1,0,0,8766,0,3652.5,1
3894860,43,1,104,69,25.82,1,20,0,59,4,0,0,8766,0,3652.5,1
3898982,47,0,128,92.5,27.64,0,0,0,75,1,0,0,8766,0,3652.5,1
3899422,37,1,114.5,80,27.6,1,20,0,63,2,0,0,8766,0,3652.5,1
3902623,51,1,161,105,27.47,1,20,0,70,2,0,0,6080,0,3652.5,1
3903166,53,1,130,94,30.63,1,15,0,75,3,0,0,8766,0,3652.5,1
3904818,41,1,122,82,25.03,1,20,0,83,1,0,0,8766,0,3652.5,1
3906438,56,1,115,80,25.09,0,0,0,70,3,0,0,2142,0,2142,0
3909913,44,1,157,97,29.91,1,40,0,85,,0,1,3184,1,3184,0
3911890,57,0,126.5,90,26,1,1,0,68,1,0,0,6632,0,3652.5,1
3912629,40,0,144,90,22.17,1,10,0,90,3,0,0,8766,0,3652.5,1
3912804,66,1,120,76,19.09,0,0,0,64,1,0,0,2148,0,2148,0
3914417,34,0,117.5,73.5,22.15,1,20,0,65,1,0,0,8766,0,3652.5,1
3915156,62,0,143.5,90,29.64,0,0,0,88,1,0,0,8157,0,3652.5,1
3915335,55,0,123,78,24.59,0,0,0,55,,0,1,5911,0,3652.5,1
3917043,36,0,115,71,21.27,0,0,0,64,1,0,0,8766,0,3652.5,1
3920146,39,0,112,63,22.01,0,0,0,60,1,0,0,8766,0,3652.5,1
3921866,54,1,146,91,24.41,1,35,0,82,1,0,1,7036,0,3652.5,1
3922579,53,0,92,69,24.17,0,0,0,56,1,0,0,8766,0,3652.5,1
3923558,35,1,133,86,28.7,1,15,0,86,3,0,0,8766,0,3652.5,1
3924491,61,1,182.5,110,28.88,0,0,0,75,1,0,0,8766,0,3652.5,1
3926494,40,0,121,86,23.16,1,15,0,70,4,0,0,8766,0,3652.5,1
3927320,41,0,119,72,19.78,1,10,0,60,2,0,0,8766,0,3652.5,1
3928637,43,0,120,87,19.88,1,20,0,86,1,0,0,8766,0,3652.5,1
3929019,64,0,169,85,26.01,0,0,0,75,1,0,1,3147,1,3147,0
3931135,49,0,115.5,72.5,21.83,0,0,0,69,1,0,0,2807,0,2807,0
3934307,43,0,134,90,32.93,0,0,0,95,2,0,0,3859,0,3652.5,1
3935016,40,0,138.5,88,27.24,1,20,0,80,2,0,1,3349,1,3349,0
3936843,66,0,110,76,18.23,1,9,0,83,2,0,0,4705,0,3652.5,1
3937313,51,0,131,87,24.36,0,0,0,75,1,0,0,8766,0,3652.5,1
3938909,57,0,117.5,71,23.84,1,15,0,50,4,0,0,8766,0,3652.5,1
3939972,62,0,140,93,33.97,0,0,0,80,2,0,0,8766,0,3652.5,1
3941653,51,0,147.5,95,22.34,1,10,0,100,1,0,0,8766,0,3652.5,1
3949730,35,0,110,69,23.48,0,0,0,75,1,0,0,8766,0,3652.5,1
3951811,42,0,120,70,19.42,1,20,0,72,2,0,0,3797,0,3652.5,1
3951891,47,0,120,78,24.71,1,3,0,63,3,0,0,8766,0,3652.5,1
3955061,40,1,133.5,81.5,23.78,0,0,0,75,1,0,0,8766,0,3652.5,1
3956205,58,0,146.5,77.5,21.47,0,0,0,75,1,0,0,8285,0,3652.5,1
3957201,43,0,110,71.5,24.56,1,15,0,96,4,0,0,8766,0,3652.5,1
3959405,53,0,149.5,95,28.02,1,30,0,68,2,0,0,8766,0,3652.5,1
3962041,48,0,120,81,23.22,1,1,0,67,3,0,0,8766,0,3652.5,1
3964440,49,0,107,74,20.23,1,11,0,65,2,0,0,8766,0,3652.5,1
3964974,55,0,130,85,21.05,0,0,0,72,3,0,0,8766,0,3652.5,1
3965320,57,0,146.5,80,24.19,0,0,0,85,3,0,0,8766,0,3652.5,1
3966576,51,0,102,64,28.06,1,20,0,80,1,0,0,8766,0,3652.5,1
3967604,50,0,126.5,84,22.01,0,0,0,75,3,0,0,8766,0,3652.5,1
3972408,44,1,146.5,97,26.92,1,40,0,80,1,0,0,6164,0,3652.5,1
3973716,39,1,118,76,22.92,1,30,0,73,2,0,1,8514,0,3652.5,1
3974608,47,0,138.5,99,39.64,0,0,1,85,1,0,0,4168,0,3652.5,1
3986720,38,0,118,75,21.79,1,9,0,85,2,0,0,8766,0,3652.5,1
3989159,65,1,166,93,28.16,0,0,1,54,1,0,0,7729,0,3652.5,1
3990510,43,0,145.5,82,21.1,1,1,0,80,3,0,0,8766,0,3652.5,1
3993149,48,1,116.5,82,21.34,1,20,0,60,1,0,1,5858,0,3652.5,1
3995696,65,1,150,77,34.69,0,0,0,75,1,0,0,564,0,564,0
3997297,57,0,129,75,23.67,0,0,,70,1,0,0,8766,0,3652.5,1
3997381,49,1,142,54,25.4,1,40,0,67,3,0,0,858,0,858,0
4011194,56,0,106,65,24.08,0,0,0,75,1,0,0,8766,0,3652.5,1
4011358,39,0,122,70,18.7,1,20,0,70,2,0,0,8766,0,3652.5,1
4016795,52,1,110,71,29.82,0,0,0,66,1,0,0,8766,0,3652.5,1
4020285,49,0,119,85.5,22.29,0,0,0,60,3,0,0,8766,0,3652.5,1
4021838,55,0,153,75,26.59,0,0,0,60,2,0,0,7679,0,3652.5,1
4022564,46,0,166.5,107,19.27,0,0,0,110,1,0,0,8766,0,3652.5,1
4023490,63,1,135,80,23.06,1,20,0,78,4,0,1,2871,1,2871,0
4028230,64,0,185,97.5,21.82,0,0,0,85,,0,0,6007,0,3652.5,1
4030476,58,1,151,102,26,0,0,0,65,2,0,0,8766,0,3652.5,1
4030829,52,0,124,69,23.37,0,0,0,58,2,0,0,8766,0,3652.5,1
4031144,39,0,119,78,20.93,1,9,0,65,4,0,0,8766,0,3652.5,1
4036587,39,0,106,72,25.64,1,20,0,75,3,0,0,8766,0,3652.5,1
4036688,54,0,148,89,34.13,0,0,0,68,1,0,0,8766,0,3652.5,1
4037605,38,1,124,87,26.68,1,20,0,76,2,0,0,6777,0,3652.5,1
4042561,38,0,124,78,23.66,0,0,0,78,1,0,0,8766,0,3652.5,1
4043077,55,0,141,83.5,24.99,1,9,0,76,2,0,0,8766,0,3652.5,1
4045447,59,0,122,70,23.76,0,0,0,72,1,0,0,5384,0,3652.5,1
4048453,45,1,105.5,57.5,23.21,1,10,0,70,1,0,0,8766,0,3652.5,1
4049648,54,1,127,74,27.97,1,30,0,90,1,0,1,7619,0,3652.5,1
4050222,48,0,120,77.5,28.6,0,0,0,75,1,0,0,8766,0,3652.5,1
4050980,52,0,159,95,30.18,0,0,0,71,1,0,0,8766,0,3652.5,1
4053572,47,1,142,96,28.21,0,0,0,75,2,0,0,2864,0,2864,0
4056622,56,1,123,86,25.59,0,0,0,70,4,0,0,8766,0,3652.5,1
4064681,38,0,130,80,27.51,1,5,0,75,3,0,0,8766,0,3652.5,1
4067413,51,0,130,89.5,,0,0,0,80,1,0,0,8766,0,3652.5,1
4069398,50,1,166.5,106.5,29.13,0,0,0,85,1,0,1,6058,0,3652.5,1
4070258,56,1,123,75,27.82,0,0,0,68,3,0,0,8766,0,3652.5,1
4071734,37,1,104,65,22.9,0,0,0,57,3,0,0,8766,0,3652.5,1
4071812,47,0,202,132,20.49,0,0,0,100,2,0,0,8766,0,3652.5,1
4072924,60,1,131.5,82,27.87,1,20,0,60,1,0,0,8766,0,3652.5,1
4075946,43,0,110,70,21.14,1,5,0,64,3,0,0,8766,0,3652.5,1
4076088,36,0,100,64,19.87,1,15,0,85,1,0,0,8766,0,3652.5,1
4078403,40,1,116,79.5,24.77,1,1,0,62,2,0,0,8766,0,3652.5,1
4090970,44,0,132,82,28.72,0,0,0,75,1,0,0,8766,0,3652.5,1
4093618,45,0,111,79,23.22,1,8,0,86,3,0,0,8766,0,3652.5,1
4095305,57,0,128,84,25.69,0,0,0,75,2,0,0,8766,0,3652.5,1
4095796,57,1,173,102,27.26,1,9,0,69,1,0,0,8766,0,3652.5,1
4096879,48,1,177,124,26.4,1,17,0,75,2,0,0,2620,0,2620,0
4097123,57,0,161,97,36.46,0,0,0,75,1,0,0,8766,0,3652.5,1
4098360,39,0,159,105,30.06,0,0,1,80,2,0,0,8766,0,3652.5,1
4105299,51,0,117,70,18.52,1,25,0,90,1,0,0,2983,0,2983,0
4110027,60,0,154,82,27.82,0,0,0,93,3,0,0,8766,0,3652.5,1
4111268,61,1,148,74,26.84,0,0,0,66,2,0,0,4719,0,3652.5,1
4111412,39,1,123,90,24.44,0,0,0,85,4,0,0,8631,0,3652.5,1
4111556,51,0,136.5,86.5,24.81,0,0,0,70,2,0,1,4854,0,3652.5,1
4112480,63,0,135,83,24.91,0,0,1,63,1,0,0,8766,0,3652.5,1
4113523,55,0,109,66.5,24.79,1,20,0,94,3,0,0,8766,0,3652.5,1
4115868,47,0,167,96.5,23.79,0,0,0,65,3,0,0,8766,0,3652.5,1
4116242,57,1,104,64,26,1,20,0,62,1,0,0,3518,0,3518,0
4120354,55,1,170,105,26.79,0,0,0,50,4,0,1,6248,0,3652.5,1
4120894,48,1,150.5,98,32.4,0,0,0,75,3,0,1,7419,0,3652.5,1
4128101,58,0,138,78,23.45,0,0,0,70,1,0,0,8766,0,3652.5,1
4129775,41,0,121,84,23.07,0,0,0,80,1,0,0,8766,0,3652.5,1
4139258,37,1,129,87,24.66,1,15,0,62,2,0,0,8766,0,3652.5,1
4143046,48,0,124,77,20.27,0,0,0,65,3,0,0,8766,0,3652.5,1
4143276,43,0,111,74,24.47,0,0,0,72,2,0,0,8766,0,3652.5,1
4146844,43,1,103.5,60,26.11,1,40,0,90,4,0,0,2674,0,2674,0
4149670,51,0,134,84,23.54,0,0,0,80,3,0,0,8766,0,3652.5,1
4151300,41,0,158,93,22.18,0,0,0,78,1,0,0,7594,0,3652.5,1
4153008,65,0,171,89,23.07,0,0,0,82,1,0,1,7710,0,3652.5,1
4153413,62,1,134,84,25.95,1,10,0,105,1,0,0,1692,0,1692,0
4154847,42,1,110,73,23.72,1,20,0,60,2,0,0,8766,0,3652.5,1
4162270,52,0,129,83,32.57,0,0,0,65,1,0,0,8766,0,3652.5,1
4162382,54,0,132,84,26.81,0,0,0,80,1,0,0,8766,0,3652.5,1
4163779,45,0,147,88,23.48,1,20,0,66,3,0,0,8766,0,3652.5,1
4172956,58,0,119.5,73,29.86,1,20,0,67,1,0,1,7630,0,3652.5,1
4174113,46,0,150,99,26.67,0,0,0,80,2,0,0,8766,0,3652.5,1
4179881,51,1,140,88,27.56,1,43,0,110,1,0,0,8766,0,3652.5,1
4184110,61,1,132,94,22.16,1,30,0,53,1,0,0,4542,0,3652.5,1
4184920,40,1,123.5,83,28.06,0,0,0,72,4,0,0,8766,0,3652.5,1
4187058,56,1,120,70,21.41,1,20,0,70,2,0,0,8349,0,3652.5,1
4188256,53,1,119,80,23.98,0,0,0,64,2,0,0,8766,0,3652.5,1
4189704,42,1,138,90,25.49,1,35,0,69,2,0,1,7867,0,3652.5,1
4190525,59,0,155.5,100.5,33.54,0,0,0,72,1,0,0,544,0,544,0
4205603,40,0,105,65,21.15,1,3,0,58,4,0,0,8766,0,3652.5,1
4207535,60,1,132,82,23.53,0,0,0,75,1,0,0,8766,0,3652.5,1
4213357,56,1,129,83.5,28.82,0,0,0,56,3,0,1,7900,0,3652.5,1
4213861,37,1,127,81,33.07,0,0,0,82,2,0,0,8766,0,3652.5,1
4223351,40,1,123,79,21.19,1,20,0,85,1,0,0,8766,0,3652.5,1
4224625,43,1,97,64,23.05,1,15,0,75,3,0,0,8766,0,3652.5,1
4224953,55,0,158,98,30.23,0,0,1,70,2,0,0,3721,0,3652.5,1
4225826,49,0,155,89,25.01,0,0,0,74,2,0,0,8766,0,3652.5,1
4226270,59,1,112.5,75.5,26.42,1,20,0,58,3,0,0,1939,0,1939,0
4227684,40,0,135,83,23.48,1,1,0,95,3,0,0,8766,0,3652.5,1
4230720,38,0,107,67.5,20.4,1,10,0,110,1,0,0,8766,0,3652.5,1
4231546,44,1,178,123,31.55,0,0,1,78,2,0,0,8766,0,3652.5,1
4231611,55,0,135,80,32.91,0,0,0,100,3,0,0,4352,0,3652.5,1
4232834,45,1,141,87,26.46,1,5,0,54,2,0,0,8766,0,3652.5,1
4233250,43,1,131,92,27.18,1,20,0,65,1,0,1,1517,1,1517,0
4235141,57,1,135,88,29.51,1,30,0,60,4,0,0,8766,0,3652.5,1
4236308,38,1,125,79,26.23,1,20,0,70,2,0,0,8016,0,3652.5,1
4236385,40,0,136.5,89,17.61,0,0,0,84,3,0,0,8766,0,3652.5,1
4240411,50,1,149,96,28.55,1,20,0,88,1,0,0,6804,0,3652.5,1
4245035,56,0,158,70,28.34,0,0,0,60,1,0,0,2243,0,2243,0
4245917,64,0,128,71,20.52,1,9,0,60,4,0,1,7365,0,3652.5,1
4246560,67,1,130,83,27.78,0,0,0,75,1,0,0,5789,0,3652.5,1
4247627,43,0,100,70,22.9,1,15,0,75,3,0,0,8766,0,3652.5,1
4247802,55,0,144,79,19.5,1,5,0,79,1,0,0,1023,0,1023,0
4252539,66,0,132.5,85,34.36,0,0,0,70,1,0,0,3455,0,3455,0
4254053,48,1,120,82.5,31.67,1,35,0,80,1,0,0,8766,0,3652.5,1
4255035,51,1,129,72,22.67,1,20,0,60,2,0,1,4217,0,3652.5,1
4259702,57,1,122,69,24.17,1,1,0,65,2,0,0,8766,0,3652.5,1
4262008,55,0,141,92,23.48,0,0,0,65,1,0,0,8766,0,3652.5,1
4262287,38,0,102.5,60,22.58,0,0,0,60,2,0,0,8766,0,3652.5,1
4266491,39,1,124.5,99,28.41,0,0,0,83,2,0,0,8766,0,3652.5,1
4277241,63,0,163,82,24.38,1,3,0,64,2,0,0,8766,0,3652.5,1
4279160,46,0,115,79.5,30,0,0,0,50,1,0,0,8766,0,3652.5,1
4284247,41,0,122.5,90,20.79,1,5,0,90,4,0,0,8766,0,3652.5,1
4286615,49,0,128,72,24.87,0,0,0,75,3,0,0,8766,0,3652.5,1
4288274,61,0,154,94,22.91,1,15,0,70,2,0,0,8766,0,3652.5,1
4288812,42,0,129,85.5,31.84,0,0,0,95,3,0,0,8766,0,3652.5,1
4293479,58,0,102,60,26.98,0,0,0,71,1,0,0,8766,0,3652.5,1
4296130,41,0,115,70,25.03,0,0,0,68,3,0,0,8766,0,3652.5,1
4296725,61,0,150,86,25.05,0,0,0,66,2,0,0,8766,0,3652.5,1
4298005,62,0,154,110,35.11,0,0,0,85,2,0,0,4995,0,3652.5,1
4298356,44,1,142.5,104.5,34.59,1,40,0,67,1,0,0,8295,0,3652.5,1
4299364,61,0,121,78,23.33,0,0,0,65,3,0,0,8766,0,3652.5,1
4301364,56,0,140,88,24.59,0,0,0,95,1,0,0,8766,0,3652.5,1
4303566,41,1,107,73,26.38,0,0,0,60,3,0,0,8766,0,3652.5,1
4304510,49,1,156,91,25.35,1,50,0,70,2,0,0,2587,0,2587,0
4306232,56,1,127,83,26.05,0,0,0,80,1,0,0,3953,0,3652.5,1
4306872,35,1,107.5,66.5,22.64,1,15,0,45,3,0,0,8766,0,3652.5,1
4307224,57,1,146,94,29.08,0,0,0,63,1,0,0,5439,0,3652.5,1
4307282,40,1,121.5,74.5,29.35,0,0,0,73,2,0,0,8218,0,3652.5,1
4307528,62,1,120,67.5,23.24,0,0,0,60,1,0,1,8370,0,3652.5,1
4316255,47,0,126.5,84,21.71,0,0,0,69,1,0,0,8766,0,3652.5,1
4318841,48,1,104,73.5,23.03,1,60,0,70,1,0,0,5232,0,3652.5,1
4320224,42,0,145,87,29.65,1,20,0,97,2,0,0,4060,0,3652.5,1
4320378,42,0,134,82,20.93,0,0,0,75,2,0,0,2400,0,2400,0
4321230,50,0,105,72.5,26.25,0,0,0,90,3,0,0,8766,0,3652.5,1
4327409,39,0,123,78,38.06,0,0,0,66,1,0,0,8766,0,3652.5,1
4333426,58,0,195,90,27.73,0,0,1,72,1,0,0,5320,0,3652.5,1
4334048,66,1,151,88,25.22,0,0,0,85,3,0,0,6583,0,3652.5,1
4339221,61,1,120,67,24.84,0,0,1,63,4,0,0,5375,0,3652.5,1
4339755,56,1,130,70,26.09,1,20,,75,1,0,0,6320,0,3652.5,1
4343801,60,1,119.5,79,24.66,0,0,0,60,1,0,0,8766,0,3652.5,1
4346804,67,0,157.5,78,24.63,1,3,0,85,2,0,0,8766,0,3652.5,1
4354671,39,0,96,72,18.16,1,5,0,100,3,0,0,8766,0,3652.5,1
4357069,60,0,176,84,22.17,0,0,,66,1,0,0,5413,0,3652.5,1
4357412,42,1,137,91,25.41,0,0,0,75,3,0,0,8766,0,3652.5,1
4360095,50,0,121,78,23.01,1,20,0,52,2,0,0,7613,0,3652.5,1
4363186,50,1,114,87,33.1,0,0,0,92,1,0,0,6952,0,3652.5,1
4363615,43,0,155,93.5,21.99,0,0,0,85,1,0,0,4967,0,3652.5,1
4364213,42,0,102,72.5,22.85,0,0,0,60,3,0,0,8766,0,3652.5,1
4365105,57,1,124,77,24.19,0,0,0,100,3,0,1,8172,0,3652.5,1
4369097,56,0,119,82,26.82,0,0,0,80,3,0,0,8766,0,3652.5,1
4370066,43,1,152,96.5,25.65,0,0,0,86,1,0,0,8753,0,3652.5,1
4377162,47,0,127,76,24.44,1,,0,72,2,0,0,8766,0,3652.5,1
4377599,56,0,128.5,82,25.36,1,5,0,70,2,0,0,8766,0,3652.5,1
4378177,36,0,126,80,19.53,0,0,0,95,2,0,0,8766,0,3652.5,1
4380835,63,1,130,81,25.82,0,0,0,80,2,0,0,5139,0,3652.5,1
4381358,62,0,137,85,26.73,1,3,0,76,4,0,0,8766,0,3652.5,1
4383160,44,0,119,75.5,25.09,0,0,0,70,1,0,0,1455,0,1455,0
4384861,41,0,124,76,24.2,1,9,0,80,2,0,0,8766,0,3652.5,1
4384880,56,0,127.5,91.5,25.39,0,0,0,80,1,0,1,4894,0,3652.5,1
4391347,56,1,200,120,33.71,1,20,0,68,1,0,0,2784,0,2784,0
4392414,61,0,115,60,25.5,0,0,0,76,1,0,0,4293,0,3652.5,1
4394296,50,0,147.5,87.5,30.36,1,30,0,64,1,0,1,5761,0,3652.5,1
4396634,55,0,135,76.5,26.31,0,0,0,110,1,0,0,8766,0,3652.5,1
4399052,38,0,126,76,29.19,0,0,0,60,2,0,0,8766,0,3652.5,1
4401567,40,0,98,75,26.63,0,0,0,70,1,0,0,8766,0,3652.5,1
4402757,47,0,144,91,35.78,1,40,0,85,1,0,0,8766,0,3652.5,1
4405157,49,1,124,86,27.25,1,20,0,80,1,0,0,8766,0,3652.5,1
4407886,54,1,113,70,20.41,1,30,0,80,2,0,0,8766,0,3652.5,1
4409179,40,0,125,90,32.81,0,0,0,85,1,0,0,8766,0,3652.5,1
4414102,63,1,146,82,27.17,1,30,0,70,1,0,0,2752,0,2752,0
4415531,65,0,146,94.5,26.54,0,0,0,80,1,0,1,7722,0,3652.5,1
4420625,50,0,132,81,23.62,0,0,0,74,2,0,0,8766,0,3652.5,1
4420822,54,1,120,85,29.93,1,20,0,62,2,0,0,8240,0,3652.5,1
4429889,39,0,152,104,24.22,1,15,0,90,1,0,0,8766,0,3652.5,1
4431198,46,1,136.5,92,22.92,0,0,0,68,1,0,0,8766,0,3652.5,1
4435623,53,0,112.5,67,25.63,1,3,0,77,1,0,0,8656,0,3652.5,1
4439583,48,1,135.5,90,25.34,1,20,0,95,4,0,0,8766,0,3652.5,1
4441180,51,0,128,78,26.69,1,20,0,65,1,0,0,8766,0,3652.5,1
4442202,64,1,113,77,22.73,0,0,0,75,2,0,0,8766,0,3652.5,1
4443766,63,1,127,82,19.97,1,43,0,70,2,0,0,3694,0,3652.5,1
4445103,55,0,137.5,87,26.89,0,0,0,67,3,0,0,4036,0,3652.5,1
4446366,39,0,112,74,27.26,1,1,0,85,2,0,0,8766,0,3652.5,1
4452358,59,0,141,78,25.32,0,0,0,68,1,0,0,8766,0,3652.5,1
4452956,52,0,180,114,32.52,1,20,1,105,1,0,1,5005,0,3652.5,1
4457977,48,0,107,76,26.39,0,0,0,65,1,0,0,6531,0,3652.5,1
4457990,64,1,113.5,70,21.03,1,20,0,80,1,0,0,6655,0,3652.5,1
4462826,64,0,145,85,29.67,0,0,0,70,1,0,0,8370,0,3652.5,1
4463058,54,0,110,74,26.28,0,0,0,65,3,0,0,8766,0,3652.5,1
4463835,55,1,133,78,29.05,0,0,0,73,4,0,1,4607,0,3652.5,1
4470339,47,0,113,65,21.33,0,0,0,66,1,0,0,8766,0,3652.5,1
4476580,42,1,119,73.5,23.31,1,20,0,67,3,0,0,8766,0,3652.5,1
4478596,55,0,107.5,65,20.17,0,0,0,68,2,0,0,8766,0,3652.5,1
4479043,42,0,126,73,22.65,1,18,0,80,2,0,0,2960,0,2960,0
4484959,47,0,118,84,18.67,0,0,0,75,1,0,0,8766,0,3652.5,1
4486142,51,1,115,82.5,26.69,0,0,,64,1,0,0,8766,0,3652.5,1
4491085,62,1,108,73,20.87,1,20,0,60,3,0,1,4684,0,3652.5,1
4492074,40,1,120,87,22.98,1,5,0,60,2,0,0,8766,0,3652.5,1
4493862,37,1,111.5,72.5,26.48,1,20,0,73,1,0,0,8766,0,3652.5,1
4493930,58,1,127.5,70,25.62,1,20,0,50,1,0,0,8766,0,3652.5,1
4494395,51,1,147,96,28.59,0,0,0,65,3,0,0,8766,0,3652.5,1
4496827,48,0,170,110,26.03,1,10,0,90,1,0,0,8766,0,3652.5,1
4497258,51,1,130,75,28.76,1,20,0,60,1,0,0,8046,0,3652.5,1
4497896,52,0,132,82,26.06,0,0,0,75,1,0,0,8766,0,3652.5,1
4498453,66,0,143,95,31.11,0,0,0,90,2,0,0,5806,0,3652.5,1
4498621,37,1,116.5,77.5,24.5,1,20,0,68,2,0,1,2988,1,2988,0
4499038,44,0,95,50,21.65,1,20,0,82,3,0,0,8766,0,3652.5,1
4502588,61,1,105,67.5,27.28,1,20,0,88,2,0,0,7592,0,3652.5,1
4506663,58,0,141.5,87,28.31,0,0,0,75,1,0,0,8766,0,3652.5,1
4509374,42,0,133.5,80,26.25,1,25,0,75,2,0,0,8766,0,3652.5,1
4511124,42,0,129,91.5,27.78,1,20,0,95,3,0,0,8766,0,3652.5,1
4517908,40,1,112,82,23.71,0,0,0,77,2,0,0,8766,0,3652.5,1
4520369,59,0,158,90,32.84,0,0,0,70,1,0,0,8766,0,3652.5,1
4521105,58,0,150,80,26.45,0,0,0,66,2,0,0,8717,0,3652.5,1
4525620,63,0,151.5,82.5,25.15,0,0,0,102,1,0,0,8766,0,3652.5,1
4532027,41,1,114,68,21.42,1,30,0,66,2,0,0,6438,0,3652.5,1
4535013,51,0,135,82,24.67,0,0,0,70,1,0,0,8766,0,3652.5,1
4539022,62,1,111,79.5,27.91,0,0,0,80,3,0,0,8766,0,3652.5,1
4541424,49,0,112.5,70,23.86,0,0,0,60,1,0,0,8766,0,3652.5,1
4545373,59,0,142,79,25.58,0,0,0,78,1,0,0,8766,0,3652.5,1
4545858,44,0,129,88,30.85,1,20,0,90,2,0,0,8766,0,3652.5,1
4546560,64,1,142,84,27.01,0,0,0,52,1,0,0,3655,0,3652.5,1
4549886,52,0,110,70,22.52,1,20,0,75,4,0,0,8766,0,3652.5,1
4551182,45,0,118,84,22.53,0,0,0,68,3,0,0,8766,0,3652.5,1
4556761,63,0,155,92.5,31.5,0,0,0,62,1,0,0,8766,0,3652.5,1
4561518,38,1,108,65.5,25.45,1,20,0,85,2,0,1,6372,0,3652.5,1
4564150,39,0,137.5,101.5,22.85,0,0,0,60,3,0,0,8766,0,3652.5,1
4576029,45,1,122,82,26.09,1,35,0,65,3,0,0,8766,0,3652.5,1
4580277,55,0,119,81,30,0,0,0,60,1,0,0,8608,0,3652.5,1
4581817,63,0,182,92,26.87,1,10,1,52,1,0,0,6201,0,3652.5,1
4585070,41,1,150,92,33.29,0,0,0,85,3,0,0,8766,0,3652.5,1
4587327,46,0,145,90,25.87,0,0,0,90,1,0,0,8766,0,3652.5,1
4587561,58,0,145,94,26.38,0,0,0,66,3,0,1,5577,0,3652.5,1
4589973,53,0,96,72,21.35,0,0,0,60,,0,0,8766,0,3652.5,1
4590015,59,1,134,84,25.64,0,0,0,58,4,0,1,2188,1,2188,0
4591876,46,1,120.5,73.5,27.23,0,0,0,77,1,0,0,8690,0,3652.5,1
4595612,51,0,128,83.5,24.41,0,0,0,72,3,0,0,8766,0,3652.5,1
4596481,42,0,121,85.5,22.19,0,0,0,87,3,0,0,8766,0,3652.5,1
4598082,62,0,175,85,30.91,0,0,0,68,1,0,1,8023,0,3652.5,1
4598596,47,1,111,70,23.46,1,30,0,66,1,0,0,8766,0,3652.5,1
4605695,43,0,107.5,67.5,21.22,0,0,0,67,3,0,0,8766,0,3652.5,1
4606746,48,0,111,85,24.1,1,15,0,75,1,0,0,8766,0,3652.5,1
4608461,57,0,142,83,35.17,1,1,0,68,3,0,0,8766,0,3652.5,1
4609834,43,0,119.5,69.5,24.67,1,8,0,90,3,0,0,8766,0,3652.5,1
4614081,64,1,105,72.5,26.76,0,0,0,84,3,0,0,8766,0,3652.5,1
4614980,45,1,145.5,99,26.74,1,,0,83,3,0,0,8726,0,3652.5,1
4625985,49,0,97,67,23.17,0,0,0,75,3,0,0,8766,0,3652.5,1
4626360,45,0,119,73,26.51,0,0,0,80,1,0,0,8766,0,3652.5,1
4628740,53,1,139,80,23.62,1,30,0,72,4,0,0,6274,0,3652.5,1
4629691,45,1,126,89.5,28.68,1,30,0,75,3,0,0,8133,0,3652.5,1
4633815,52,0,112,75,22.54,1,9,0,72,3,0,0,3348,0,3348,0
4635000,61,0,171,87,32.77,0,0,0,80,1,0,0,8766,0,3652.5,1
4640577,46,0,132,82,34.52,0,0,0,80,2,0,0,8766,0,3652.5,1
4644317,48,0,174,101.5,28.69,0,0,0,74,,0,0,5623,0,3652.5,1
4644538,48,1,116,86,21.45,1,43,0,62,2,0,0,8766,0,3652.5,1
4645186,48,1,112.5,75,30.43,1,20,0,72,4,0,0,8766,0,3652.5,1
4646606,44,1,143.5,90,27.99,1,35,0,50,4,0,1,1927,1,1927,0
4648740,63,1,163,94,,1,20,0,76,1,1,1,46,1,46,0
4648941,41,1,126,79,22.94,1,40,0,53,1,0,0,8766,0,3652.5,1
4650205,64,0,108,82,23.09,0,0,0,85,3,0,0,8766,0,3652.5,1
4655215,53,0,123,81,20.33,1,20,0,80,2,0,0,6144,0,3652.5,1
4655704,53,1,126,72,23.4,1,43,0,62,3,0,0,3981,0,3652.5,1
4658808,60,0,112,74,24.51,1,,0,63,2,0,0,8766,0,3652.5,1
4659800,42,1,116,74,26.62,1,20,0,83,1,0,1,3689,0,3652.5,1
4663454,38,0,105,70,21.35,0,0,0,72,3,0,0,8766,0,3652.5,1
4666149,63,0,164,86,24.64,0,0,,80,2,0,0,8766,0,3652.5,1
4668039,63,1,136,94,29.17,0,0,0,64,,0,0,8766,0,3652.5,1
4668307,59,0,145,88,39.91,1,3,,65,1,0,0,8766,0,3652.5,1
4669258,59,0,110,70,19.83,1,30,,80,1,0,0,1197,0,1197,0
4670170,59,1,124,77,22.82,1,9,0,57,1,0,0,8766,0,3652.5,1
4670990,46,0,115.5,65,29.84,1,5,0,73,2,0,0,8766,0,3652.5,1
4672652,61,1,232,136,24.83,0,0,0,75,1,0,0,4915,0,3652.5,1
4673620,48,0,128.5,73.5,27.49,0,0,0,72,1,0,0,8766,0,3652.5,1
4673776,57,1,119,80,30.05,0,0,0,70,2,0,0,8766,0,3652.5,1
4678379,40,0,122.5,80,27.46,0,0,0,72,1,0,0,8766,0,3652.5,1
4686316,49,0,134,88,25.77,0,0,0,69,1,0,0,8766,0,3652.5,1
4686506,43,1,173,96,27.99,0,0,1,100,2,0,0,4793,0,3652.5,1
4689213,50,0,132,85,23.81,0,0,1,55,2,0,1,7569,0,3652.5,1
4690719,51,0,111.5,77,24.08,0,0,0,63,2,0,0,8766,0,3652.5,1
4690988,58,0,85.5,51,20.76,0,0,0,87,1,0,0,1587,0,1587,0
4691746,51,0,180,107.5,25.33,1,15,0,68,,0,0,8766,0,3652.5,1
4694049,40,0,132,81,24.26,0,0,0,80,2,0,0,8766,0,3652.5,1
4695319,46,0,110,80,19.74,1,5,0,90,4,0,0,8766,0,3652.5,1
4695512,44,1,134,80,22.25,1,20,0,87,1,0,0,6618,0,3652.5,1
4696239,59,0,110,64,28.1,1,20,,66,1,0,0,8766,0,3652.5,1
4696586,51,1,112.5,74,26.37,1,20,0,70,1,0,0,8766,0,3652.5,1
4698691,44,0,112,62,30.47,0,0,0,75,1,0,0,8766,0,3652.5,1
4700026,36,1,102,66.5,25.68,1,15,0,100,1,0,0,8766,0,3652.5,1
4700712,36,1,114,76,25.82,1,35,0,66,4,0,0,8766,0,3652.5,1
4701970,64,1,191,81,25.33,1,15,1,95,1,0,0,430,0,430,0
4702754,50,1,152.5,105,35.85,1,30,0,72,3,0,0,8766,0,3652.5,1
4705273,47,0,133,77,27.96,1,9,0,87,1,0,0,8766,0,3652.5,1
4708032,42,0,135,90,22.19,1,9,0,70,1,0,1,7542,0,3652.5,1
4708176,54,0,168,94,22.7,0,0,0,75,3,0,0,8766,0,3652.5,1
4708685,52,0,148,99,26.64,0,0,0,86,2,0,0,8766,0,3652.5,1
4710366,52,1,118,80,24.47,1,15,0,50,4,0,0,8766,0,3652.5,1
4715405,51,0,134,97.5,21.66,0,0,0,100,2,0,0,8766,0,3652.5,1
4716136,38,0,108,70.5,20.42,0,0,0,72,4,0,0,8766,0,3652.5,1
4716790,45,1,128,82,29.17,1,3,0,60,1,0,0,8766,0,3652.5,1
4721434,42,1,110,80,22.51,1,20,0,65,1,0,1,2582,1,2582,0
4722874,47,1,126,91,27.01,1,30,0,75,2,0,0,8766,0,3652.5,1
4724745,43,0,141.5,93,38.43,0,0,0,72,4,0,0,8766,0,3652.5,1
4728926,46,1,142,91,28.09,0,0,0,85,2,0,0,8766,0,3652.5,1
4729201,42,0,132,82,26.81,0,0,0,69,2,0,0,8766,0,3652.5,1
4730922,45,0,137,82,24.35,1,9,0,85,2,0,0,8454,0,3652.5,1
4731227,62,0,150.5,97,22.01,0,0,0,76,1,0,0,8766,0,3652.5,1
4735795,62,0,184.5,83,18.99,0,0,0,87,1,0,0,4181,0,3652.5,1
4736616,57,0,175,80,20.86,0,0,0,83,1,0,0,537,0,537,0
4737326,35,1,111,84,29.42,1,3,0,80,2,0,0,8766,0,3652.5,1
4737384,39,0,95,59,22.88,1,10,0,80,1,0,0,8766,0,3652.5,1
4738637,36,1,122,74.5,24.27,1,15,0,79,3,0,0,8766,0,3652.5,1
4742156,38,0,135,80,29.14,1,20,0,75,4,0,0,8766,0,3652.5,1
4742180,67,1,145,92,36.04,0,0,0,80,2,0,1,6170,0,3652.5,1
4743724,64,0,144,82,22.54,0,0,0,60,1,0,0,5040,0,3652.5,1
4743752,38,0,100,80,22.9,0,0,0,78,1,0,0,8766,0,3652.5,1
4744300,38,1,118.5,88,28.68,0,0,0,77,3,0,1,6092,0,3652.5,1
4747702,43,0,113,79,28.96,1,15,0,75,2,0,0,8766,0,3652.5,1
4748911,38,1,130,87,26.43,0,0,0,72,1,0,0,8766,0,3652.5,1
4751304,54,0,150,93,22.5,0,0,0,75,2,1,0,8766,0,3652.5,1
4754304,41,0,103,72.5,22.72,0,0,0,61,3,0,0,8766,0,3652.5,1
4754609,39,1,120,85,31.09,1,30,0,85,1,0,0,8766,0,3652.5,1
4755458,39,1,126,91,31.38,0,0,0,72,2,0,1,6580,0,3652.5,1
4755469,50,0,100,70,23.88,0,0,0,70,2,0,0,8766,0,3652.5,1
4757073,68,1,157,97,33.16,0,0,0,110,1,0,1,2563,1,2563,0
4761347,54,1,134.5,92.5,30.62,0,0,0,78,4,0,0,8766,0,3652.5,1
4762162,49,0,130,87,29.01,0,0,0,75,4,0,0,8766,0,3652.5,1
4762694,40,0,112.5,77.5,23.58,1,20,0,75,3,0,0,8766,0,3652.5,1
4763632,60,1,122,74,23.77,0,0,0,70,1,0,0,8020,0,3652.5,1
4764394,38,1,116,70,26.65,1,7,0,77,2,0,1,7110,0,3652.5,1
4765475,48,0,105,59,19.42,1,20,0,62,3,0,0,8766,0,3652.5,1
4774114,35,0,104,61,,0,0,0,60,2,0,0,8766,0,3652.5,1
4777541,52,0,112,71,25.68,0,0,0,80,1,0,0,8766,0,3652.5,1
4784478,50,1,122,81.5,29.64,1,30,0,64,1,0,0,8766,0,3652.5,1
4799367,50,0,107.5,74,23.44,0,0,0,85,1,0,0,8766,0,3652.5,1
4799576,44,1,120,80,29.89,0,0,0,76,1,0,0,8766,0,3652.5,1
4801885,44,1,105,72.5,21.02,1,20,0,67,1,0,0,8766,0,3652.5,1
4807319,45,0,130,80,21.72,0,0,0,75,2,0,0,3683,0,3652.5,1
4809858,52,0,146.5,82,32.27,0,0,0,85,1,0,0,7460,0,3652.5,1
4810315,51,1,126,78,26.56,1,20,0,63,3,0,0,8766,0,3652.5,1
4812708,57,1,114,75,26.35,0,0,0,80,4,0,0,8766,0,3652.5,1
4812868,60,1,112.5,75,22.7,1,20,0,75,2,0,0,3840,0,3652.5,1
4818639,40,1,117,77,21.71,1,3,0,50,1,0,0,8766,0,3652.5,1
4819521,38,1,119,84,26.89,0,0,0,66,,0,0,8766,0,3652.5,1
4821352,57,1,138.5,90,25.14,1,20,0,87,3,0,0,8766,0,3652.5,1
4821438,64,1,120,73,27.08,0,0,0,92,1,0,0,4360,0,3652.5,1
4825868,56,0,122,74,25.66,0,0,0,71,3,0,0,3219,0,3219,0
4828188,42,0,127.5,80,27.54,1,5,0,75,4,0,0,8766,0,3652.5,1
4834820,54,1,149,86,20.12,1,30,0,98,1,0,0,8766,0,3652.5,1
4836599,42,1,120,83.5,23.95,1,20,0,80,4,0,0,8766,0,3652.5,1
4837467,58,0,160.5,98,,1,1,0,86,1,0,0,8164,0,3652.5,1
4837732,46,0,129,85,27.4,0,0,0,80,2,0,0,3065,0,3065,0
4840960,36,1,117,84,28.35,1,25,0,75,2,0,0,8766,0,3652.5,1
4842843,35,0,117.5,72.5,27.86,0,0,0,63,2,0,0,8766,0,3652.5,1
4845268,54,0,124,77,29.88,0,0,0,79,3,0,0,8766,0,3652.5,1
4846958,62,1,127,79,23.5,1,20,0,72,3,0,0,4921,0,3652.5,1
4847815,39,0,116,72,24.25,1,15,0,76,2,0,0,8766,0,3652.5,1
4851561,45,1,136,85,30.29,1,10,,70,2,0,0,8274,0,3652.5,1
4852530,37,0,112,73.5,21.64,1,20,0,75,1,0,0,8766,0,3652.5,1
4858901,64,1,121,70,23.64,0,0,0,68,2,0,0,8744,0,3652.5,1
4860556,59,0,145,86,25.9,0,0,0,90,1,0,0,8766,0,3652.5,1
4863755,40,0,95.5,64,25.21,1,20,0,60,4,0,0,8766,0,3652.5,1
4865627,43,1,152,87,26.77,1,30,0,77,4,0,1,1781,1,1781,0
4866999,52,1,117,78,27.39,0,0,0,70,1,0,0,8766,0,3652.5,1
4873561,48,1,126.5,91.5,30.34,1,25,0,75,3,0,0,8766,0,3652.5,1
4875311,40,0,130,72,23.54,1,20,0,75,1,0,0,8766,0,3652.5,1
4875482,62,0,152,98,35.42,0,0,0,75,1,0,0,8766,0,3652.5,1
4877321,48,0,134,87,24.91,0,0,0,75,1,0,0,8766,0,3652.5,1
4877838,46,0,137,90,25.2,1,20,0,82,1,0,0,5755,0,3652.5,1
4883842,55,0,155,84,27.87,1,9,0,68,4,0,0,8766,0,3652.5,1
4886077,57,1,141,90,30.77,0,0,0,60,3,0,1,756,1,756,0
4887048,50,1,171,120,29.38,0,0,0,72,4,0,0,754,0,754,0
4894423,50,1,102,69,21.98,1,35,0,70,4,0,0,8766,0,3652.5,1
4895823,42,0,113,69,21.29,0,0,0,68,2,0,0,8766,0,3652.5,1
4899712,65,1,235,100,,0,0,0,68,1,0,1,1099,1,1099,0
4899980,42,0,123,74,24.41,1,9,0,83,2,0,1,5588,0,3652.5,1
4902377,66,1,188,128,29.58,1,20,0,84,1,0,0,5931,0,3652.5,1
4904220,41,0,107,76,22.37,0,0,0,75,1,0,0,8766,0,3652.5,1
4918468,57,1,124,81,28.18,1,20,0,73,1,0,0,8766,0,3652.5,1
4926102,39,0,120,82,21.51,0,0,0,96,3,0,0,8766,0,3652.5,1
4928532,43,1,162.5,93.5,29.01,1,20,0,90,3,0,1,8195,0,3652.5,1
4936743,39,0,104,72,23.96,0,0,0,90,3,0,0,4496,0,3652.5,1
4937208,50,0,157,98,23.82,0,0,0,70,3,0,0,2759,0,2759,0
4938493,50,0,114,80,24.33,0,0,0,55,4,0,0,8766,0,3652.5,1
4944057,33,0,119,74,23.8,1,5,0,75,2,0,0,8766,0,3652.5,1
4944898,36,0,123,94.5,28.59,0,0,0,75,3,0,0,8766,0,3652.5,1
4947703,44,0,127.5,87,22.19,0,0,0,60,1,0,0,8766,0,3652.5,1
4949518,55,1,125,93,24.5,1,20,0,75,1,0,0,7630,0,3652.5,1
4952668,53,0,130,86,22.37,1,9,0,82,1,0,0,8766,0,3652.5,1
4961283,67,1,120,83,22.36,0,0,0,65,3,0,0,2478,0,2478,0
4964351,50,1,132,59,25.12,0,0,0,57,4,0,0,8766,0,3652.5,1
4964840,57,0,102,62,20.34,1,20,0,60,3,0,0,8766,0,3652.5,1
4966325,40,0,123.5,77.5,23.09,1,10,0,71,2,0,0,8766,0,3652.5,1
4968579,41,1,140,87,30.34,0,0,0,96,2,0,0,8766,0,3652.5,1
4968580,55,0,144.5,88.5,27.05,1,35,0,72,3,0,0,3251,0,3251,0
4969600,56,1,126.5,76,25.14,0,0,0,58,1,0,0,8741,0,3652.5,1
4971659,39,1,119,85,23.32,1,25,0,66,2,0,0,5885,0,3652.5,1
4972205,62,1,107.5,75,26.21,1,43,0,80,1,0,0,1454,0,1454,0
4973491,57,1,146,76,24.94,0,0,0,63,1,0,0,4146,0,3652.5,1
4977056,39,0,113,73,17.65,1,9,0,70,4,0,0,8766,0,3652.5,1
4978689,56,1,127,79,20.12,1,17,0,70,1,0,0,8172,0,3652.5,1
4979657,56,0,115,70,32.07,0,0,0,83,1,0,0,8766,0,3652.5,1
4987008,54,1,146,98.5,26.05,0,0,0,60,3,0,0,8766,0,3652.5,1
4990326,61,0,148,80,37.04,0,0,,82,1,0,0,5714,0,3652.5,1
4990480,39,0,137,93,26.39,0,0,0,88,2,0,0,6533,0,3652.5,1
4992882,37,0,104,61,20.22,1,3,0,85,4,0,0,8766,0,3652.5,1
4995687,60,0,135,87,26.72,0,0,0,75,1,0,0,8766,0,3652.5,1
5000165,62,0,167.5,102.5,27.15,1,5,0,75,4,0,0,5883,0,3652.5,1
5003088,58,1,136,88,26.25,1,20,0,75,1,0,0,788,0,788,0
5003882,51,0,154,96,28.38,1,20,0,75,1,0,0,8766,0,3652.5,1
5005051,48,1,141,98,21.06,0,0,0,53,3,0,0,8766,0,3652.5,1
5006008,58,0,146,77,24.6,1,20,0,96,1,0,0,8766,0,3652.5,1
5008395,54,1,133,83,22.18,1,20,0,80,1,0,1,4319,0,3652.5,1
5010245,63,0,134,85,23.64,0,0,0,70,2,0,0,8766,0,3652.5,1
5013298,37,1,125,82,19.53,1,30,0,60,1,0,0,2046,0,2046,0
5017886,59,0,205,92.5,25.86,1,3,0,66,3,0,0,8766,0,3652.5,1
5023667,55,1,169.5,104.5,27.51,0,0,0,76,1,0,0,5997,0,3652.5,1
5023860,53,0,159,99,27.94,0,0,0,75,2,0,0,8766,0,3652.5,1
5026573,40,0,125.5,80,21.99,1,5,0,71,3,0,0,8766,0,3652.5,1
5027296,56,0,185,107.5,26.45,0,0,0,82,2,0,0,3601,0,3601,0
5032031,41,0,120.5,76,22.91,1,15,0,75,3,0,0,331,0,331,0
5035357,45,1,144,110,25.71,1,3,0,58,,0,0,8766,0,3652.5,1
5036659,37,0,96.5,67,24.99,1,20,0,68,2,0,0,8766,0,3652.5,1
5036905,50,0,152,97,33.68,0,0,0,75,2,0,1,7442,0,3652.5,1
5041608,41,0,130,88,22.25,0,0,0,85,4,0,0,8766,0,3652.5,1
5047061,41,1,132,85.5,31.06,0,0,0,58,2,0,0,8766,0,3652.5,1
5049730,49,0,127,86,23.68,1,20,0,95,2,0,0,7283,0,3652.5,1
5050572,51,1,129,94,23.9,1,6,0,65,2,0,0,8766,0,3652.5,1
5054096,62,1,149.5,85,25.42,0,0,0,65,2,0,0,4245,0,3652.5,1
5054621,42,1,110,69,26.25,0,0,0,60,1,0,1,7894,0,3652.5,1
5057178,59,0,124,74,25.56,0,0,0,72,3,0,0,8766,0,3652.5,1
5059296,52,0,148,92,22.7,0,0,0,70,1,0,0,8766,0,3652.5,1
5059363,37,0,106,59.5,22.71,1,20,0,72,2,0,0,8766,0,3652.5,1
5061930,36,1,126,87,28.09,1,30,0,78,2,0,0,8766,0,3652.5,1
5067935,36,1,121,79.5,27.08,0,0,0,56,2,0,0,8766,0,3652.5,1
5069437,39,0,110.5,69,22.19,1,9,0,60,4,0,0,8766,0,3652.5,1
5074257,55,0,146.5,80,20.69,0,0,0,100,2,0,0,8766,0,3652.5,1
5075293,40,0,116,69,23.9,1,10,0,75,4,0,0,8766,0,3652.5,1
5075903,38,1,130,95,23.1,0,0,0,65,3,0,1,2207,1,2207,0
5078483,44,0,110,78,20.88,1,5,0,60,4,0,0,8766,0,3652.5,1
5078904,54,1,116,77,28.56,0,0,0,57,1,0,0,7439,0,3652.5,1
5080235,40,1,129,76.5,24.12,1,30,0,70,2,0,1,8754,0,3652.5,1
5081457,42,0,115,72,23.72,1,15,0,73,3,0,0,8766,0,3652.5,1
5088581,62,0,130,91,31.12,0,0,0,80,1,0,0,8766,0,3652.5,1
5091237,48,1,130,95,23.68,1,1,0,68,1,0,1,6557,0,3652.5,1
5092337,66,0,220,96,44.71,0,0,0,110,1,0,0,4235,0,3652.5,1
5097047,54,0,116,79,24.77,1,20,0,72,1,0,0,8766,0,3652.5,1
5101325,57,0,116,83,25.77,0,0,0,70,2,0,0,8766,0,3652.5,1
5105227,38,1,124,82,29.08,0,0,0,82,4,0,0,8766,0,3652.5,1
5110592,42,0,146,90,28.78,0,0,0,60,4,0,0,8766,0,3652.5,1
5110937,42,0,127,90,38.54,1,30,0,75,1,0,0,8766,0,3652.5,1
5111687,45,0,111,72,17.32,1,20,0,88,2,0,0,8766,0,3652.5,1
5112172,48,1,134,83,25.08,0,0,0,75,1,0,1,6176,0,3652.5,1
5113511,44,1,182,111,39.04,0,0,0,90,4,0,0,8766,0,3652.5,1
5116139,62,0,118,79.5,30.21,0,0,0,82,1,0,0,8469,0,3652.5,1
5117046,41,0,124,86,28.25,0,0,0,83,1,0,0,8766,0,3652.5,1
5118806,62,0,139,78,21.11,0,0,,85,3,0,1,5618,0,3652.5,1
5123092,58,0,170,98,28.88,1,20,1,72,1,0,0,5376,0,3652.5,1
5124704,49,1,150,88,27.92,1,20,0,75,1,0,0,8766,0,3652.5,1
5126804,54,0,107.5,67.5,20.26,0,0,0,75,1,0,0,8766,0,3652.5,1
5127790,53,0,109,79,,0,0,0,92,3,0,0,385,0,385,0
5128590,43,0,124,79,30.28,0,0,0,72,1,0,0,8766,0,3652.5,1
5128649,61,0,210,120,25.11,0,0,0,88,2,0,1,7452,0,3652.5,1
5131905,63,1,109,75,38.42,0,0,0,110,1,0,0,5265,0,3652.5,1
5132196,56,0,142,84,27.9,1,9,,74,1,0,1,2603,1,2603,0
5139312,38,1,120,74,28.74,1,50,0,70,2,0,0,8766,0,3652.5,1
5141881,58,1,110,70,26.4,1,20,0,70,2,0,0,7307,0,3652.5,1
5142177,53,0,132,81,26.18,0,0,0,67,1,0,0,8766,0,3652.5,1
5146930,45,0,130,80,20.24,1,3,0,90,2,0,1,8411,0,3652.5,1
5146932,51,0,151,92,30.67,1,20,0,80,2,0,0,6591,0,3652.5,1
5149091,52,1,184,102,28.88,1,30,1,90,1,0,0,3489,0,3489,0
5151585,40,1,105,73,27.15,1,20,0,67,1,0,0,8766,0,3652.5,1
5156373,42,1,130,91,25.77,1,30,0,72,1,0,0,4775,0,3652.5,1
5156634,37,1,134.5,91,27.97,1,1,0,86,2,0,0,8766,0,3652.5,1
5156662,52,0,115,80,28.79,1,20,0,72,1,0,0,8766,0,3652.5,1
5159504,44,1,127,86,26.41,1,15,0,85,2,0,1,3888,0,3652.5,1
5162318,44,1,97,62,22.19,1,30,0,90,2,0,0,8766,0,3652.5,1
5163592,42,1,128,83,33.26,1,43,0,80,3,0,1,8546,0,3652.5,1
5163790,45,1,124,81,27.94,1,25,0,69,2,0,0,6226,0,3652.5,1
5164471,39,1,114,70,27.8,0,0,0,60,1,0,0,8766,0,3652.5,1
5166834,63,0,193,63,30,0,0,0,70,1,0,0,2488,0,2488,0
5166838,42,1,121.5,79,24.2,1,20,0,92,1,0,1,4478,0,3652.5,1
5169197,55,1,120,80,28.89,0,0,0,60,4,0,1,7590,0,3652.5,1
5173935,46,0,154,98,28.23,0,0,0,75,3,0,0,8766,0,3652.5,1
5175217,45,1,128,79,32.03,0,0,0,70,1,0,0,8766,0,3652.5,1
5175558,37,0,115,69,24.66,0,0,0,72,2,0,0,8766,0,3652.5,1
5175566,50,0,120,75,23.88,0,0,0,60,2,0,0,8766,0,3652.5,1
5176465,52,1,158,96,21.17,1,20,0,74,2,1,0,8766,0,3652.5,1
5176881,53,1,120,80,29.35,1,20,0,64,1,0,0,8766,0,3652.5,1
5178346,46,1,181.5,102.5,26.33,1,15,0,98,1,0,0,4659,0,3652.5,1
5179879,35,0,109,73,26.38,0,0,0,71,2,0,0,8766,0,3652.5,1
5180955,42,0,115,71,24.46,1,10,0,75,2,0,0,8766,0,3652.5,1
5184322,48,0,129,90,16.61,1,2,0,80,1,0,0,2021,0,2021,0
5185633,52,0,130,75,28.35,0,0,0,82,1,0,0,3672,0,3652.5,1
5191102,41,1,150,101,28.54,0,0,0,75,3,0,0,8766,0,3652.5,1
5191471,48,0,154,84,31.76,1,35,0,72,1,0,1,6455,0,3652.5,1
5194020,62,1,139,80,21.28,1,20,0,63,1,0,0,7569,0,3652.5,1
5198221,53,0,188.5,106.5,29.82,0,0,0,68,4,0,0,8766,0,3652.5,1
5199104,60,1,127.5,72.5,25.06,1,20,0,65,1,0,0,2453,0,2453,0
5203484,45,1,99,76,24.61,1,20,0,94,4,0,0,8766,0,3652.5,1
5205583,39,1,106,80,23.57,1,20,0,85,1,0,0,8766,0,3652.5,1
5216383,43,1,132.5,85,26.64,1,20,0,72,2,0,0,8766,0,3652.5,1
5220773,34,0,118,77,25.56,1,40,0,86,2,0,0,8766,0,3652.5,1
5226646,42,1,120,83,27.26,1,20,0,85,1,0,0,8766,0,3652.5,1
5228818,60,1,122.5,68.5,22.13,1,30,0,80,1,0,0,8766,0,3652.5,1
5229179,65,0,165,95,22.84,1,1,0,80,4,0,0,4266,0,3652.5,1
5230709,45,0,116,75,21.35,1,10,0,92,1,0,0,8766,0,3652.5,1
5231784,38,0,113,68,21.35,1,10,0,60,2,0,0,1456,0,1456,0
5232877,38,1,122.5,80,23.97,0,0,0,60,4,0,0,8766,0,3652.5,1
5236232,59,0,142.5,74.5,25.63,0,0,0,85,1,0,0,8766,0,3652.5,1
5236629,55,0,170,92,26.09,0,0,0,96,1,0,0,7193,0,3652.5,1
5237261,62,1,132.5,80,27.2,0,0,0,70,2,0,0,4934,0,3652.5,1
5240385,37,0,118,76,19.61,1,43,0,65,2,0,0,8766,0,3652.5,1
5245299,38,1,119,83.5,24.18,1,20,0,68,3,0,0,8766,0,3652.5,1
5246256,52,1,110,79,23.41,0,0,0,67,4,0,0,8766,0,3652.5,1
5248105,45,0,112,70,23.48,1,15,0,68,4,0,0,8766,0,3652.5,1
5251303,41,0,107.5,68,21.1,1,15,0,80,2,0,0,8766,0,3652.5,1
5251766,52,1,125,82,24.06,0,0,0,73,1,0,1,1221,1,1221,0
5254893,59,1,111.5,67,20.12,1,20,0,55,1,0,0,5322,0,3652.5,1
5258833,53,0,139,80,20.31,0,0,0,72,3,0,0,8766,0,3652.5,1
5267782,48,0,165,84,27.6,0,0,0,122,1,0,0,8766,0,3652.5,1
5273892,54,1,145,92.5,26.2,1,43,0,72,3,0,1,448,1,448,0
5274565,39,1,108,75,23.9,1,30,0,67,4,0,0,8766,0,3652.5,1
5275601,46,1,138,97,33.79,0,0,0,90,2,0,0,8766,0,3652.5,1
5277106,45,1,116,68,26,1,20,0,78,2,0,0,8242,0,3652.5,1
5277270,50,0,138,72,25.03,1,20,0,110,2,0,0,8766,0,3652.5,1
5279363,46,1,108,74,23.97,1,20,0,85,4,0,0,8766,0,3652.5,1
5281887,36,0,108,62,20.79,0,0,0,75,1,0,0,8766,0,3652.5,1
5282731,53,0,164,111,39.53,0,0,0,100,4,0,0,8766,0,3652.5,1
5283981,50,1,148,108,24,1,20,0,80,4,0,0,8766,0,3652.5,1
5293128,63,0,131.5,91,24.69,0,0,0,80,1,0,0,8766,0,3652.5,1
5293567,38,0,96,67,20.4,1,15,0,65,4,0,0,8766,0,3652.5,1
5293851,56,0,120,60,22.89,0,0,0,75,3,0,0,8766,0,3652.5,1
5298118,41,1,128,84,31.61,0,0,0,66,,0,0,8766,0,3652.5,1
5301501,38,0,114,73.5,27.06,1,10,0,68,1,0,0,7667,0,3652.5,1
5303425,48,1,148,103,28.31,0,0,0,75,4,0,1,7980,0,3652.5,1
5308378,56,1,140,86,25.16,1,20,0,90,1,0,0,8266,0,3652.5,1
5308902,55,0,127.5,69,26.76,0,0,0,76,1,0,0,8766,0,3652.5,1
5309802,41,1,120,78,28.78,1,10,0,80,4,0,0,8766,0,3652.5,1
5312347,48,1,130.5,90,29.07,0,0,0,85,1,0,0,8766,0,3652.5,1
5312597,57,1,128.5,87.5,25.38,0,0,0,80,3,0,0,6519,0,3652.5,1
5314092,44,1,116,67,28.3,1,20,0,75,1,0,0,8766,0,3652.5,1
5315020,40,1,120,80,25.98,1,40,0,75,3,0,0,8766,0,3652.5,1
5317883,45,0,100,70,23.45,1,5,0,73,3,0,0,8766,0,3652.5,1
5318302,57,1,109.5,72,25.62,0,0,0,72,3,0,0,8766,0,3652.5,1
5319523,65,0,190,90,39.54,1,3,0,80,1,0,0,4041,0,3652.5,1
5319950,58,0,185,105,31.18,1,8,1,75,1,0,1,4870,0,3652.5,1
5320482,42,1,132,86,29.76,1,20,0,75,4,0,0,8766,0,3652.5,1
5321871,38,1,115,75,26.49,0,0,0,75,2,0,0,8766,0,3652.5,1
5322312,41,1,139,80,25.51,1,20,0,62,2,0,1,1848,1,1848,0
5325322,61,0,136.5,89,30.65,0,0,0,63,,0,1,7395,0,3652.5,1
5329295,63,0,148,75,28.87,0,0,0,70,1,0,1,3600,1,3600,0
5334706,43,1,125,80,23.05,0,0,0,63,4,0,0,8766,0,3652.5,1
5339537,43,1,137,86,26.32,1,15,0,100,2,0,0,8766,0,3652.5,1
5342374,52,1,133,96,25.95,1,30,0,65,4,0,1,3046,1,3046,0
5348971,48,0,124.5,66.5,33.29,0,0,0,80,2,0,0,8766,0,3652.5,1
5349895,45,0,107.5,80,28.06,0,0,0,74,1,0,0,8766,0,3652.5,1
5356037,44,1,134,88,23.77,1,20,0,75,1,0,0,8766,0,3652.5,1
5361397,49,0,174,90,18.44,1,30,1,110,2,0,0,8766,0,3652.5,1
5366045,42,1,110,70,19.97,1,20,0,75,4,0,0,8766,0,3652.5,1
5369360,42,0,120,70,24.1,1,6,0,57,4,0,0,8766,0,3652.5,1
5370894,57,0,192,105,27.04,1,20,1,64,1,0,1,8461,0,3652.5,1
5372124,57,1,109,77,25.57,0,0,0,75,3,0,0,8766,0,3652.5,1
5372264,54,0,138,79,21.93,0,0,0,75,2,0,0,8766,0,3652.5,1
5372344,39,1,146,92,25.91,0,0,0,69,4,0,0,8766,0,3652.5,1
5374348,50,0,176.5,115,27.71,1,10,0,70,3,0,0,8766,0,3652.5,1
5374712,49,0,110,71,22.02,1,1,0,73,2,0,0,8766,0,3652.5,1
5375890,49,1,101,69,28.4,1,20,0,85,1,0,0,8766,0,3652.5,1
5376507,48,1,148,91,25.79,0,0,0,75,2,0,0,8766,0,3652.5,1
5383323,39,0,110,78,22,1,9,0,75,2,0,0,8766,0,3652.5,1
5383432,54,0,137,84,24.96,0,0,0,60,3,0,0,8766,0,3652.5,1
5389706,51,0,110.5,69,21.8,0,0,0,70,2,0,0,8766,0,3652.5,1
5393855,54,1,153,100,27.03,1,30,0,52,2,0,1,4262,0,3652.5,1
5397562,58,0,177,97,28.4,0,0,0,86,2,0,0,8766,0,3652.5,1
5399289,45,0,127.5,83.5,27.73,0,0,0,90,1,0,0,8766,0,3652.5,1
5401714,60,1,119,76,24.8,0,0,0,71,4,0,0,8766,0,3652.5,1
5409020,47,1,112.5,73,24.27,1,1,0,68,,0,0,8766,0,3652.5,1
5414934,40,0,132,92,23.45,0,0,0,75,2,0,1,7900,0,3652.5,1
5415774,64,0,133,77.5,35.62,0,0,0,77,1,0,0,5269,0,3652.5,1
5416719,47,0,160,96,28.02,0,0,0,94,1,0,0,8766,0,3652.5,1
5421793,54,1,113.5,72,21.78,1,30,0,65,4,0,0,8766,0,3652.5,1
5422346,60,1,149,95,26.68,1,40,0,67,1,0,1,490,1,490,0
5422551,48,1,183,108,28.11,0,0,1,106,2,0,1,7352,0,3652.5,1
5424701,41,0,129,86,20.72,0,0,0,60,4,0,0,8766,0,3652.5,1
5427395,36,0,116,85.5,26.32,0,0,0,95,1,0,0,8766,0,3652.5,1
5431103,37,1,123,92,28.61,0,0,0,71,4,0,0,8766,0,3652.5,1
5437005,39,0,114,68,24.2,0,0,0,80,2,0,0,8766,0,3652.5,1
5438038,63,1,199,114,29.76,0,0,0,95,1,0,1,8112,0,3652.5,1
5442847,66,1,159,92,26.35,1,3,0,66,2,0,1,8697,0,3652.5,1
5442951,48,0,171,97,32.67,0,0,0,95,1,0,0,8766,0,3652.5,1
5444736,37,0,197.5,125,43.48,1,1,0,68,1,0,1,5552,0,3652.5,1
5446623,64,0,190,100,32.68,0,0,0,92,2,0,0,8766,0,3652.5,1
5447717,46,0,116,88.5,28.04,0,0,0,70,2,0,0,8766,0,3652.5,1
5454398,38,1,116,81,30.19,0,0,0,62,1,0,0,3132,0,3132,0
5454992,43,0,112.5,80,23.43,1,20,0,90,1,0,0,8766,0,3652.5,1
5459078,44,0,120,83.5,24.3,1,5,0,67,1,0,0,8766,0,3652.5,1
5461840,44,1,116,77.5,26.09,1,20,0,75,1,0,1,7592,0,3652.5,1
5462688,63,0,158.5,90,20.5,1,9,0,72,1,0,0,4757,0,3652.5,1
5465261,63,1,145.5,80,26.6,0,0,0,72,1,0,1,2434,1,2434,0
5465430,46,0,174,100,26.72,0,0,0,85,1,0,0,8766,0,3652.5,1
5466095,46,0,133,84,26.15,0,0,0,70,1,0,0,8766,0,3652.5,1
5473819,60,1,107.5,72,26.53,1,20,0,70,1,0,0,5655,0,3652.5,1
5483120,61,1,110,66,26.28,1,13,0,68,1,0,1,6200,0,3652.5,1
5484791,51,0,133,87,20.72,1,5,0,78,2,0,0,8766,0,3652.5,1
5484818,63,1,116,83,27.8,1,9,0,65,3,0,0,8723,0,3652.5,1
5491585,61,1,195,108,25.08,1,15,0,75,1,0,0,5565,0,3652.5,1
5494267,36,1,140,85,24.39,0,0,0,67,2,0,0,8766,0,3652.5,1
5495022,43,1,145,85,28.77,1,15,0,75,1,0,0,8766,0,3652.5,1
5495102,60,1,135,75,22.17,1,12,0,75,4,0,1,2993,1,2993,0
5496234,46,1,101,71,20.1,1,20,0,80,4,0,0,8766,0,3652.5,1
5497077,48,0,143,81,24,1,20,0,85,1,0,0,4652,0,3652.5,1
5497955,66,1,145,88,25.41,1,20,0,69,4,0,0,8766,0,3652.5,1
5500930,40,1,122,78,28.4,1,20,0,70,2,0,0,8766,0,3652.5,1
5503359,42,0,111,71,27.23,0,0,0,67,1,0,0,8766,0,3652.5,1
5504990,44,0,146,78,25.25,1,10,0,69,1,0,0,8766,0,3652.5,1
5505085,46,1,122,87.5,29.15,1,20,0,80,2,0,0,8766,0,3652.5,1
5506032,50,0,120,80,25.26,1,15,0,96,1,0,0,2641,0,2641,0
5510842,40,0,150,93,31.77,0,0,0,93,2,0,0,8766,0,3652.5,1
5515353,50,1,180,100,25.9,1,20,0,92,4,0,1,1935,1,1935,0
5519558,49,0,109,70,28.66,1,9,0,74,1,0,0,1947,0,1947,0
5519726,42,0,115.5,79,22.9,1,9,0,80,2,0,0,8766,0,3652.5,1
5519943,39,0,121,78.5,24.26,0,0,0,67,3,0,0,8766,0,3652.5,1
5522225,49,1,132,85,33.14,0,0,0,81,2,0,1,1969,1,1969,0
5522599,50,0,165,100,24.59,0,0,0,75,3,0,0,1854,0,1854,0
5522678,58,0,155,86,22.09,0,0,0,68,3,0,0,8766,0,3652.5,1
5524868,41,0,102,67,19.23,1,9,0,78,4,0,0,8766,0,3652.5,1
5526275,37,1,110,72.5,26.09,0,0,0,77,4,0,1,2543,1,2543,0
5528494,43,1,115,80,28.82,0,0,0,52,4,0,0,8766,0,3652.5,1
5531711,64,0,136.5,85,26.42,1,30,0,70,1,0,0,5709,0,3652.5,1
5532417,49,0,107,73,29.36,0,0,0,79,,0,0,8766,0,3652.5,1
5545617,40,0,118,72,24.75,0,0,0,87,3,0,0,8766,0,3652.5,1
5548788,48,1,144,79,25.09,1,25,0,67,4,0,0,8766,0,3652.5,1
5554883,63,0,175,78,20.15,0,0,0,68,3,0,0,8513,0,3652.5,1
5555135,51,0,120,81,28.25,0,0,0,80,2,0,0,8766,0,3652.5,1
5555951,64,0,146,106,27.96,0,0,0,75,3,0,0,6353,0,3652.5,1
5558226,58,0,150,101,36.91,0,0,0,72,1,0,1,4100,0,3652.5,1
5559339,48,0,132,81,24.35,1,17,0,75,4,0,0,8766,0,3652.5,1
5559740,37,1,125,75,29.19,1,25,0,60,1,0,0,8766,0,3652.5,1
5560361,58,0,180,100,25.56,1,20,0,100,1,0,0,1761,0,1761,0
5565655,55,0,165,106,24.71,0,0,0,90,2,0,0,8766,0,3652.5,1
5570410,42,0,126,86,23.98,0,0,0,80,3,0,0,8766,0,3652.5,1
5573738,43,1,105,72.5,28.36,1,30,0,82,1,0,0,6381,0,3652.5,1
5574118,44,0,128,81.5,27.51,1,9,0,80,1,0,0,8766,0,3652.5,1
5574638,37,1,129,74,24.46,1,20,0,86,2,0,0,8766,0,3652.5,1
5581664,50,0,132,96,29.35,0,0,0,90,3,0,0,8766,0,3652.5,1
5584494,58,1,128,83,29.63,0,0,0,68,1,0,1,1381,1,1381,0
5586632,42,1,113,81,26.17,1,5,0,90,2,0,0,8766,0,3652.5,1
5599630,48,1,134.5,84,27.97,1,20,0,65,2,0,0,8766,0,3652.5,1
5601324,32,0,111,70,29.84,1,15,0,80,2,0,0,8766,0,3652.5,1
5602336,39,0,118,84,25.57,0,0,0,80,3,0,0,8766,0,3652.5,1
5602563,57,0,181,112.5,27.05,0,0,,85,4,0,1,1802,1,1802,0
5606575,54,0,150,94,27.34,1,5,0,75,2,0,1,4104,0,3652.5,1
5609694,50,0,148,92.5,22.99,0,0,0,80,2,0,0,8766,0,3652.5,1
5609943,60,0,146,80,28.53,0,0,0,95,1,0,0,2614,0,2614,0
5610480,54,0,176,87,29.23,0,0,0,82,1,0,0,8766,0,3652.5,1
5614518,46,0,115,75,22.9,0,0,0,58,3,0,0,8766,0,3652.5,1
5614891,50,0,144,88,39.08,0,0,0,60,1,0,0,1644,0,1644,0
5616367,45,1,133,87,31.9,0,0,0,88,1,0,0,8766,0,3652.5,1
5623841,63,1,124,81,24.38,0,0,0,67,3,0,0,8064,0,3652.5,1
5623979,60,1,137,80,29.99,0,0,0,65,1,0,0,8766,0,3652.5,1
5626377,52,0,135,86,27.02,0,0,0,100,1,0,0,8766,0,3652.5,1
5629658,58,1,145,72.5,26.27,0,0,0,88,1,0,0,889,0,889,0
5633361,38,0,166,96,33.14,1,10,0,75,2,0,0,8766,0,3652.5,1
5633456,59,1,136,96,28.61,1,30,0,54,4,0,0,8556,0,3652.5,1
5633952,41,0,121,88,23.57,0,0,0,70,1,0,0,8766,0,3652.5,1
5636409,46,1,137,88,29.28,1,20,0,110,2,0,0,8766,0,3652.5,1
5641919,53,0,146,91,29.3,0,0,0,75,4,0,1,1440,1,1440,0
5645503,50,1,132.5,92,30.41,0,0,0,68,4,0,0,8766,0,3652.5,1
5647632,57,0,142,85,22.55,1,1,0,80,1,0,0,8766,0,3652.5,1
5650728,40,1,114,76,26.51,1,20,0,70,1,0,1,6622,0,3652.5,1
5652049,41,0,108,62,23.92,0,0,0,63,3,0,0,8766,0,3652.5,1
5652945,41,0,129,89,39.69,1,9,0,110,2,0,0,8766,0,3652.5,1
5658506,56,0,113,61,25.5,0,0,0,79,3,0,0,8415,0,3652.5,1
5663699,49,0,137,95,25.29,0,0,0,100,1,0,0,3471,0,3471,0
5666542,47,1,137.5,88.5,23.75,0,0,0,83,1,0,0,8766,0,3652.5,1
5670012,64,1,102,61,23.29,0,0,0,70,3,0,0,6199,0,3652.5,1
5677121,59,0,137,83.5,25.18,1,15,0,86,3,0,1,8543,0,3652.5,1
5679002,40,1,122,95,23.81,1,8,0,80,3,0,0,7554,0,3652.5,1
5680044,45,0,118.5,76,25.38,1,3,0,74,3,0,0,8766,0,3652.5,1
5681674,46,0,110,68,22.19,0,0,0,68,3,0,0,8766,0,3652.5,1
5687869,42,0,136,88,34.55,0,0,0,75,2,0,0,8766,0,3652.5,1
5692077,62,1,125.5,72.5,31.11,1,10,0,62,1,0,0,3802,0,3652.5,1
5692526,41,0,124,78,25.27,1,20,0,88,1,0,1,5551,0,3652.5,1
5698028,35,0,105,69,22.88,0,0,0,70,2,0,0,8766,0,3652.5,1
5699184,37,0,120,87,21.8,1,10,0,66,4,0,0,8766,0,3652.5,1
5701203,55,1,130,85,30.16,1,30,0,72,1,0,1,7818,0,3652.5,1
5703699,56,1,136.5,97,26.64,1,30,0,93,4,0,0,8766,0,3652.5,1
5704083,51,1,125,82,24.1,1,15,0,60,1,0,1,2312,1,2312,0
5706714,49,0,123,69,21.45,1,,0,72,1,0,0,6974,0,3652.5,1
5708351,62,0,130,87,21.34,0,0,0,85,1,0,0,7347,0,3652.5,1
5708844,49,0,123.5,78,22.86,1,20,0,92,1,0,0,827,0,827,0
5708915,44,0,150,89,21.11,1,3,0,90,2,0,0,8766,0,3652.5,1
5712602,47,1,137,97,27.31,1,15,0,66,2,0,0,8766,0,3652.5,1
5713792,39,1,118,70,23.57,1,20,0,64,2,0,0,8766,0,3652.5,1
5713871,51,0,102.5,64.5,24.14,1,10,0,65,2,0,0,8766,0,3652.5,1
5717558,48,1,113,79,27.33,1,17,0,62,2,0,0,8766,0,3652.5,1
5722081,43,1,129,81,19.05,1,20,0,63,1,0,0,8766,0,3652.5,1
5725206,65,0,94,62,25.83,0,0,0,80,1,0,0,8766,0,3652.5,1
5736677,65,0,163,102,30.12,0,0,0,91,3,0,0,4324,0,3652.5,1
5740713,56,1,210,130,25.49,1,20,0,95,2,0,0,1660,0,1660,0
5741589,61,0,147.5,72.5,26.58,1,25,0,83,1,0,0,8337,0,3652.5,1
5743514,45,1,132,91,28.04,1,9,0,70,2,0,0,8766,0,3652.5,1
5745623,61,0,112.5,75,21.97,0,0,0,60,3,0,0,8766,0,3652.5,1
5745943,53,0,184.5,110.5,27.49,0,0,0,62,1,0,0,3738,0,3652.5,1
5751269,65,0,141,82.5,29.48,0,0,0,80,1,0,0,8766,0,3652.5,1
5752004,34,0,92.5,70,22.15,1,10,0,65,2,0,0,8766,0,3652.5,1
5755785,46,1,126,85,30.1,1,9,0,80,1,0,0,8766,0,3652.5,1
5756416,49,1,172,105,19.7,1,20,0,90,3,0,0,3077,0,3077,0
5757051,63,0,120,82,25.58,0,0,0,78,1,0,0,7038,0,3652.5,1
5761861,55,1,128,87,28.57,1,20,0,70,4,0,1,4335,0,3652.5,1
5765305,42,1,110,73,22.4,1,9,0,61,2,0,0,8766,0,3652.5,1
5765351,44,0,102,68,32.82,1,5,0,88,1,0,0,8766,0,3652.5,1
5768992,49,1,115,79,21.86,1,9,0,48,2,0,0,8766,0,3652.5,1
5770978,60,1,138.5,87.5,19.54,1,20,0,64,,0,0,5150,0,3652.5,1
5771604,47,0,120,77.5,23.26,1,20,0,85,4,0,0,8766,0,3652.5,1
5774529,49,1,132,76,20.26,1,20,0,75,3,0,0,8766,0,3652.5,1
5777388,52,0,128,74,21.84,1,20,0,65,3,0,0,7091,0,3652.5,1
5777606,41,0,125,88,24.88,0,0,0,107,2,0,0,8766,0,3652.5,1
5778081,36,1,127.5,77.5,30.2,1,20,0,56,4,0,0,8766,0,3652.5,1
5780943,50,0,145,89,20.3,1,9,0,66,2,0,0,8766,0,3652.5,1
5782544,59,1,165,99,29.07,1,20,0,96,2,0,1,1034,1,1034,0
5785607,44,1,127,82.5,27.43,1,43,0,77,4,0,1,7966,0,3652.5,1
5787128,49,0,126,82.5,27.49,0,0,0,100,3,0,0,8766,0,3652.5,1
5787711,51,1,117.5,77.5,27.78,0,0,0,68,2,0,0,8766,0,3652.5,1
5793468,56,0,160,97.5,23.4,1,20,0,85,3,0,1,3125,1,3125,0
5794017,38,1,136.5,87,29.84,0,0,0,91,2,0,0,8766,0,3652.5,1
5800617,66,1,138,91,32.33,0,0,0,75,2,0,0,2391,0,2391,0
5801472,54,0,127,68.5,22.54,0,0,0,70,2,0,0,8766,0,3652.5,1
5804977,48,0,103,76.5,23.25,1,25,0,72,2,0,0,4780,0,3652.5,1
5807368,63,0,172,95,27.68,1,30,1,50,2,0,0,5660,0,3652.5,1
5807636,63,1,129.5,82.5,24.91,1,20,0,88,2,0,0,8471,0,3652.5,1
5809146,50,0,176,113,22.17,1,30,0,68,4,0,0,6531,0,3652.5,1
5809431,51,1,125,94,29.11,0,0,0,72,1,0,0,8766,0,3652.5,1
5810143,48,1,116,82,26.09,0,0,0,80,3,0,0,8766,0,3652.5,1
5811718,60,0,162,85,32.76,0,0,0,75,1,0,0,8766,0,3652.5,1
5813001,48,1,102,69,24.24,1,20,0,68,3,0,0,7051,0,3652.5,1
5814775,58,1,136,86,23.97,0,0,0,71,3,0,1,8033,0,3652.5,1
5818501,44,0,124,72.5,23.07,0,0,0,67,1,0,0,8766,0,3652.5,1
5818706,39,0,127,78,17.51,1,20,0,75,2,0,0,8766,0,3652.5,1
5819641,37,0,115,76,23.55,1,9,0,85,2,0,0,8766,0,3652.5,1
5821512,56,1,109,75,24.58,1,20,0,67,2,0,0,7681,0,3652.5,1
5827279,59,1,128,91,28.23,0,0,0,70,3,0,0,8766,0,3652.5,1
5828398,53,0,202.5,85,24.65,0,0,0,107,2,0,1,4710,0,3652.5,1
5831274,59,1,120.5,78,25.45,0,0,0,60,2,0,1,1325,1,1325,0
5833584,65,1,140,100,29.36,0,0,0,80,1,1,0,2891,0,2891,0
5833762,39,0,112.5,75,22.91,1,9,0,72,2,0,0,8766,0,3652.5,1
5845019,58,0,145,88,36.65,0,0,1,60,1,0,0,8766,0,3652.5,1
5847530,40,0,112,67,21.83,1,20,0,75,2,0,0,8766,0,3652.5,1
5850303,37,1,102,72,19.68,1,9,0,67,2,0,0,8766,0,3652.5,1
5854201,64,1,156,69,21.68,0,0,0,66,1,0,1,5014,0,3652.5,1
5855624,62,1,140,97.5,27.27,0,0,1,70,1,0,0,8766,0,3652.5,1
5856634,35,1,132.5,79,34.04,0,0,0,75,,0,0,8766,0,3652.5,1
5865628,48,1,135,90,20.72,1,20,0,102,4,0,1,2484,1,2484,0
5866089,37,1,120,72,23.51,1,16,0,75,4,0,0,8766,0,3652.5,1
5867473,52,1,136,94,29.93,0,0,0,83,2,1,0,2058,0,2058,0
5868186,51,1,139,74,29.29,1,20,0,80,2,0,0,8766,0,3652.5,1
5869221,66,0,154,97,32.6,1,1,1,70,1,0,0,8766,0,3652.5,1
5872763,54,0,142.5,83.5,30.47,0,0,0,83,3,0,0,8676,0,3652.5,1
5876630,55,1,166,101,24.8,0,0,0,65,1,0,0,1303,0,1303,0
5878886,57,1,128,85,28.18,1,20,0,85,1,0,0,8766,0,3652.5,1
5878897,39,1,122.5,78.5,26.11,1,20,0,80,1,0,1,5574,0,3652.5,1
5879127,59,1,146,92,27.88,0,0,0,68,1,0,0,7045,0,3652.5,1
5885202,55,0,136.5,87.5,25.41,0,0,0,75,3,0,1,3974,0,3652.5,1
5886862,42,1,112,66,25.31,1,20,0,80,3,0,0,8766,0,3652.5,1
5887699,45,0,98,74,19.16,0,0,0,73,2,0,0,8766,0,3652.5,1
5887951,48,0,130,84,21.97,1,20,0,120,2,0,0,8766,0,3652.5,1
5888143,50,0,122,80,24.22,1,10,0,75,2,0,0,8766,0,3652.5,1
5889964,37,0,112.5,68,25.87,1,20,0,65,1,0,0,8766,0,3652.5,1
5892978,57,0,131,84,22.99,0,0,0,90,1,0,0,8766,0,3652.5,1
5893294,57,1,150,95.5,27.56,1,20,0,78,1,0,1,5228,0,3652.5,1
5893571,42,0,141,84.5,26.58,1,30,0,90,2,0,0,8766,0,3652.5,1
5899061,67,0,166,85,25.35,1,15,0,100,2,0,0,7689,0,3652.5,1
5899282,44,1,120,81,26.49,0,0,0,70,4,0,0,8766,0,3652.5,1
5906548,59,0,141,77.5,25.97,1,15,0,70,2,0,0,8766,0,3652.5,1
5907384,47,1,120,81,24.54,0,0,0,60,4,0,0,8766,0,3652.5,1
5908292,59,0,175,82,39.82,1,10,1,120,1,0,0,2389,0,2389,0
5916751,46,1,146,98.5,30.41,0,0,0,60,3,0,0,8766,0,3652.5,1
5918750,39,0,138,89,26.74,0,0,0,95,1,0,0,8766,0,3652.5,1
5919995,45,1,104,72,30.34,0,0,0,70,2,0,0,8766,0,3652.5,1
5928545,53,1,130,80,28.15,0,0,0,84,1,0,0,2601,0,2601,0
5929944,67,0,137.5,72.5,35.01,1,3,0,85,1,0,0,5072,0,3652.5,1
5934806,57,1,121,74,28.09,0,0,0,80,1,0,1,2112,1,2112,0
5939416,46,0,115,70,25.18,1,15,0,75,2,0,0,946,0,946,0
5944515,45,1,140,84,28.74,1,1,0,69,1,0,0,8766,0,3652.5,1
5944694,60,1,145,81,29.37,0,0,0,75,1,0,0,4276,0,3652.5,1
5946952,53,1,141,105,26.86,0,0,0,62,1,0,0,8766,0,3652.5,1
5949997,43,1,124,85,26.91,1,20,0,70,1,0,1,6564,0,3652.5,1
5960515,45,0,124,78,21.94,1,7,0,85,2,0,0,8766,0,3652.5,1
5961754,68,0,158,94,31.64,1,20,0,80,3,0,0,3273,0,3273,0
5966653,57,0,117,83,24.76,0,0,0,95,2,0,0,8498,0,3652.5,1
5972982,59,1,144,87.5,28.7,0,0,0,72,2,0,0,7504,0,3652.5,1
5976571,54,0,159,102,22.91,0,0,1,66,2,0,0,8766,0,3652.5,1
5978439,44,0,96,59,23.82,1,10,0,67,2,0,0,8766,0,3652.5,1
5980998,50,0,169,117,27.08,0,0,0,100,1,0,0,8766,0,3652.5,1
5983907,39,0,102.5,65,19.8,1,20,0,80,2,0,0,8766,0,3652.5,1
5987595,43,0,149,82,22.35,1,15,1,60,2,0,0,8766,0,3652.5,1
5988865,42,1,119,80,25.29,1,,0,62,1,0,0,8766,0,3652.5,1
5991895,36,0,100,61.5,22.19,0,0,0,60,1,0,0,8766,0,3652.5,1
5992879,54,1,133.5,80,23.4,0,0,0,85,2,0,0,8766,0,3652.5,1
5993032,41,0,113,70,23.78,0,0,0,65,2,0,0,8766,0,3652.5,1
5993325,60,1,114,82,23.96,0,0,0,70,4,0,0,8766,0,3652.5,1
5993688,63,0,151,88,25.94,0,0,0,69,,0,0,8766,0,3652.5,1
5997713,41,1,125,79,19.09,0,0,0,60,1,0,1,7183,0,3652.5,1
6000408,52,1,128,82,23.96,0,0,0,70,4,0,0,8766,0,3652.5,1
6000911,53,1,110,79,24.76,1,20,0,75,1,0,0,8766,0,3652.5,1
6004697,37,0,110,71,18.3,1,15,0,80,3,0,0,8766,0,3652.5,1
6007589,45,0,191.5,95.5,27.94,1,5,0,95,1,0,0,8766,0,3652.5,1
6009543,47,1,120,73,24.45,1,20,0,80,1,0,0,8766,0,3652.5,1
6011663,38,1,120,83.5,30.34,1,20,0,78,1,0,0,8766,0,3652.5,1
6016519,40,0,110,70,22.98,0,0,0,85,2,0,0,8766,0,3652.5,1
6016929,37,1,107.5,80,25.23,1,20,0,65,2,0,0,8766,0,3652.5,1
6019517,65,1,122,81,23.95,0,0,0,67,2,0,1,1443,1,1443,0
6026757,39,0,119,63.5,,0,0,0,76,4,0,0,8766,0,3652.5,1
6027433,49,0,137,96.5,29.3,1,9,0,70,4,0,0,8766,0,3652.5,1
6029266,39,0,112.5,85,25.31,1,20,0,75,2,0,0,8766,0,3652.5,1
6033947,41,0,149.5,93,35.42,0,0,0,68,1,0,0,5466,0,3652.5,1
6034278,48,1,117.5,80,23.68,0,0,0,66,1,0,0,8766,0,3652.5,1
6039139,50,1,159,95,25.2,0,0,0,75,1,0,0,8766,0,3652.5,1
6040238,67,0,121,83,30.12,0,0,0,75,1,0,0,8386,0,3652.5,1
6041298,41,1,113,82.5,25.67,1,30,0,67,2,0,1,6215,0,3652.5,1
6043443,46,1,140,86,31.93,0,0,0,85,2,0,0,8766,0,3652.5,1
6044897,43,0,126,73,20.43,0,0,0,72,3,0,0,8766,0,3652.5,1
6046010,55,0,122,86,30.61,0,0,0,79,1,0,0,8766,0,3652.5,1
6047818,55,1,110,71,24.24,1,20,0,75,3,0,0,8766,0,3652.5,1
6048685,48,0,155,100,27.86,1,9,0,75,3,0,0,8664,0,3652.5,1
6051648,57,1,107.5,72.5,24.74,1,,0,62,,0,0,7322,0,3652.5,1
6058185,48,0,144,90,29.34,0,0,0,72,1,0,0,7294,0,3652.5,1
6058771,38,0,122,81,27.14,0,0,0,64,3,0,0,8766,0,3652.5,1
6059690,48,0,123,80,24.57,0,0,0,66,4,0,0,8766,0,3652.5,1
6060462,40,0,119,78.5,23.28,0,0,0,72,2,0,0,8766,0,3652.5,1
6061392,57,0,182.5,97,27.38,0,0,0,77,1,0,0,8766,0,3652.5,1
6062009,40,0,132.5,85.5,24.87,0,0,0,100,3,0,0,8766,0,3652.5,1
6062891,64,0,166,90,23.33,0,0,0,82,2,0,0,4423,0,3652.5,1
6064836,53,0,126,84,27.04,0,0,0,66,1,0,0,6131,0,3652.5,1
6065502,46,1,137.5,94,32.37,1,9,0,78,4,0,1,7688,0,3652.5,1
6066297,51,0,131.5,89,23.66,1,6,0,92,2,0,0,6343,0,3652.5,1
6066624,40,0,123,76.5,28,0,0,0,58,3,0,0,8766,0,3652.5,1
6068680,63,1,118,78,27.06,0,0,0,72,1,0,0,7469,0,3652.5,1
6072094,52,1,141,81.5,26.56,1,20,0,70,1,0,0,6464,0,3652.5,1
6073479,41,0,147.5,87.5,32.52,1,20,0,75,1,0,0,8766,0,3652.5,1
6074246,50,0,154.5,104,19.88,1,20,0,75,1,0,1,6414,0,3652.5,1
6075182,36,1,125,85,25.88,0,0,0,70,2,0,0,8766,0,3652.5,1
6075522,51,0,105,71,27.73,0,0,0,68,1,0,0,8766,0,3652.5,1
6077390,40,1,122,87,24.91,1,19,1,65,4,0,1,4745,0,3652.5,1
6077861,45,0,135,85,24.35,0,0,0,78,4,0,0,8766,0,3652.5,1
6078302,40,0,142.5,95,36.79,0,0,0,100,2,0,0,8766,0,3652.5,1
6081769,43,0,119,72,24.59,0,0,0,90,2,0,0,8766,0,3652.5,1
6084388,54,1,146,98,23.63,0,0,0,65,2,0,0,1204,0,1204,0
6086010,51,0,160,90,23.48,0,0,1,88,1,0,0,8766,0,3652.5,1
6086981,38,1,109,75,21.43,0,0,0,64,2,0,0,8766,0,3652.5,1
6093645,60,0,124,68,21.07,1,20,0,80,2,0,0,7618,0,3652.5,1
6095110,36,0,112,78,28.74,1,15,0,85,2,0,0,8766,0,3652.5,1
6096025,52,0,180,108,37.02,0,0,0,60,1,0,0,6385,0,3652.5,1
6096839,47,1,161,102,29.17,0,0,0,58,3,0,0,8766,0,3652.5,1
6099335,39,0,115,80,25.19,1,15,0,72,4,0,0,8766,0,3652.5,1
6100841,58,1,139,96,28.38,0,0,0,75,1,0,0,8766,0,3652.5,1
6102813,40,0,120,80,22.37,1,20,0,85,2,0,0,8766,0,3652.5,1
6103204,49,1,147,102,31.67,0,0,0,70,1,0,0,5870,0,3652.5,1
6116825,52,0,175,85,30.99,0,0,0,92,3,0,0,8766,0,3652.5,1
6129617,40,1,112.5,85,28.04,1,20,0,73,2,0,1,1591,1,1591,0
6130310,55,0,123,77.5,26.21,1,5,0,75,2,0,0,8766,0,3652.5,1
6131171,58,1,116.5,83,23.27,1,3,0,75,4,0,0,7803,0,3652.5,1
6132554,48,1,112,77,30.28,0,0,0,80,1,0,0,8766,0,3652.5,1
6138186,54,0,131,71,24.89,0,0,0,80,3,0,0,8766,0,3652.5,1
6138635,60,1,122,78,28.09,1,19,0,80,2,0,0,6187,0,3652.5,1
6139483,41,0,115,84,20.11,0,0,0,75,2,0,0,8766,0,3652.5,1
6152894,40,0,130,84,31.57,1,3,0,72,2,0,0,8766,0,3652.5,1
6153608,43,0,129,86,25.89,1,1,0,96,1,0,0,8766,0,3652.5,1
6153879,54,0,120,79,27.49,1,20,0,85,1,0,0,5579,0,3652.5,1
6154502,49,0,165,99,27.1,0,0,0,73,4,0,0,8766,0,3652.5,1
6158779,53,1,102.5,72.5,26.5,0,0,0,72,4,0,0,8766,0,3652.5,1
6160312,44,1,142,92,23.85,1,20,0,76,2,0,0,3514,0,3514,0
6160338,67,0,173,100,33.6,0,0,0,60,1,0,0,8766,0,3652.5,1
6160678,44,0,114,85,23.1,1,20,0,85,2,0,0,8766,0,3652.5,1
6160969,42,0,119,75,27.01,1,15,0,70,2,0,0,8766,0,3652.5,1
6161468,37,0,108,74,23.28,0,0,0,82,2,0,0,8766,0,3652.5,1
6164247,53,0,119,72.5,22.91,1,9,0,53,3,0,0,8766,0,3652.5,1
6167597,45,1,105,70,23.95,0,0,0,52,4,0,0,8766,0,3652.5,1
6171207,64,0,155,93,35.35,0,0,0,83,,0,0,8766,0,3652.5,1
6173434,36,0,107.5,66,22.02,1,20,0,80,3,0,0,8766,0,3652.5,1
6174644,64,1,155,99,22.46,1,20,0,75,1,0,0,8173,0,3652.5,1
6174867,54,0,144,82,29.45,1,2,0,63,3,0,0,8766,0,3652.5,1
6175066,55,1,135,95,28.69,1,5,0,75,1,0,1,7070,0,3652.5,1
6175472,59,1,182,102,25.91,1,3,0,66,1,0,1,2937,1,2937,0
6179014,55,1,129,84,23.55,1,20,0,80,3,0,0,8766,0,3652.5,1
6180290,60,0,130,82.5,26.76,0,0,0,65,2,0,0,8766,0,3652.5,1
6180508,57,0,125,72.5,25.27,0,0,0,83,1,0,0,8766,0,3652.5,1
6181283,42,0,137.5,82.5,30.55,0,0,0,63,1,0,0,8766,0,3652.5,1
6182229,59,1,162,91,33,1,40,0,85,3,0,1,2008,1,2008,0
6183041,58,0,170,104,24.51,0,0,0,70,1,0,0,8766,0,3652.5,1
6191560,57,0,133,77,24.27,0,0,0,75,1,0,0,8766,0,3652.5,1
6193708,52,0,208,136,25.79,0,0,,92,1,0,1,6183,0,3652.5,1
6196803,58,0,143.5,85.5,23.96,0,0,0,96,3,0,0,7784,0,3652.5,1
6197665,51,1,110,72,21.19,1,10,0,75,4,0,0,8766,0,3652.5,1
6198859,49,1,128,89,35.96,1,20,0,73,1,0,0,8766,0,3652.5,1
6198925,64,0,160,98,26.24,1,10,0,85,1,0,1,7516,0,3652.5,1
6202132,52,0,129,73,29.09,0,0,0,62,1,0,0,8766,0,3652.5,1
6205017,41,1,166,71,35.53,1,20,0,90,3,0,1,8616,0,3652.5,1
6207083,47,0,118,72,24.08,1,9,0,60,1,0,0,8766,0,3652.5,1
6210178,44,1,103,78,34.89,1,25,0,62,4,0,0,8766,0,3652.5,1
6210665,40,1,141,86,27.42,1,30,1,80,2,0,1,4800,0,3652.5,1
6211924,39,0,139.5,87,20.7,0,0,0,67,1,0,0,3660,0,3652.5,1
6211973,38,0,116,72,24.45,1,20,0,75,2,0,0,8766,0,3652.5,1
6213355,64,1,191,106,37.38,0,0,0,82,1,0,1,7269,0,3652.5,1
6215341,44,1,134,88,31.62,1,30,0,70,2,0,0,5581,0,3652.5,1
6218699,53,1,113,84,28.27,0,0,0,62,4,0,0,8766,0,3652.5,1
6221500,43,0,110,70,24.83,0,0,0,55,2,0,0,8766,0,3652.5,1
6223096,53,0,133,89,17.89,0,0,0,75,2,0,0,8766,0,3652.5,1
6223234,60,0,152.5,85,23.03,0,0,0,85,3,0,0,8766,0,3652.5,1
6223560,48,0,130,73,19.72,1,20,0,82,2,0,0,2677,0,2677,0
6223608,48,0,132,80,21.35,0,0,0,60,1,0,0,8766,0,3652.5,1
6227870,50,0,165,90,30.47,0,0,0,72,1,0,1,4082,0,3652.5,1
6228283,45,0,116,69,26.45,1,20,0,99,2,0,1,8742,0,3652.5,1
6228730,56,0,123,70,18.62,1,30,0,72,2,0,0,8766,0,3652.5,1
6229320,61,1,139,67,22.01,1,5,0,92,1,0,0,8766,0,3652.5,1
6229797,44,1,131,79,30.32,0,0,0,70,2,0,0,5085,0,3652.5,1
6233015,43,0,121.5,86.5,20.82,0,0,0,92,2,0,0,3645,0,3645,0
6235338,59,0,182.5,103,31.52,1,35,0,83,2,0,1,2817,1,2817,0
6242769,41,0,118,83,29.01,0,0,0,75,1,0,0,8766,0,3652.5,1
6243966,42,0,105,70,21.98,1,10,0,60,2,0,0,8766,0,3652.5,1
6252028,61,1,114,72.5,25.86,1,20,0,65,1,0,0,1815,0,1815,0
6253004,61,1,108.5,71,31.31,0,0,0,60,1,0,0,6394,0,3652.5,1
6254742,43,0,127,79.5,26.01,0,0,0,63,1,0,0,8766,0,3652.5,1
6255031,53,0,144,96,32.6,0,0,0,75,1,0,0,8766,0,3652.5,1
6255945,47,0,121,61,20.32,1,4,0,84,4,0,0,8766,0,3652.5,1
6264897,55,1,147,86.5,24.8,0,0,0,75,1,0,0,8766,0,3652.5,1
6264928,38,1,125,85,28.03,0,0,0,60,1,0,0,8766,0,3652.5,1
6265453,46,1,118,79,24.17,1,20,0,70,1,0,0,8766,0,3652.5,1
6271758,66,0,205,83,28.27,0,0,,75,1,0,0,2841,0,2841,0
6272845,64,0,160,82,21.11,0,0,0,108,1,0,0,3752,0,3652.5,1
6273963,40,0,120,73.5,21.32,1,5,0,65,1,0,0,8766,0,3652.5,1
6274057,60,0,114,78,33.88,0,0,0,94,2,0,0,7552,0,3652.5,1
6279515,63,0,152,88,36.54,0,0,0,72,1,0,0,6245,0,3652.5,1
6279754,64,0,147.5,93,25.16,0,0,0,95,1,0,0,5119,0,3652.5,1
6286367,45,1,143.5,90,21.07,0,0,0,90,2,0,0,8766,0,3652.5,1
6289256,47,1,131,74,18.88,1,20,0,60,2,0,0,8766,0,3652.5,1
6290232,54,1,122.5,77.5,27.93,0,0,0,92,4,0,0,8766,0,3652.5,1
6295018,42,0,111,81,29.47,1,20,0,75,1,0,0,8766,0,3652.5,1
6298378,52,0,139,80,22,0,0,0,68,4,0,0,4867,0,3652.5,1
6298961,46,1,119,80,25.86,0,0,0,75,1,0,0,8766,0,3652.5,1
6300384,55,0,190,130,56.8,0,0,0,90,1,0,0,8766,0,3652.5,1
6300517,40,0,104,74,18.75,1,20,0,90,2,0,0,8766,0,3652.5,1
6300904,44,1,145,88,23.39,1,20,0,60,2,0,0,8766,0,3652.5,1
6302024,52,1,119,82,26.55,1,30,0,65,3,0,0,5146,0,3652.5,1
6302725,65,0,120,75,25.41,0,0,0,87,3,0,1,4285,0,3652.5,1
6303496,51,0,151.5,79,26.91,0,0,0,84,1,0,0,8766,0,3652.5,1
6308892,42,0,127.5,90,31.75,0,0,0,120,1,0,0,8766,0,3652.5,1
6311194,42,1,125.5,80.5,25.35,1,20,0,66,2,0,1,5048,0,3652.5,1
6312149,58,1,83.5,58,29.66,1,15,0,95,1,0,1,7624,0,3652.5,1
6312255,40,0,96,67,23.46,1,10,0,52,1,0,0,8766,0,3652.5,1
6312710,41,1,152,73,25.21,1,30,0,75,3,0,0,8766,0,3652.5,1
6313295,57,0,161,90,38.11,0,0,1,68,2,0,0,5843,0,3652.5,1
6314175,55,1,129,86.5,33.76,0,0,0,95,,0,1,174,1,174,0
6314335,65,0,159,87,22.91,0,0,1,70,1,0,0,7951,0,3652.5,1
6317475,59,0,142,84,26.24,0,0,0,67,2,0,1,8256,0,3652.5,1
6318099,51,1,137.5,81,24.22,1,15,0,80,1,0,1,406,1,406,0
6323638,36,1,115,75,25.64,1,20,0,83,1,0,0,8766,0,3652.5,1
6327769,63,1,152.5,88,24.1,1,10,0,72,1,0,0,7086,0,3652.5,1
6338113,37,1,131.5,81,24.99,1,30,0,64,2,0,0,8766,0,3652.5,1
6339250,51,1,115,69,25.7,1,20,0,68,4,0,1,6089,0,3652.5,1
6339762,52,1,128,87,26.25,0,0,0,67,2,0,0,8766,0,3652.5,1
6340215,47,0,98,73,24.39,1,9,0,60,3,0,0,7514,0,3652.5,1
6341446,56,0,118,80,29.67,0,0,0,60,1,0,0,8766,0,3652.5,1
6342922,39,0,127,68,23.29,0,0,0,85,2,0,0,8766,0,3652.5,1
6343336,68,0,146.5,71,25.21,0,0,0,100,2,0,1,8016,0,3652.5,1
6346852,52,0,150,94,28.68,0,0,0,67,1,1,0,5727,0,3652.5,1
6348504,65,0,210,135,24.73,0,0,0,72,1,0,1,1908,1,1908,0
6348534,47,1,117.5,77.5,20.23,1,25,0,68,3,0,0,8766,0,3652.5,1
6357354,54,0,131.5,83,26.84,0,0,0,67,1,0,0,8766,0,3652.5,1
6360447,67,1,171,84,21.64,1,10,0,75,1,0,1,4161,0,3652.5,1
6365567,63,1,158,109,28.4,0,0,0,75,3,0,1,5070,0,3652.5,1
6368044,58,0,121,75,25.33,0,0,0,73,2,0,0,6832,0,3652.5,1
6372999,40,0,142,90.5,22.31,0,0,0,100,2,0,0,8766,0,3652.5,1
6375293,63,0,116,69,23.44,0,0,0,65,1,0,0,3429,0,3429,0
6378354,58,1,110,80,23.55,1,20,0,78,2,0,0,4378,0,3652.5,1
6378378,36,0,115,63.5,22.54,1,20,0,71,2,0,0,8766,0,3652.5,1
6383752,46,0,122,76,18.4,0,0,0,75,1,0,0,8766,0,3652.5,1
6384162,64,1,115,81,20.09,1,20,0,72,1,0,0,6085,0,3652.5,1
6385314,41,0,124,75.5,24.2,0,0,0,68,3,0,0,6063,0,3652.5,1
6386877,43,0,132.5,76.5,31.54,1,15,0,95,1,0,0,8766,0,3652.5,1
6386905,56,0,150,89,40.21,0,0,0,75,1,0,0,8766,0,3652.5,1
6390417,68,0,148,95,20.98,1,20,0,95,2,0,0,3758,0,3652.5,1
6392097,48,0,114,80,21.33,1,5,0,60,3,0,0,8766,0,3652.5,1
6396930,63,0,124,75,28.57,0,0,0,66,1,0,0,8766,0,3652.5,1
6397482,49,0,99,60,22.19,1,10,0,77,1,0,0,8766,0,3652.5,1
6406799,40,1,136.5,84,23.6,1,25,0,85,2,0,0,8766,0,3652.5,1
6410466,46,0,122,83,23.99,0,0,0,78,4,0,0,8766,0,3652.5,1
6413882,51,0,128,90,26.32,0,0,0,70,1,0,0,5444,0,3652.5,1
6415308,44,1,150,95,25.46,1,15,0,75,1,0,0,6474,0,3652.5,1
6417407,67,0,144,85,27.59,0,0,1,65,1,0,1,2457,1,2457,0
6420182,38,0,106.5,75,23.82,0,0,0,60,2,0,1,4900,0,3652.5,1
6425012,43,1,132,90,28.85,1,20,0,72,1,0,0,8766,0,3652.5,1
6426778,46,1,121,82,27.62,1,60,0,70,1,0,1,4000,0,3652.5,1
6429364,49,1,123,75,24.84,1,60,0,70,2,0,0,3588,0,3588,0
6429394,41,1,135,80,26.91,0,0,0,75,4,0,0,8766,0,3652.5,1
6434384,41,1,113,74,25.4,1,3,0,75,1,0,0,8766,0,3652.5,1
6447415,54,0,155,105,27.01,0,0,0,63,3,0,0,8233,0,3652.5,1
6449420,41,1,130,80,26.58,1,15,0,84,1,0,0,8766,0,3652.5,1
6454708,48,0,121,78,26.27,1,10,0,75,1,0,0,8766,0,3652.5,1
6455834,62,1,152,95,25.37,0,0,0,63,4,0,1,762,1,762,0
6457018,58,0,143,76,27.87,0,0,0,79,1,0,0,8766,0,3652.5,1
6461045,67,1,148,70,32.63,1,40,0,90,1,0,0,4243,0,3652.5,1
6461117,38,1,110,80,,1,20,0,100,4,0,1,3875,0,3652.5,1
6462334,41,0,101,68,22.49,1,7,0,80,2,0,0,8766,0,3652.5,1
6462848,37,1,142,80,27.93,1,20,0,100,3,0,0,8766,0,3652.5,1
6463061,62,0,123,77,20.56,1,3,0,59,2,0,0,8766,0,3652.5,1
6466292,44,1,130,77.5,21.19,1,20,0,92,4,0,0,8766,0,3652.5,1
6468159,48,0,177,101,25.22,0,0,0,75,1,0,0,3067,0,3067,0
6469001,44,0,103,73,22.02,1,9,0,72,1,0,0,8766,0,3652.5,1
6469013,42,0,116,68,21.49,0,0,0,72,3,0,0,8766,0,3652.5,1
6471976,48,0,121,72,26.39,1,20,0,76,2,0,0,8766,0,3652.5,1
6473720,40,0,113,78,24.29,1,5,0,68,1,0,0,8766,0,3652.5,1
6475560,46,1,140.5,92.5,26.97,1,20,0,75,2,0,1,7661,0,3652.5,1
6477098,46,0,120,84,22.53,1,20,0,94,2,0,0,6585,0,3652.5,1
6478737,56,1,165,112,23.68,1,20,0,86,1,0,0,3176,0,3176,0
6480243,40,0,140,92,26.56,1,15,0,75,2,0,0,8766,0,3652.5,1
6481168,53,1,141,115,21.01,1,30,1,115,3,0,0,4447,0,3652.5,1
6488101,63,0,170.5,100.5,27.69,0,0,0,86,1,0,0,8766,0,3652.5,1
6491084,41,1,127,84,31.12,1,20,0,80,2,0,0,8766,0,3652.5,1
6492706,55,1,142,82.5,19.81,1,3,0,90,1,0,0,5773,0,3652.5,1
6494598,45,1,119,72,22.33,1,20,0,60,2,0,1,5098,0,3652.5,1
6494685,68,0,139,74,26.58,0,0,,85,1,0,0,5589,0,3652.5,1
6495341,43,0,108,76,27.49,1,10,0,80,1,0,0,5591,0,3652.5,1
6496052,45,0,117.5,83.5,23.68,1,15,0,77,2,0,1,6412,0,3652.5,1
6496738,38,0,132,85,28.21,0,0,0,69,2,0,0,8766,0,3652.5,1
6501395,40,1,131,80,26.77,1,20,0,64,1,0,0,8766,0,3652.5,1
6509261,40,0,107,74,22.37,1,20,0,60,1,0,0,4484,0,3652.5,1
6511194,43,1,111,76,23.95,1,20,0,68,2,0,0,8766,0,3652.5,1
6513741,58,1,156,86,26.05,1,15,0,92,1,0,1,735,1,735,0
6514924,45,0,121,82,23.08,1,10,0,85,3,0,0,3130,0,3130,0
6517763,59,1,108,73,24.92,1,1,0,65,2,0,0,8766,0,3652.5,1
6518059,39,0,109,78,29.68,0,0,0,63,,0,0,8766,0,3652.5,1
6518202,64,0,126.5,67,25.77,0,0,0,67,1,0,1,2465,1,2465,0
6519602,44,1,132,94,34.39,0,0,0,110,1,0,0,8766,0,3652.5,1
6520296,39,1,120,77.5,28.33,1,20,0,95,2,0,0,8119,0,3652.5,1
6521946,52,0,119.5,86,24.56,0,0,0,64,3,0,1,3632,1,3632,0
6527779,47,0,107,68,23.29,1,10,0,90,4,0,1,8273,0,3652.5,1
6531654,45,0,114,74,30.53,0,0,0,72,1,0,0,8766,0,3652.5,1
6532772,45,1,175,114,31.14,1,20,1,78,3,0,0,8766,0,3652.5,1
6536847,41,0,114,70,22.41,1,9,1,92,2,1,0,8766,0,3652.5,1
6540104,50,1,150,85,26.09,1,35,0,67,1,0,0,8766,0,3652.5,1
6543380,54,0,138,78,30.47,0,0,0,67,1,0,0,8766,0,3652.5,1
6544121,41,0,113.5,65.5,31.71,0,0,0,73,1,0,0,8766,0,3652.5,1
6547213,44,0,132.5,87,24.17,0,0,0,58,3,0,0,8766,0,3652.5,1
6547634,44,0,109,73,17.48,0,0,0,75,4,0,0,8766,0,3652.5,1
6549802,45,1,126,80,23.14,1,20,0,72,1,0,0,8766,0,3652.5,1
6555352,46,1,113.5,72.5,23.22,1,9,0,60,1,0,0,8766,0,3652.5,1
6557843,41,1,134,87,25.48,0,0,0,75,4,0,0,8766,0,3652.5,1
6558351,41,0,107,65,27.27,1,5,0,84,1,0,0,8766,0,3652.5,1
6559064,58,0,165,94.5,27.02,1,20,0,100,2,0,1,4158,0,3652.5,1
6559116,65,1,111,60,24.12,0,0,0,60,4,0,0,8766,0,3652.5,1
6563114,44,0,123,82,24.67,0,0,0,72,2,0,0,8766,0,3652.5,1
6565579,41,0,93,71,31.57,0,0,0,50,1,0,0,8766,0,3652.5,1
6565635,60,0,123.5,79,29.28,0,0,0,70,1,0,0,8766,0,3652.5,1
6567267,59,0,190,90,26.23,0,0,0,75,1,0,0,8766,0,3652.5,1
6569414,40,0,115,72,18.82,1,9,0,80,2,0,0,8766,0,3652.5,1
6569857,42,0,127,82,30.22,0,0,0,70,2,0,0,8766,0,3652.5,1
6571183,56,0,101,71,28.22,0,0,0,79,2,0,0,8766,0,3652.5,1
6572967,52,0,171,118,28.33,0,0,0,69,2,0,1,241,1,241,0
6574000,54,1,132,87,26.13,0,0,0,65,1,0,0,8766,0,3652.5,1
6577417,42,0,118.5,72,21.99,0,0,0,72,4,0,0,8766,0,3652.5,1
6578247,42,1,133,88,28.84,1,20,0,80,2,0,0,8766,0,3652.5,1
6581425,43,1,181,97.5,21.83,0,0,1,75,1,0,0,8766,0,3652.5,1
6593252,49,0,143,93,28.38,0,0,0,75,2,0,1,6601,0,3652.5,1
6595087,47,1,102.5,71,27.73,1,20,0,65,2,0,0,8766,0,3652.5,1
6597782,53,1,142.5,100,24.15,1,43,0,82,3,0,0,8766,0,3652.5,1
6598383,62,0,126,85.5,23.29,0,0,0,65,4,0,0,8766,0,3652.5,1
6603907,55,0,165,105.5,32.51,0,0,1,73,,0,0,8766,0,3652.5,1
6604654,41,0,113.5,61,23.08,1,1,0,55,2,0,0,8766,0,3652.5,1
6606173,38,0,116.5,72.5,21.49,1,5,0,70,2,0,0,8766,0,3652.5,1
6610223,50,0,128,76,25.65,1,30,0,69,4,0,0,8766,0,3652.5,1
6611751,44,1,138,98,25.12,1,20,0,75,4,0,0,8766,0,3652.5,1
6611877,55,1,148,94,28.55,1,6,0,62,1,0,0,7543,0,3652.5,1
6612035,53,0,156,100,26.73,0,0,0,85,1,0,0,8766,0,3652.5,1
6615100,54,0,142.5,83.5,25.09,0,0,0,72,2,0,0,8766,0,3652.5,1
6625133,36,0,105,60,25.97,1,15,0,102,3,0,0,8766,0,3652.5,1
6628441,47,1,148,98,29.98,1,20,0,80,1,0,1,869,1,869,0
6630083,51,1,138,78,16.98,1,7,0,80,1,0,0,1355,0,1355,0
6632092,60,0,149,103.5,22.69,0,0,0,80,1,0,0,8766,0,3652.5,1
6632193,49,1,166,98,23.03,0,0,1,70,4,0,1,4549,0,3652.5,1
6632444,43,1,141,82.5,25.62,0,0,0,92,4,0,0,8766,0,3652.5,1
6634423,57,1,111,80,37.15,0,0,0,63,1,0,0,8766,0,3652.5,1
6642607,61,0,155,71,25.98,0,0,0,75,2,0,0,6602,0,3652.5,1
6644975,46,0,147,82,25.6,0,0,0,80,1,0,0,8766,0,3652.5,1
6646406,47,0,197,109,34.91,1,1,0,82,1,0,0,145,0,145,0
6647948,62,0,164,94,27.4,0,0,0,70,2,0,0,8766,0,3652.5,1
6648763,62,1,156,91,31.2,0,0,0,68,1,0,1,1798,1,1798,0
6650485,35,0,116,74,21.63,0,0,0,75,3,0,0,8766,0,3652.5,1
6654049,48,0,117.5,67.5,28.62,1,20,0,75,1,0,1,5101,0,3652.5,1
6654102,51,1,146,89,24.49,1,15,0,100,1,0,1,2738,1,2738,0
6654307,42,1,118,85,30.03,1,20,0,68,1,0,0,8766,0,3652.5,1
6655094,40,0,110,70,19.64,0,0,0,70,2,0,0,8766,0,3652.5,1
6664861,44,0,122.5,67.5,23.13,1,30,0,94,3,0,0,8766,0,3652.5,1
6666751,46,0,144,79,23.62,0,0,0,96,2,0,0,8766,0,3652.5,1
6670292,40,0,105,60,22.54,1,9,0,75,2,0,0,8766,0,3652.5,1
6670715,40,1,121.5,76.5,29.38,1,20,0,74,1,0,0,8766,0,3652.5,1
6670993,48,1,114,80,26.27,1,15,0,95,2,0,1,7095,0,3652.5,1
6671164,43,0,119,69,19.48,1,20,0,67,2,0,0,8766,0,3652.5,1
6675963,48,1,102.5,69,18.55,1,20,0,79,2,0,1,5333,0,3652.5,1
6676898,43,0,116,86,27.78,0,0,0,62,1,0,0,8766,0,3652.5,1
6677185,38,1,123,86,28.88,1,20,0,85,1,0,0,8766,0,3652.5,1
6677612,48,1,114,80,25.14,0,0,0,80,2,0,0,8766,0,3652.5,1
6677630,58,1,181,74,22.49,0,0,0,66,1,0,1,5650,0,3652.5,1
6678995,51,0,132,80,25.15,0,0,0,85,3,0,0,8766,0,3652.5,1
6679983,42,1,129,90,23.22,1,40,0,70,4,0,0,8766,0,3652.5,1
6681939,46,1,145,88,28.12,1,43,0,103,2,0,0,8766,0,3652.5,1
6682617,48,1,116,81,23.1,1,20,0,100,1,0,1,3798,0,3652.5,1
6687301,55,0,107.5,70,18.06,1,1,0,71,1,0,0,7889,0,3652.5,1
6694158,59,0,135,87,28.96,0,0,1,72,4,0,0,8766,0,3652.5,1
6698420,41,0,117.5,77.5,20.62,0,0,0,53,2,0,0,8766,0,3652.5,1
6707372,57,0,139,82,26.36,1,20,0,84,1,0,0,8766,0,3652.5,1
6708108,51,1,135,87.5,24.87,0,0,0,65,1,0,0,8766,0,3652.5,1
6713117,42,1,131,90,24.21,1,20,0,62,2,0,0,7115,0,3652.5,1
6720338,41,0,108,73,24.73,0,0,0,80,2,0,0,8766,0,3652.5,1
6721052,45,0,138,85,22.54,1,20,0,66,3,0,0,8766,0,3652.5,1
6721678,61,0,102,59,18.14,0,0,0,72,2,0,0,7436,0,3652.5,1
6721887,43,0,125,84,23.18,1,1,0,75,3,0,0,8766,0,3652.5,1
6724793,54,1,126,93,25.36,0,0,0,80,1,0,0,8766,0,3652.5,1
6725252,40,0,124,79,20.7,1,50,,90,1,0,0,8766,0,3652.5,1
6732630,59,0,198,108,28.06,0,0,1,85,1,0,0,5322,0,3652.5,1
6735681,40,1,123,82,24.74,1,15,0,75,3,0,0,8766,0,3652.5,1
6737917,60,1,135,97.5,30.71,0,0,1,63,1,0,0,5515,0,3652.5,1
6740002,49,1,134,79,26.87,1,25,0,67,3,0,0,8766,0,3652.5,1
6740980,52,0,163,87,25.12,0,0,0,100,1,0,0,8766,0,3652.5,1
6743557,51,1,119,82,28.55,1,40,0,85,1,0,0,5396,0,3652.5,1
6743567,49,0,115,75,25.61,0,0,0,72,1,0,0,8766,0,3652.5,1
6745870,52,0,141,85,24.85,0,0,0,75,1,0,0,4249,0,3652.5,1
6747254,42,1,114.5,76,29.89,1,20,0,66,2,0,0,8766,0,3652.5,1
6747429,44,1,124,83,27.17,1,15,0,70,3,0,0,8766,0,3652.5,1
6750830,50,1,140,92,28.21,1,9,0,85,,0,1,5951,0,3652.5,1
6753988,50,0,145.5,96,25.61,1,30,0,72,2,0,0,8766,0,3652.5,1
6761536,54,0,113.5,80,26.42,0,0,0,75,1,0,0,8766,0,3652.5,1
6764667,48,1,131,79,35.12,1,20,0,75,2,0,0,7360,0,3652.5,1
6765080,52,1,135,82,27.73,1,20,0,100,2,0,0,8766,0,3652.5,1
6766171,42,0,150,88,23.68,0,0,0,96,2,0,0,5746,0,3652.5,1
6770250,50,0,126,76,21.82,0,0,0,65,1,0,0,8766,0,3652.5,1
6770331,46,1,107,82,24.67,1,40,0,60,4,0,0,8766,0,3652.5,1
6771678,59,1,111,72,21.48,1,40,0,75,1,0,0,8335,0,3652.5,1
6774434,59,1,135,77.5,22.17,0,0,0,75,4,0,0,6034,0,3652.5,1
6776453,50,1,190,110,25.45,1,30,0,90,3,0,0,8766,0,3652.5,1
6777570,39,0,107,82,20.99,0,0,0,75,1,0,0,7113,0,3652.5,1
6779355,48,0,113,78,22.98,0,0,0,64,1,0,0,8766,0,3652.5,1
6781849,58,1,136,85.5,25.33,1,20,0,82,2,0,0,7448,0,3652.5,1
6782014,47,0,106,75,23.44,0,0,0,75,3,0,0,8766,0,3652.5,1
6783039,57,0,112,71,22.66,0,0,0,70,2,0,0,8766,0,3652.5,1
6783454,63,0,125,80,21.35,0,0,0,75,3,0,0,8766,0,3652.5,1
6786447,43,0,122.5,82,35.16,0,0,0,75,2,0,0,8766,0,3652.5,1
6788431,56,1,175.5,113,30.77,0,0,1,60,1,0,0,8708,0,3652.5,1
6793529,50,1,96.5,72.5,20.72,1,20,0,75,2,0,0,8766,0,3652.5,1
6794572,47,1,132,95,24.23,1,10,0,70,4,0,0,8766,0,3652.5,1
6795170,48,0,114,64,21.51,1,20,0,74,3,0,0,8766,0,3652.5,1
6797473,56,1,130,79,27.73,0,0,0,64,2,0,0,8702,0,3652.5,1
6797486,40,1,119,86,23.35,1,20,0,75,2,0,0,8766,0,3652.5,1
6804401,63,1,172,82,24.19,1,43,0,66,1,0,0,1988,0,1988,0
6804565,52,0,118,71,21.84,0,0,0,96,1,0,0,8766,0,3652.5,1
6809262,61,0,185,121,35.22,0,0,0,80,1,0,0,8246,0,3652.5,1
6811623,59,0,149,88,27.48,0,0,0,80,3,0,0,8766,0,3652.5,1
6812585,42,0,122,85,23.99,1,20,0,69,1,0,0,8766,0,3652.5,1
6814274,41,1,126.5,82,23.96,1,20,0,75,2,0,1,356,1,356,0
6815539,48,0,142.5,86.5,24.87,1,3,0,53,4,0,0,8766,0,3652.5,1
6821713,49,1,160,99,29.91,1,20,0,85,2,0,0,8766,0,3652.5,1
6825633,43,1,103,64.5,17.81,1,20,0,86,1,0,0,5098,0,3652.5,1
6828329,53,0,135,87,27.17,0,0,0,80,3,0,0,8766,0,3652.5,1
6828654,49,1,128,89,31.07,1,17,0,75,2,0,0,1781,0,1781,0
6829233,67,0,140,88,24.67,0,0,0,55,3,0,0,8766,0,3652.5,1
6830195,42,1,143,92,27.38,1,15,1,78,,0,0,8766,0,3652.5,1
6832953,59,0,181,107,39.4,0,0,1,80,1,0,0,6201,0,3652.5,1
6834635,46,1,163.5,102,28.65,1,20,0,73,4,0,1,5576,0,3652.5,1
6842063,44,1,152.5,87.5,26.84,0,0,0,56,,0,1,5611,0,3652.5,1
6842798,47,0,122,78,23.78,0,0,0,67,1,0,0,8766,0,3652.5,1
6843015,36,0,124,73,25.25,1,43,0,95,2,0,0,8766,0,3652.5,1
6845949,51,0,166,89,27.51,0,0,0,68,1,0,0,8766,0,3652.5,1
6846997,49,0,102,66.5,23.88,0,0,0,70,4,0,0,8766,0,3652.5,1
6847683,54,0,103,66,22.73,0,0,0,85,3,0,0,8766,0,3652.5,1
6849186,49,1,130.5,82,27.29,0,0,0,52,1,0,0,8766,0,3652.5,1
6850227,67,1,113,62,22.9,1,2,0,58,1,0,0,4205,0,3652.5,1
6857672,62,1,102.5,66.5,17.17,0,0,0,80,3,0,0,3568,0,3568,0
6858147,38,0,90,70,18.18,1,9,0,75,1,0,0,8766,0,3652.5,1
6859151,45,0,138.5,90,26.32,1,30,0,90,2,0,0,8766,0,3652.5,1
6861966,50,0,109,70,20.74,0,0,0,75,3,0,0,8766,0,3652.5,1
6862198,45,0,124,72.5,24.24,0,0,0,92,1,0,1,8562,0,3652.5,1
6868248,48,1,132.5,73,24.67,1,30,0,80,4,0,0,8766,0,3652.5,1
6870589,58,1,171,95,26.11,1,40,0,85,1,0,1,1815,1,1815,0
6870864,36,0,112.5,73.5,24.47,0,0,0,70,2,0,0,8766,0,3652.5,1
6872692,55,0,117,71,23.79,0,0,0,71,,0,0,8766,0,3652.5,1
6873539,40,0,119,81,24.6,0,0,0,75,2,0,0,8766,0,3652.5,1
6874151,57,0,120,62,25.13,1,20,0,95,1,0,0,5496,0,3652.5,1
6874329,40,1,109,78,25.75,1,10,0,65,2,0,0,8766,0,3652.5,1
6874948,41,0,135,81,24.38,1,20,0,65,1,0,0,6722,0,3652.5,1
6877553,43,1,133.5,89.5,21.73,1,20,0,86,1,0,1,3673,0,3652.5,1
6882272,63,0,149,89,40.81,0,0,0,92,1,0,0,8766,0,3652.5,1
6882900,59,0,127.5,76,23.65,1,9,0,74,2,0,0,8766,0,3652.5,1
6884209,67,0,204,96,27.86,0,0,1,75,2,0,1,327,1,327,0
6885104,42,0,129,79,28.04,1,20,0,98,2,0,0,8766,0,3652.5,1
6891304,52,1,114,83,31.02,0,0,0,78,,0,1,6236,0,3652.5,1
6893454,39,0,125,86,20.74,0,0,0,75,2,0,0,8766,0,3652.5,1
6895734,42,0,120,76,21.12,0,0,0,100,2,0,0,8766,0,3652.5,1
6897842,43,0,118,70.5,26.24,1,15,0,100,2,0,0,8766,0,3652.5,1
6899947,52,0,132.5,87,30.42,0,0,0,75,1,0,0,8766,0,3652.5,1
6901458,45,0,120,72,22.01,0,0,0,75,1,0,0,8766,0,3652.5,1
6901611,61,1,142,89,27.3,0,0,0,65,1,0,1,2964,1,2964,0
6904014,56,0,122,82.5,28.61,0,0,0,68,3,0,0,5629,0,3652.5,1
6905082,43,1,137,90,23.97,1,25,0,72,4,0,0,8766,0,3652.5,1
6908452,56,1,151.5,103,23.58,1,20,0,65,4,0,0,6925,0,3652.5,1
6912527,55,1,134,89,27.38,1,45,0,72,1,0,0,8766,0,3652.5,1
6915058,46,1,132.5,69,26.83,1,20,0,120,1,0,1,4142,0,3652.5,1
6917796,43,1,112,78,24.25,1,30,0,90,1,0,1,3462,1,3462,0
6920624,43,1,107.5,73.5,24.17,0,0,0,60,2,0,0,3429,0,3429,0
6921140,64,1,120,75,,1,20,0,70,2,0,1,7634,0,3652.5,1
6925682,50,0,127,80,24.1,0,0,0,75,1,0,1,8065,0,3652.5,1
6930569,48,1,140.5,89,23.34,1,20,0,66,2,0,0,2247,0,2247,0
6934514,49,0,142,87,27.94,0,0,0,60,,0,0,8766,0,3652.5,1
6944280,46,1,132,92,22.08,1,15,0,63,1,0,0,8766,0,3652.5,1
6944766,57,0,207.5,118,38.61,1,43,0,100,1,0,0,8766,0,3652.5,1
6944885,51,1,115,75,25.62,0,0,0,82,3,0,0,8766,0,3652.5,1
6946362,40,0,115,81,21.32,1,30,0,62,3,0,0,8766,0,3652.5,1
6948200,51,1,127,80,28.85,1,30,0,70,1,0,0,8766,0,3652.5,1
6950292,41,1,102,59.5,22.27,1,20,0,67,1,0,0,8766,0,3652.5,1
6950754,59,0,181,101,24.67,0,0,0,76,1,0,0,5786,0,3652.5,1
6961522,61,0,191,97,31.27,0,0,0,62,1,0,0,6781,0,3652.5,1
6961991,43,0,138,88,20.4,1,20,0,82,3,0,1,3844,0,3652.5,1
6962377,65,0,145,91,29.8,0,0,0,80,1,0,0,126,0,126,0
6963353,42,0,136,87,30.91,0,0,0,80,2,0,0,8766,0,3652.5,1
6964268,41,1,110,79,21.27,1,20,0,100,3,0,0,8766,0,3652.5,1
6967229,55,0,106,77,29.65,0,0,0,75,1,0,0,8766,0,3652.5,1
6968363,56,1,113,83,25.12,0,0,0,58,1,0,1,7997,0,3652.5,1
6969549,56,0,126.5,74.5,28.3,0,0,,82,2,0,0,2348,0,2348,0
6974539,48,1,162.5,87.5,24.32,1,43,0,95,2,0,0,8766,0,3652.5,1
6978783,56,0,150.5,94,26.01,0,0,0,75,3,0,0,7403,0,3652.5,1
6978918,51,0,148.5,90,24.58,0,0,0,80,3,0,0,8766,0,3652.5,1
6980150,59,0,132,88,26.48,0,0,0,78,2,0,0,8766,0,3652.5,1
6982937,54,1,116,72,22.49,0,0,0,80,1,0,0,8766,0,3652.5,1
6990136,47,0,147,81,20.39,1,43,0,75,2,0,0,8766,0,3652.5,1
6991551,45,0,104,73,19.46,0,0,0,60,3,0,0,8766,0,3652.5,1
6992976,53,0,121,70,30.75,0,0,0,90,1,0,1,3846,0,3652.5,1
6995520,54,0,195,110,32.1,0,0,0,72,1,0,0,7146,0,3652.5,1
6995910,59,0,130.5,86,25.11,0,0,0,80,1,0,0,8766,0,3652.5,1
7004582,41,1,137.5,80,26.89,1,40,0,75,1,0,1,3580,1,3580,0
7006724,47,0,110,77,25.62,1,5,0,100,3,0,0,8766,0,3652.5,1
7010106,65,0,167.5,92.5,24.72,0,0,0,87,1,0,0,4903,0,3652.5,1
7010141,44,0,131,81.5,25.71,1,20,0,75,1,0,0,8766,0,3652.5,1
7014921,54,1,147.5,100,25.11,0,0,0,70,4,0,1,3414,1,3414,0
7015231,55,0,165,88,22.57,0,0,0,68,1,0,0,2719,0,2719,0
7015466,53,1,142,88,23.65,1,15,0,96,1,0,0,5309,0,3652.5,1
7018777,52,1,177,111,30.38,0,0,0,80,1,0,0,2193,0,2193,0
7019647,51,1,108,75,23.6,1,20,0,70,2,0,0,8766,0,3652.5,1
7020257,49,0,124,72,21.18,0,0,0,74,3,0,0,8766,0,3652.5,1
7020840,68,1,145,67,23.13,1,15,0,75,1,0,0,87,0,87,0
7021515,39,1,108,74,25.51,1,20,0,64,1,0,0,8766,0,3652.5,1
7021760,54,1,155,92.5,29.86,0,0,0,85,3,0,0,8766,0,3652.5,1
7026005,44,0,105,60,23.24,1,3,0,76,2,0,0,8766,0,3652.5,1
7026663,46,1,105,72.5,33.49,1,43,0,67,1,0,0,7518,0,3652.5,1
7027036,49,0,147.5,97.5,24.96,1,20,1,60,4,0,0,8766,0,3652.5,1
7027895,46,0,127.5,80,22.34,0,0,0,84,1,0,0,8766,0,3652.5,1
7030028,63,0,162,91,33.66,1,9,0,70,2,0,0,4730,0,3652.5,1
7033282,51,0,136.5,87,25.79,1,15,0,73,1,0,0,8766,0,3652.5,1
7033295,55,1,134,85.5,29.86,1,20,0,80,2,0,0,6464,0,3652.5,1
7040058,61,0,174.5,101.5,29.87,0,0,0,80,2,0,0,8766,0,3652.5,1
7040194,38,1,126,88,24.46,1,20,0,77,2,0,0,8766,0,3652.5,1
7045307,36,1,126,77,25.23,1,20,0,75,1,0,0,8766,0,3652.5,1
7048683,50,1,133.5,86,29.38,1,30,0,79,1,0,1,1596,1,1596,0
7048689,42,1,125,86,28.09,1,20,0,70,1,0,0,8766,0,3652.5,1
7051327,45,0,148.5,88,23.46,0,0,0,85,2,0,0,8766,0,3652.5,1
7055406,48,0,105,85,25.5,1,9,0,85,4,0,0,8766,0,3652.5,1
7056911,50,1,158,88,28.26,1,20,0,68,1,0,1,2399,1,2399,0
7063560,52,0,130,84,27.09,0,0,0,63,3,0,0,8766,0,3652.5,1
7064582,50,1,198,106,26.73,1,15,1,102,1,0,0,4024,0,3652.5,1
7066256,58,1,152.5,105,25.18,1,20,0,92,1,0,0,8766,0,3652.5,1
7070073,57,0,153,85,26.13,0,0,1,98,1,0,1,753,1,753,0
7072049,41,0,142.5,87.5,39.21,0,0,0,70,2,0,0,8766,0,3652.5,1
7072893,55,0,144,81,25.71,0,0,0,85,2,0,1,6136,0,3652.5,1
7074982,44,1,130,90,22.33,1,40,0,90,2,0,0,8766,0,3652.5,1
7075342,40,0,107.5,75,26.38,1,3,0,75,4,0,0,8766,0,3652.5,1
7076148,58,0,150,84,26.85,1,5,0,75,1,0,0,2424,0,2424,0
7080627,45,0,160,105,31.72,0,0,0,65,4,0,0,8766,0,3652.5,1
7081702,38,0,98,53,22.18,1,2,0,68,2,0,0,8766,0,3652.5,1
7081858,61,1,122,83,28.85,0,0,0,62,1,0,0,8766,0,3652.5,1
7083969,57,0,134,84,29.28,0,0,0,100,2,0,0,8766,0,3652.5,1
7087103,62,0,126,75,23.29,0,0,0,71,2,0,0,4683,0,3652.5,1
7089972,50,0,121,85.5,23.09,0,0,0,63,1,0,0,5252,0,3652.5,1
7090812,36,1,103,67.5,30.82,1,40,0,67,4,0,0,8766,0,3652.5,1
7091695,44,1,135,88,25.65,0,0,0,52,1,0,0,6212,0,3652.5,1
7096058,44,1,127,80,31.69,0,0,0,69,1,0,0,8766,0,3652.5,1
7096757,44,1,125,86,23.23,1,40,0,72,2,0,0,8766,0,3652.5,1
7097098,51,1,115,76,31.04,0,0,0,78,4,0,1,2773,1,2773,0
7099786,55,0,125,80,27.18,1,20,0,86,3,0,0,8766,0,3652.5,1
7101850,48,1,150,105,25.94,1,20,0,83,2,0,0,8766,0,3652.5,1
7102317,64,1,94,62,26.11,0,0,0,70,1,0,0,8766,0,3652.5,1
7107960,53,0,163.5,87,34.69,1,20,0,80,1,0,0,8766,0,3652.5,1
7112885,37,0,126,80,25.91,0,0,0,75,2,0,0,8766,0,3652.5,1
7112968,49,0,123,72,23.35,1,20,0,62,2,0,0,8766,0,3652.5,1
7115305,40,1,132,86,31.57,1,70,0,98,3,0,0,8766,0,3652.5,1
7117817,45,1,118.5,81,26.35,1,20,0,75,1,0,0,8766,0,3652.5,1
7118703,39,1,105,65,22.85,0,0,0,63,1,0,0,8766,0,3652.5,1
7118804,55,0,131,87,24.68,0,0,0,63,1,0,0,8766,0,3652.5,1
7119357,57,0,160,92.5,30.74,1,20,0,84,,0,0,4034,0,3652.5,1
7121905,42,1,118,80,24.98,0,0,0,62,4,0,0,3730,0,3652.5,1
7123891,52,1,131,94,26.77,1,20,0,70,4,0,0,8766,0,3652.5,1
7125003,35,0,106,64,19.14,1,5,0,68,2,0,0,8766,0,3652.5,1
7125903,39,0,126,86,22.72,0,0,0,90,4,0,0,8766,0,3652.5,1
7128663,54,0,122,88.5,24.11,0,0,0,76,1,0,0,8766,0,3652.5,1
7134521,56,0,125,79,27.38,1,20,0,80,1,0,0,8766,0,3652.5,1
7135704,49,0,147,89,24.26,1,20,0,85,2,0,1,5602,0,3652.5,1
7137307,39,1,148,103,28.62,1,9,0,75,2,0,0,8766,0,3652.5,1
7138065,53,1,130,86,24.21,1,,0,58,2,0,0,8766,0,3652.5,1
7138956,59,0,120.5,80.5,27.59,0,0,0,80,2,0,0,429,0,429,0
7138958,52,0,137,79,25.4,0,0,0,86,2,0,0,6973,0,3652.5,1
7142512,45,1,109,70,23.72,1,15,0,75,3,0,0,8766,0,3652.5,1
7143708,53,1,122,82,29.4,1,20,0,70,2,0,0,8766,0,3652.5,1
7144143,66,0,197,91,23.22,0,0,0,95,1,0,0,8766,0,3652.5,1
7145054,41,0,147.5,97,31.65,1,17,0,75,4,0,1,7477,0,3652.5,1
7146885,45,0,115,71,22.54,0,0,0,60,1,0,0,8766,0,3652.5,1
7148509,46,0,131,84,18.28,1,18,0,75,2,0,0,8766,0,3652.5,1
7149550,41,0,125,80,25.38,1,3,0,72,3,0,0,8766,0,3652.5,1
7152210,59,0,186.5,99,25.65,0,0,0,72,4,0,0,8766,0,3652.5,1
7152480,44,0,141,76,20.52,1,10,0,52,1,0,0,4028,0,3652.5,1
7168878,56,0,124,80,24.54,1,5,0,52,,0,0,8766,0,3652.5,1
7168984,57,0,115,69,24.43,1,,0,80,,0,0,8766,0,3652.5,1
7169685,53,1,108.5,73,26.55,0,0,0,54,4,0,0,8766,0,3652.5,1
7169870,34,0,112.5,77.5,24.99,0,0,0,100,2,0,0,8766,0,3652.5,1
7172645,38,1,142,93,29.76,1,10,0,105,4,0,0,8766,0,3652.5,1
7176662,44,1,114,79,25.01,0,0,0,60,1,0,0,8766,0,3652.5,1
7177738,45,0,121,77,23.96,0,0,0,68,3,0,0,8766,0,3652.5,1
7187610,57,1,149,86,26.33,0,0,0,62,1,0,1,6831,0,3652.5,1
7187972,61,1,124.5,80,23.84,0,0,0,64,1,0,0,6129,0,3652.5,1
7188320,38,0,126,80,23.84,1,3,0,90,4,0,0,8766,0,3652.5,1
7188616,57,1,123,78,28.53,0,0,0,60,4,0,0,8766,0,3652.5,1
7189068,47,0,107,77,30.61,0,0,0,75,1,0,0,8766,0,3652.5,1
7190710,39,1,135,80,20.71,1,15,0,70,4,0,0,8766,0,3652.5,1
7192432,54,0,130,87,27.76,0,0,0,69,1,0,0,8766,0,3652.5,1
7197574,58,1,147,98,26.51,0,0,0,65,1,0,0,5009,0,3652.5,1
7198139,69,0,164,80,17.23,0,0,0,100,2,0,0,5384,0,3652.5,1
7201111,60,0,130,72.5,20.84,1,3,0,75,3,0,0,8766,0,3652.5,1
7203977,63,0,153,89,32.57,0,0,0,65,3,0,0,1102,0,1102,0
7205418,50,0,134,80,18.26,1,9,0,64,3,0,0,8766,0,3652.5,1
7205564,56,1,128.5,75,27.68,0,0,0,80,1,0,0,8766,0,3652.5,1
7205589,54,0,127.5,83,23.08,0,0,0,63,3,0,0,8766,0,3652.5,1
7206124,57,0,193,109,27.99,1,20,1,70,2,0,0,8766,0,3652.5,1
7208901,48,0,175,110,26.4,1,5,0,100,2,0,0,8766,0,3652.5,1
7209740,44,0,106,65,25.34,1,8,0,95,1,0,0,8470,0,3652.5,1
7211403,60,1,164,113,18.64,1,20,0,65,1,0,0,3573,0,3573,0
7211504,41,1,154,99,23.46,1,20,0,82,2,0,0,8766,0,3652.5,1
7212988,50,0,123,83,24.29,1,20,0,90,2,0,0,8766,0,3652.5,1
7215151,49,0,131,92,29.22,0,0,0,75,1,0,0,8766,0,3652.5,1
7215415,50,1,148.5,100,27.83,0,0,0,80,2,0,1,6002,0,3652.5,1
7215674,61,1,215,129,24.69,1,20,0,92,1,0,1,254,1,254,0
7217244,52,0,127.5,81.5,33.9,0,0,0,82,1,0,0,8766,0,3652.5,1
7220104,33,1,136,75,24.95,0,0,0,88,4,0,0,8766,0,3652.5,1
7221156,46,1,130,86.5,27.17,0,0,0,65,1,0,0,8766,0,3652.5,1
7221812,52,1,116,64,23.78,1,20,0,69,2,0,0,8766,0,3652.5,1
7222607,45,1,130,82,26.95,1,5,0,50,2,0,1,6232,0,3652.5,1
7223168,46,0,114,75,21.01,1,30,0,60,3,0,0,4763,0,3652.5,1
7223947,63,1,138.5,77.5,28.85,1,6,0,80,1,0,1,5243,0,3652.5,1
7224287,41,0,123,72,19.16,1,5,0,62,1,0,0,8766,0,3652.5,1
7224409,41,0,127,83,21.49,0,0,0,60,1,0,0,8766,0,3652.5,1
7224907,52,1,98,67,23.43,0,0,0,68,2,0,0,4516,0,3652.5,1
7225063,46,1,133,92,25.98,0,0,0,69,3,0,1,8507,0,3652.5,1
7227979,63,0,196,101,28.27,0,0,0,86,2,0,0,2311,0,2311,0
7230767,37,1,105,70,31.47,0,0,0,75,3,0,0,8766,0,3652.5,1
7231216,43,0,139,96,24.38,1,10,0,77,1,0,0,8766,0,3652.5,1
7231287,67,0,111,73,27.89,0,0,0,90,1,0,0,3490,0,3490,0
7231351,42,0,117.5,90,22.65,0,0,0,85,1,0,0,8766,0,3652.5,1
7231853,51,0,141,92,29.64,0,0,0,72,1,0,0,1214,0,1214,0
7240222,63,0,158,80,32.66,0,0,0,75,1,0,0,8505,0,3652.5,1
7240524,36,1,111,73,30.18,0,0,0,70,2,0,0,8766,0,3652.5,1
7245993,51,1,127.5,92,32.98,0,0,0,56,4,0,0,8766,0,3652.5,1
7247480,43,1,147.5,92,24.81,0,0,0,64,2,0,0,8766,0,3652.5,1
7248955,40,0,131.5,82.5,24.35,1,15,0,80,1,0,0,8766,0,3652.5,1
7254045,49,1,152,93,29.76,1,9,0,64,2,0,0,4977,0,3652.5,1
7256400,57,1,127,69,28.13,1,30,0,83,1,0,0,6006,0,3652.5,1
7262833,39,1,122.5,77,24.06,0,0,0,60,2,0,0,8766,0,3652.5,1
7264965,58,0,159,90,28.4,0,0,1,72,1,1,0,8766,0,3652.5,1
7265026,54,1,151,100,23.74,0,0,0,92,2,0,0,8766,0,3652.5,1
7265381,61,0,150.5,89,,0,0,0,68,1,0,0,2235,0,2235,0
7269526,53,1,152,74,24.8,1,20,0,78,3,0,0,7230,0,3652.5,1
7271263,60,0,133,89,25.09,0,0,0,83,2,0,0,7005,0,3652.5,1
7272972,40,1,141.5,108.5,36.01,0,0,0,76,4,0,0,8766,0,3652.5,1
7274249,49,0,172,111,40.51,1,,0,80,1,0,0,8401,0,3652.5,1
7275609,52,0,114,80,16.59,1,20,0,75,4,0,0,8766,0,3652.5,1
7276474,57,1,139,83,23.81,1,30,0,85,1,0,0,5296,0,3652.5,1
7277520,46,0,115,78,22.5,1,30,0,70,1,0,0,8766,0,3652.5,1
7279161,42,0,136,88,34.71,1,43,0,110,1,0,1,5362,0,3652.5,1
7287877,40,0,127,72,29.62,0,0,0,85,2,0,0,8766,0,3652.5,1
7291047,54,0,146,87,33.11,0,0,0,90,2,0,0,5321,0,3652.5,1
7291457,51,0,150.5,95,30.79,0,0,0,75,2,0,0,8766,0,3652.5,1
7291682,54,1,162.5,99.5,22.97,1,30,0,65,1,0,0,647,0,647,0
7291932,51,0,115,71,23.48,0,0,0,80,1,0,0,8766,0,3652.5,1
7293870,39,0,120,79.5,23.07,0,0,0,68,2,0,0,8766,0,3652.5,1
7300814,54,0,147.5,86.5,26.42,0,0,0,64,2,0,0,8766,0,3652.5,1
7302282,47,0,132,88,28.14,1,,0,90,3,0,0,8766,0,3652.5,1
7302765,63,1,130,73.5,23.5,0,0,0,98,1,0,0,8766,0,3652.5,1
7306067,39,1,121,82,27.62,1,,0,85,2,0,0,8766,0,3652.5,1
7306069,40,0,124,79,24.23,1,3,0,80,2,0,1,6437,0,3652.5,1
7306387,45,1,126,85,28.24,1,3,0,72,1,0,1,6058,0,3652.5,1
7306686,63,0,127.5,80,32.78,0,0,0,73,2,0,0,8766,0,3652.5,1
7307274,47,1,163.5,97,28.24,1,15,0,105,4,0,0,6798,0,3652.5,1
7308850,42,1,149,95,28.77,1,5,0,80,,0,0,8766,0,3652.5,1
7311654,38,1,117.5,85,28.94,1,30,0,72,4,0,0,7940,0,3652.5,1
7314068,44,1,132,86,27.22,0,0,0,75,1,0,0,5538,0,3652.5,1
7315561,45,0,129.5,83,25.74,0,0,0,77,1,0,0,8766,0,3652.5,1
7317237,53,0,163,97,27.88,1,30,0,80,3,0,0,8766,0,3652.5,1
7318589,43,0,128.5,96,22.34,1,15,0,100,4,0,0,8766,0,3652.5,1
7321813,54,1,116,86,24.05,1,6,0,85,3,0,0,8766,0,3652.5,1
7325612,48,0,114.5,70,27.69,1,9,0,95,3,0,0,8766,0,3652.5,1
7327801,38,0,179.5,97,20.44,1,15,0,76,4,0,0,8766,0,3652.5,1
7329338,54,0,125,87,28.76,0,0,0,76,2,0,0,2634,0,2634,0
7330337,62,0,121.5,77.5,28.66,0,0,0,75,1,0,0,8766,0,3652.5,1
7331322,51,0,142.5,80,23.86,0,0,0,76,3,0,0,8766,0,3652.5,1
7331862,39,1,126,80,23.9,0,0,0,64,3,0,0,8766,0,3652.5,1
7331874,46,1,120,78,20.23,1,20,0,75,1,0,0,8766,0,3652.5,1
7333627,44,0,126,76,19.05,0,0,0,85,3,0,0,8766,0,3652.5,1
7334881,48,1,134,84,31.78,0,0,0,85,2,0,0,8766,0,3652.5,1
7336054,42,0,118.5,74.5,22.19,0,0,0,60,3,0,0,8766,0,3652.5,1
7337118,52,1,125,76,25.23,0,0,0,60,1,0,0,8766,0,3652.5,1
7338033,62,0,160,90,33.7,0,0,0,72,2,0,0,7576,0,3652.5,1
7339344,54,1,155,105,26.47,1,3,0,78,2,0,0,8766,0,3652.5,1
7342472,64,0,133,82,28.92,0,0,0,54,2,0,0,8766,0,3652.5,1
7343134,65,1,137,81,25.74,0,0,0,90,4,0,0,8766,0,3652.5,1
7344316,49,0,144,91,29.35,0,0,0,65,1,0,0,8766,0,3652.5,1
7351119,60,0,177,101,23.27,1,15,0,92,1,1,0,7064,0,3652.5,1
7351212,70,0,136,84,31.78,0,0,1,60,2,0,1,4396,0,3652.5,1
7355621,44,1,114,83,27.33,1,9,0,70,1,0,0,8766,0,3652.5,1
7356485,40,0,138,99,35.02,1,43,0,95,1,0,1,7057,0,3652.5,1
7356910,47,0,140,94,28.84,0,0,0,80,2,0,0,8766,0,3652.5,1
7358443,39,0,116,79,22.44,0,0,0,85,1,0,0,8766,0,3652.5,1
7359601,57,0,133,94,17.71,0,0,0,143,1,0,0,8766,0,3652.5,1
7361511,58,0,140,78,19.18,1,15,0,78,1,0,0,2298,0,2298,0
7368618,67,0,170,89,35.35,0,0,1,66,2,0,1,5446,0,3652.5,1
7369615,42,0,124,72.5,22.32,1,20,0,96,2,0,0,8766,0,3652.5,1
7370013,60,0,150.5,90,33.45,1,9,0,90,2,0,0,8766,0,3652.5,1
7370676,52,0,136,84,20.15,0,0,0,101,2,0,0,8766,0,3652.5,1
7370687,51,1,159,99,28.57,0,0,0,60,,0,0,6350,0,3652.5,1
7375135,44,0,147.5,96,30.57,1,9,0,78,2,0,0,2618,0,2618,0
7376006,50,0,151,106.5,25.38,0,0,0,100,3,0,0,8766,0,3652.5,1
7385151,41,1,132,86,24.62,1,20,0,65,2,0,0,8766,0,3652.5,1
7387069,38,0,107,73,20.73,1,5,0,85,2,0,0,8766,0,3652.5,1
7392396,57,0,125,83,23.22,0,0,0,65,1,0,0,5007,0,3652.5,1
7394217,35,1,131,87,23.93,1,20,0,71,2,0,0,8766,0,3652.5,1
7400765,42,1,122,82,30.31,1,30,0,72,1,0,0,8766,0,3652.5,1
7405061,37,1,123.5,77,26.62,1,,0,65,3,0,0,8766,0,3652.5,1
7405988,45,1,107.5,64.5,23.85,0,0,0,88,2,0,0,8766,0,3652.5,1
7407080,58,0,161,96,25.02,0,0,0,80,2,0,0,8766,0,3652.5,1
7409622,35,1,122.5,76.5,25.16,1,20,0,75,2,0,0,8766,0,3652.5,1
7411567,51,1,157,87,24.44,1,9,0,95,,0,0,6970,0,3652.5,1
7413227,62,0,154,92,29.49,0,0,0,55,1,0,0,8766,0,3652.5,1
7413447,42,1,103,71,21.88,1,20,0,68,1,0,1,1552,1,1552,0
7417603,44,0,122,70,24.37,1,8,0,72,2,0,0,8766,0,3652.5,1
7421959,39,1,153,100,28.09,1,30,0,110,2,0,1,1384,1,1384,0
7423913,44,1,140,87,26.44,1,30,0,95,3,0,0,6756,0,3652.5,1
7428655,59,0,108,72,24.87,0,0,0,55,3,0,0,8766,0,3652.5,1
7432013,60,1,167,109,24.86,1,10,0,95,1,0,0,3077,0,3077,0
7432416,53,0,132,80,26.25,0,0,0,67,1,0,0,8766,0,3652.5,1
7432581,40,0,115,81,22.73,1,9,0,80,3,0,0,8766,0,3652.5,1
7433518,53,1,115,81,28.09,0,0,0,70,3,0,1,6227,0,3652.5,1
7434568,41,1,122,76.5,23.81,1,20,0,70,2,0,0,8766,0,3652.5,1
7435127,60,0,140.5,89,22.43,0,0,0,80,1,0,0,8766,0,3652.5,1
7435566,36,0,107,73.5,21.59,0,0,0,75,2,0,0,8766,0,3652.5,1
7435922,45,0,117.5,76,26.27,1,20,0,68,2,0,1,418,1,418,0
7436137,50,0,136.5,81,23.07,1,9,0,75,4,0,0,8766,0,3652.5,1
7442608,43,1,113,81,34.32,1,20,0,70,2,0,1,5209,0,3652.5,1
7455427,45,1,121,72,27.88,1,,0,64,2,0,0,8766,0,3652.5,1
7459563,49,0,131,93,31.4,0,0,0,80,3,0,0,8766,0,3652.5,1
7459567,42,1,119.5,87,23.56,1,20,0,70,2,0,0,6407,0,3652.5,1
7461158,55,0,128,84,21.18,0,0,0,70,1,0,0,6272,0,3652.5,1
7461998,45,1,164,98,26.05,1,20,0,94,4,0,0,1197,0,1197,0
7463006,53,0,152,89,28.49,0,0,0,94,1,0,0,8766,0,3652.5,1
7463172,39,0,113,81,26.44,1,5,0,85,2,0,0,8766,0,3652.5,1
7463712,38,0,117.5,72,20.71,1,10,0,72,2,0,0,8766,0,3652.5,1
7464920,42,1,151.5,95,25.74,0,0,0,78,3,0,1,7632,0,3652.5,1
7465400,48,0,120,81,23.36,1,5,0,86,1,0,0,8766,0,3652.5,1
7471636,62,1,126,79,27.89,0,0,0,66,1,0,0,6926,0,3652.5,1
7473824,63,1,148,90,27.13,0,0,0,72,1,0,1,8050,0,3652.5,1
7477290,49,0,120,66.5,21.45,0,0,0,71,2,0,0,8766,0,3652.5,1
7480194,46,0,97.5,72,18.99,1,10,0,80,4,0,0,2666,0,2666,0
7480343,55,1,150,88,22.72,1,30,0,56,1,0,1,2896,1,2896,0
7480631,43,0,95.5,70,19.78,1,9,0,93,4,0,0,8766,0,3652.5,1
7484682,45,0,116,81.5,25.56,0,0,0,72,2,0,0,8766,0,3652.5,1
7486082,38,0,105,69,24.69,1,9,0,110,1,0,0,8766,0,3652.5,1
7487878,46,1,140,94,24.3,1,30,0,100,1,0,0,1305,0,1305,0
7488011,48,1,124,80,23.96,0,0,0,52,4,0,0,8766,0,3652.5,1
7489882,45,1,130,87,24.1,1,20,0,72,1,0,1,7761,0,3652.5,1
7494981,59,0,132,80,28.41,0,0,0,58,1,0,0,5017,0,3652.5,1
7495747,43,1,104,74,23.02,0,0,0,60,3,0,0,8766,0,3652.5,1
7506257,45,0,142,91,35.02,1,20,0,87,2,0,0,5010,0,3652.5,1
7508404,49,0,120,80,19.72,1,20,0,60,1,0,0,8766,0,3652.5,1
7509016,38,1,128,80,25.62,1,23,0,90,3,0,1,5525,0,3652.5,1
7510955,47,0,144,92,22.73,1,9,0,72,1,0,0,8766,0,3652.5,1
7515011,45,1,105,86,32.92,0,0,0,75,1,0,0,8766,0,3652.5,1
7516004,49,0,140,88,23.79,0,0,0,80,1,0,0,8766,0,3652.5,1
7519156,37,1,122,81,27.98,0,0,0,75,4,0,0,8766,0,3652.5,1
7523370,52,1,136.5,92.5,31.05,1,20,0,70,3,0,1,1178,1,1178,0
7529032,37,0,137.5,88.5,16.48,0,0,0,100,1,0,0,8060,0,3652.5,1
7532838,45,1,127.5,82.5,27.15,1,6,0,70,1,0,1,4861,0,3652.5,1
7540422,57,1,124,80,23.04,0,0,0,66,1,0,0,8766,0,3652.5,1
7540676,46,0,170,107,27.78,0,0,0,95,1,0,0,8766,0,3652.5,1
7542806,48,1,138.5,85.5,23.85,1,30,0,82,2,0,1,4869,0,3652.5,1
7544356,46,1,154,91,26.25,1,40,0,88,1,0,1,6008,0,3652.5,1
7547192,57,0,199.5,107,26.84,0,0,0,60,1,0,0,7135,0,3652.5,1
7549613,55,0,141,84,27.6,0,0,0,69,1,0,0,8766,0,3652.5,1
7549687,39,0,161,103,29.06,0,0,0,94,1,0,0,8766,0,3652.5,1
7549851,40,0,126,85,22.81,0,0,0,73,2,0,0,8766,0,3652.5,1
7557843,42,0,111,71,23.43,1,20,0,95,1,0,0,8766,0,3652.5,1
7561936,61,0,137,70,24.83,0,0,0,92,,0,0,8766,0,3652.5,1
7562965,65,0,152,102,30.43,0,0,1,95,2,0,0,1350,0,1350,0
7563522,36,0,109,69,23.24,1,5,0,70,1,0,0,6910,0,3652.5,1
7566271,44,0,128,82,23.24,0,0,0,80,1,0,0,8766,0,3652.5,1
7567131,50,0,123,70,19.72,1,20,0,80,2,0,0,8766,0,3652.5,1
7569857,43,0,124,92,21.26,0,0,0,75,1,0,0,8766,0,3652.5,1
7573763,50,0,152,92,24.47,0,0,0,120,1,0,0,2949,0,2949,0
7575172,41,0,120,70,21.26,1,20,,80,1,0,0,8766,0,3652.5,1
7575957,43,0,120,78,28.18,1,15,0,75,2,0,1,3109,1,3109,0
7578214,41,0,108,73,22.5,1,25,0,85,1,0,0,8766,0,3652.5,1
7579949,55,0,132,81,27.86,0,0,0,85,1,0,0,8766,0,3652.5,1
7590563,58,1,136.5,84,25.08,1,3,0,63,2,0,0,8766,0,3652.5,1
7593614,46,0,165,85,32.89,1,6,0,110,3,0,0,8766,0,3652.5,1
7594764,45,0,128.5,73,24.56,0,0,0,85,4,0,0,4961,0,3652.5,1
7607168,66,0,193,95,27.07,0,0,0,115,1,0,0,2818,0,2818,0
7608253,47,0,110,72,20.88,1,20,0,85,,0,0,339,0,339,0
7608781,51,0,119,80,24.03,0,0,0,85,3,0,0,8766,0,3652.5,1
7609315,46,0,117,77,26.35,0,0,0,90,4,0,0,7866,0,3652.5,1
7609801,43,0,115,80,26.66,1,20,0,60,1,0,0,7118,0,3652.5,1
7611382,42,1,134,93,25.14,0,0,0,70,1,0,1,1562,1,1562,0
7611946,64,0,131,85,21.82,1,20,0,70,1,0,0,3941,0,3652.5,1
7612717,39,1,134,92,28.44,1,20,0,75,2,0,0,8766,0,3652.5,1
7617930,45,0,132.5,97.5,24.74,1,1,0,98,2,0,1,7578,0,3652.5,1
7618408,52,1,133,93,32.27,1,35,0,115,3,0,1,3729,0,3652.5,1
7620439,50,1,129,84,24.56,0,0,0,80,2,0,1,7151,0,3652.5,1
7621333,60,1,146,92,26.85,0,0,0,80,1,0,0,8766,0,3652.5,1
7624338,62,1,135,80,27.94,0,0,0,50,1,0,0,8766,0,3652.5,1
7624558,51,1,115.5,85,30.75,0,0,0,48,4,0,0,8766,0,3652.5,1
7632475,51,1,122.5,73,22.34,1,40,0,75,1,0,0,7711,0,3652.5,1
7633269,40,0,123,75,23.08,1,20,0,80,1,0,0,8766,0,3652.5,1
7633325,39,0,131,80,25.79,0,0,0,94,1,0,0,8298,0,3652.5,1
7633398,47,1,119,81,23.72,1,20,0,80,3,0,0,8766,0,3652.5,1
7636397,48,0,129,81,21.08,1,20,0,75,3,0,0,8766,0,3652.5,1
7640190,40,1,131,81,23.74,1,30,0,66,4,0,0,8766,0,3652.5,1
7641541,43,0,114,78,26.61,1,20,0,82,3,0,0,8766,0,3652.5,1
7642627,51,1,110,70,28.86,1,30,0,72,4,0,1,3625,1,3625,0
7643552,59,1,168,100,27.87,1,30,0,65,3,0,1,2078,1,2078,0
7645785,44,0,145,85,21.27,0,0,0,75,4,0,1,4585,0,3652.5,1
7649024,64,0,143,84,20.06,1,6,0,55,4,0,0,8766,0,3652.5,1
7653278,50,1,108,69,25.14,0,0,0,65,,0,0,7192,0,3652.5,1
7654293,37,0,108,75,21.84,0,0,0,75,4,0,0,8766,0,3652.5,1
7655847,54,1,121,82,23.52,0,0,0,60,4,0,0,8766,0,3652.5,1
7655980,60,1,122,80,25.64,1,10,0,58,3,0,0,8766,0,3652.5,1
7659676,69,0,117,73,20.92,0,0,0,85,3,0,0,7306,0,3652.5,1
7659746,36,1,124.5,84.5,21.63,1,20,0,68,2,0,1,8365,0,3652.5,1
7665069,51,0,127,81,20.24,1,2,0,75,1,0,0,8766,0,3652.5,1
7667770,40,0,106,72,23.59,1,43,0,82,2,0,0,8766,0,3652.5,1
7669388,58,1,105.5,74,25.68,0,0,0,50,2,0,0,8674,0,3652.5,1
7671087,44,1,135,95,25.48,1,20,0,75,1,0,1,4229,0,3652.5,1
7671534,44,1,113.5,77,28.23,0,0,0,64,3,0,0,8766,0,3652.5,1
7673746,42,1,102,70.5,24.68,1,5,0,83,1,0,1,7636,0,3652.5,1
7679291,48,0,118.5,73,20.99,1,30,0,70,1,0,0,8766,0,3652.5,1
7680985,46,1,121,85,31.31,0,0,0,80,1,0,0,8766,0,3652.5,1
7682014,44,0,117,78,24.94,0,0,0,65,2,0,0,8766,0,3652.5,1
7682558,47,0,115,70,22.71,1,20,0,75,3,0,0,8766,0,3652.5,1
7685653,46,1,116.5,87,28.53,1,43,0,75,1,0,0,8766,0,3652.5,1
7688408,41,0,99,62,19.09,1,2,0,80,2,0,0,8766,0,3652.5,1
7688485,61,1,115,79,23.65,1,20,0,56,1,0,0,8766,0,3652.5,1
7689728,42,0,122,75,18.11,0,0,0,100,2,0,0,8766,0,3652.5,1
7695005,69,1,151,74,24.14,1,4,0,75,1,0,0,4295,0,3652.5,1
7699996,53,0,142,94,25.7,0,0,0,85,1,0,0,8766,0,3652.5,1
7703526,66,0,112,66,23.36,1,20,0,75,3,0,0,8357,0,3652.5,1
7703931,45,1,117,78,22.79,1,20,0,85,2,0,0,8766,0,3652.5,1
7709377,38,1,123,85,25.63,1,20,0,90,2,0,0,8766,0,3652.5,1
7709610,58,1,112,74.5,23.37,1,30,0,75,3,0,0,6911,0,3652.5,1
7712546,39,0,112.5,77.5,21.51,1,10,0,67,2,0,0,8766,0,3652.5,1
7713483,47,0,121,70,23.09,1,20,0,80,2,0,0,8766,0,3652.5,1
7717169,56,0,164.5,102,30.33,0,0,0,70,1,0,0,8766,0,3652.5,1
7724401,44,0,130,80,19.18,1,5,0,75,2,0,0,8766,0,3652.5,1
7724985,59,0,127,88.5,27.2,0,0,0,90,2,0,0,8766,0,3652.5,1
7725314,63,0,142.5,85,28.25,0,0,0,75,1,0,0,8766,0,3652.5,1
7726399,65,0,155,92,31.34,0,0,0,58,,0,0,6621,0,3652.5,1
7728227,43,1,124.5,84.5,24.45,0,0,0,74,3,0,0,8766,0,3652.5,1
7731975,41,0,120,80,20.67,1,15,0,86,3,0,0,8766,0,3652.5,1
7735726,55,1,137,82,28.49,1,20,0,75,2,0,1,8169,0,3652.5,1
7737648,46,0,124.5,72,26.84,0,0,0,75,1,0,0,8766,0,3652.5,1
7737840,46,0,112.5,60,22.72,1,20,0,82,1,0,0,8212,0,3652.5,1
7738034,39,1,148,94,30.08,1,1,0,85,2,0,0,8766,0,3652.5,1
7738485,48,0,128,86.5,22.72,0,0,0,89,1,0,0,8766,0,3652.5,1
7738509,46,0,119,65,29.15,1,20,0,83,3,0,1,2779,1,2779,0
7739067,48,0,120,77.5,24.53,1,4,0,70,1,0,0,8766,0,3652.5,1
7740226,57,1,136.5,87,25.51,0,0,0,58,1,0,0,8766,0,3652.5,1
7741535,40,0,101,59,23.06,1,20,0,60,2,0,0,8766,0,3652.5,1
7742959,61,1,129,85,21.77,1,20,0,80,1,0,0,3898,0,3652.5,1
7743516,47,1,139,79,29.34,0,0,0,70,1,0,0,8766,0,3652.5,1
7746734,47,0,127,76.5,23.48,1,11,0,65,2,0,0,8766,0,3652.5,1
7747761,42,0,119,75,22.91,1,9,0,57,1,0,0,8766,0,3652.5,1
7757032,56,1,114,80,28.41,0,0,0,60,3,0,0,8766,0,3652.5,1
7758198,41,0,110,60,25.54,0,0,0,75,1,0,0,8766,0,3652.5,1
7764355,40,1,138,91,22.67,1,43,0,72,1,0,0,593,0,593,0
7770601,58,1,127.5,76,21.02,1,,0,81,2,0,1,5596,0,3652.5,1
7785695,48,1,133,77.5,33.99,1,40,0,81,,0,0,8766,0,3652.5,1
7789320,65,1,119,82.5,21.18,1,20,0,60,1,0,0,7649,0,3652.5,1
7790641,61,0,134.5,87,22.91,1,9,0,70,1,0,0,6626,0,3652.5,1
7792596,52,0,102,70.5,20.4,1,9,,65,3,0,0,8766,0,3652.5,1
7793362,47,0,124,75.5,24.71,0,0,0,65,1,1,0,8317,0,3652.5,1
7796482,41,0,159,100,27.78,1,16,0,78,2,0,0,8766,0,3652.5,1
7796923,47,0,118.5,81,34.56,0,0,0,70,1,0,0,8766,0,3652.5,1
7798080,60,1,108.5,73.5,21.76,1,9,0,65,1,0,0,8766,0,3652.5,1
7798656,37,0,119,62.5,28.78,1,20,0,70,3,0,0,4907,0,3652.5,1
7800260,36,1,110,67,23.1,1,25,0,63,2,0,0,8766,0,3652.5,1
7801488,52,0,181,112.5,24.8,0,0,1,74,4,0,1,2612,1,2612,0
7801730,58,0,143.5,85,21.68,0,0,0,91,2,0,0,8766,0,3652.5,1
7805495,57,1,177.5,120,25.48,1,3,0,72,1,0,0,2807,0,2807,0
7805969,45,0,119,80,22.18,1,20,0,78,3,0,0,8766,0,3652.5,1
7806429,58,0,125,75,24,1,10,0,75,2,0,0,8766,0,3652.5,1
7807898,62,1,157,96,28.83,1,5,0,75,1,0,0,8307,0,3652.5,1
7808711,61,0,102,74.5,19.22,0,0,0,67,3,0,0,8766,0,3652.5,1
7809046,44,1,111,78,27.78,1,25,0,85,4,0,1,5467,0,3652.5,1
7811148,48,1,131,52,24.95,0,0,0,75,3,0,0,8766,0,3652.5,1
7815724,65,1,122,68,26.08,1,3,0,60,1,0,0,5621,0,3652.5,1
7819114,52,1,138,86.5,24.88,1,15,0,60,1,0,0,8766,0,3652.5,1
7820775,39,0,124,80,29.7,0,0,0,75,1,0,0,8766,0,3652.5,1
7824035,46,0,106.5,70.5,26.18,0,0,0,75,3,0,0,8766,0,3652.5,1
7824335,40,0,125,75,25.67,1,3,0,65,1,0,0,8766,0,3652.5,1
7825014,63,1,141,82,25.84,1,20,0,82,1,0,1,3307,1,3307,0
7826273,39,0,141,87,24.04,0,0,0,75,2,0,0,8766,0,3652.5,1
7827758,50,0,107.5,70,26.76,0,0,0,67,2,0,0,8766,0,3652.5,1
7831466,46,1,159,100,27.31,1,20,0,64,1,0,0,8766,0,3652.5,1
7834082,47,0,143,87,20.86,1,30,0,85,2,0,0,2826,0,2826,0
7834949,61,0,133,93,,0,0,1,80,2,0,0,1906,0,1906,0
7835507,64,0,160,87,29.97,0,0,1,65,1,0,0,8766,0,3652.5,1
7836671,59,0,154.5,93,21.82,1,20,0,85,2,0,0,7246,0,3652.5,1
7840911,63,0,133.5,92,25.09,0,0,0,80,3,0,0,8766,0,3652.5,1
7846178,51,0,112,83,20.82,1,20,0,104,2,0,1,2578,1,2578,0
7848919,47,1,147.5,92.5,31.31,1,30,0,77,1,0,0,8766,0,3652.5,1
7854325,38,1,123,76,20.39,1,15,0,60,2,0,0,8766,0,3652.5,1
7856764,45,0,135,88,25.23,0,0,0,85,1,0,0,8766,0,3652.5,1
7857277,61,1,113,77,25.51,0,0,0,80,1,0,0,8766,0,3652.5,1
7858251,51,1,168,103,29.11,1,5,0,80,2,0,1,2948,1,2948,0
7860622,45,1,117.5,82.5,24.62,1,20,0,58,4,0,0,8766,0,3652.5,1
7861575,54,0,138,80,31.82,0,0,0,72,1,0,0,8766,0,3652.5,1
7869666,64,0,195,110,20.09,1,15,0,75,2,0,1,3698,0,3652.5,1
7875131,49,0,125,83,22.17,0,0,0,70,4,0,0,8766,0,3652.5,1
7876375,59,0,159,102,28.3,0,0,1,62,3,0,0,8766,0,3652.5,1
7876657,48,1,126,84,25.82,1,15,0,73,1,0,0,6001,0,3652.5,1
7876687,48,1,140,94,23.95,0,0,0,65,1,0,0,8766,0,3652.5,1
7880995,63,1,134.5,80,22.49,1,20,0,77,3,0,0,8766,0,3652.5,1
7881204,55,1,115,78,28.52,0,0,0,73,4,0,0,2406,0,2406,0
7883417,42,0,110,80,19.12,1,9,0,78,1,0,0,4643,0,3652.5,1
7897994,59,1,144.5,91.5,26.08,0,0,0,67,1,0,0,8766,0,3652.5,1
7899915,64,0,149.5,86,26.91,0,0,0,85,2,0,0,8766,0,3652.5,1
7902882,51,0,142,90,28.58,0,0,0,95,2,0,0,8766,0,3652.5,1
7904179,54,1,114,82,24.39,1,40,0,65,3,0,0,8766,0,3652.5,1
7908819,66,0,150,74,25.59,0,0,0,72,1,0,1,4344,0,3652.5,1
7910022,52,1,159,89,23.68,1,15,0,100,1,0,0,3564,0,3564,0
7910043,36,1,128,86.5,35.31,0,0,0,83,1,0,0,8766,0,3652.5,1
7911107,54,0,165,84,38.31,0,0,0,80,2,0,0,8766,0,3652.5,1
7912905,47,0,102.5,66,23.4,0,0,0,70,3,0,0,8766,0,3652.5,1
7913579,41,0,112,75.5,25.14,0,0,0,72,1,0,0,8766,0,3652.5,1
7915767,62,1,127.5,75,25.35,1,40,0,65,4,0,1,2275,1,2275,0
7922993,65,0,143.5,93,26.82,0,0,0,79,1,0,0,8766,0,3652.5,1
7926598,50,0,143,90,29.36,0,0,0,70,1,0,0,8766,0,3652.5,1
7929170,55,1,121.5,81.5,28.45,1,15,0,71,3,0,0,8766,0,3652.5,1
7932687,51,1,98,66,22.86,0,0,,63,4,0,0,8766,0,3652.5,1
7933423,37,1,120,72,23.8,1,30,0,75,4,0,0,8766,0,3652.5,1
7935008,68,0,144,95,29.25,0,0,,80,2,0,0,8766,0,3652.5,1
7935934,60,1,141,92,24.1,1,20,0,75,1,0,0,8766,0,3652.5,1
7938479,47,0,133,93,27.82,0,0,0,68,1,0,0,8766,0,3652.5,1
7938500,38,1,102,73,25.69,0,0,0,86,1,0,0,8766,0,3652.5,1
7941216,47,0,116.5,81,25.85,1,20,0,65,3,0,0,8766,0,3652.5,1
7943235,48,0,141,88,25.21,1,5,0,80,1,0,1,6452,0,3652.5,1
7945122,51,1,158,105,27.22,0,0,0,60,2,0,1,4560,0,3652.5,1
7945472,61,0,168,92,31.63,0,0,0,80,1,0,0,5437,0,3652.5,1
7947614,56,1,128.5,87.5,31.5,1,43,0,80,1,0,0,8101,0,3652.5,1
7948688,41,1,139,84,28.76,0,0,0,95,2,0,0,8766,0,3652.5,1
7949258,47,1,125,72,21.14,1,15,0,80,1,0,0,8766,0,3652.5,1
7950270,50,0,119,86,26.3,1,25,0,86,2,0,0,8766,0,3652.5,1
7962129,37,1,112,70,22.79,1,30,0,56,2,0,0,8766,0,3652.5,1
7979046,59,1,138,80,31.08,1,20,0,70,1,0,0,6577,0,3652.5,1
7979313,50,1,110,65,24.45,1,20,0,69,1,0,0,8766,0,3652.5,1
7983169,44,0,113,78,31.93,0,0,0,64,1,0,0,8766,0,3652.5,1
7987102,61,0,182,86,26.98,0,0,0,105,1,0,0,8766,0,3652.5,1
7989071,43,0,121,84,24.68,1,5,0,80,3,0,0,8766,0,3652.5,1
7989877,62,1,130,87,28.73,0,0,0,72,1,0,0,8747,0,3652.5,1
7989907,57,0,140,94,21.2,1,9,0,98,4,0,0,8766,0,3652.5,1
7990898,39,1,122.5,87,31.6,1,20,0,100,1,0,0,8766,0,3652.5,1
7991279,46,1,111,80,20.87,1,20,0,72,2,0,0,8766,0,3652.5,1
7996314,49,1,160.5,106.5,30.33,1,20,0,75,1,0,0,8766,0,3652.5,1
7997085,44,0,103,67,26.58,1,3,0,66,2,0,0,8766,0,3652.5,1
7997361,62,0,118.5,71,26.18,0,0,0,68,4,0,0,8766,0,3652.5,1
7997920,55,1,165,108,24.14,1,20,0,75,1,0,0,7267,0,3652.5,1
8002373,58,1,140,89.5,25.96,1,9,0,80,4,0,0,8766,0,3652.5,1
8002626,53,1,132.5,55,19.97,1,11,1,90,1,0,0,1396,0,1396,0
8005542,46,1,123,76,21.66,1,30,0,55,2,0,1,3786,0,3652.5,1
8005716,62,0,162,97.5,30.53,0,0,0,76,1,0,0,8766,0,3652.5,1
8006181,52,1,132,88,23.35,0,0,0,72,4,0,0,8766,0,3652.5,1
8006375,41,1,112,63.5,25.2,1,20,0,80,2,0,1,2313,1,2313,0
8008793,44,1,150.5,87,21.44,1,40,0,75,1,0,0,2589,0,2589,0
8018346,59,0,135.5,72.5,22.38,0,0,0,96,1,0,0,5731,0,3652.5,1
8020119,58,0,153,106,26.94,0,0,0,98,1,0,0,8766,0,3652.5,1
8024695,51,0,112,83,24.1,1,10,0,75,4,0,0,8766,0,3652.5,1
8028398,63,1,113,82,29.01,1,9,0,74,1,0,0,8766,0,3652.5,1
8039082,42,0,108,70.5,27.71,0,0,0,75,3,0,0,8766,0,3652.5,1
8048375,44,1,142,92,25.21,0,0,0,72,1,0,0,8766,0,3652.5,1
8053283,57,0,153,87,27.64,0,0,0,75,2,0,0,8766,0,3652.5,1
8056692,49,0,130,80,22.54,1,20,0,83,2,0,0,5035,0,3652.5,1
8059939,53,0,108,65,22.19,0,0,0,70,4,0,0,8766,0,3652.5,1
8077792,54,1,123,75,25.91,0,0,0,65,1,0,0,8766,0,3652.5,1
8082548,63,0,167,100,27.31,0,0,0,85,1,0,1,6944,0,3652.5,1
8083587,63,1,113,70,23.72,1,20,0,67,1,0,0,7225,0,3652.5,1
8091271,42,0,125,77.5,22.9,0,0,0,95,4,0,0,8766,0,3652.5,1
8091644,41,1,129,83,28.08,1,25,0,75,2,0,0,8766,0,3652.5,1
8093407,66,0,167,96,29.04,0,0,0,65,1,0,0,8627,0,3652.5,1
8098134,52,1,151,102,25.82,0,0,0,95,1,0,0,8766,0,3652.5,1
8099211,48,0,127,79.5,22.83,0,0,0,84,3,0,0,8766,0,3652.5,1
8100613,53,0,128,90,23.65,1,20,0,105,2,0,0,8766,0,3652.5,1
8100793,45,0,122,80,24.39,0,0,0,75,4,0,0,8766,0,3652.5,1
8105648,40,1,119,66,28.09,1,20,0,75,1,0,0,8766,0,3652.5,1
8107861,39,1,145.5,92.5,28.35,1,40,0,75,1,0,0,8766,0,3652.5,1
8109448,51,0,168.5,97,26.36,0,0,0,57,1,0,0,8766,0,3652.5,1
8117641,45,1,165,86,23.86,1,25,0,78,1,0,0,4844,0,3652.5,1
8118349,44,1,133,85.5,25.14,0,0,0,75,2,0,0,8766,0,3652.5,1
8121286,55,0,163,91,28.66,1,,0,69,1,0,0,8766,0,3652.5,1
8122346,56,0,114,72,22.64,1,3,0,65,4,0,0,8766,0,3652.5,1
8124362,51,1,115,67,26.97,1,9,0,83,1,0,0,8766,0,3652.5,1
8126013,42,1,132,89.5,29.35,0,0,0,75,2,0,0,8766,0,3652.5,1
8126551,52,1,135,86,27.78,0,0,0,88,1,0,0,8766,0,3652.5,1
8130876,36,1,101.5,67,24.43,1,20,0,65,1,0,0,8766,0,3652.5,1
8131214,42,1,124,80,21.5,0,0,0,65,4,0,1,8049,0,3652.5,1
8131420,48,1,122,70,23.62,1,20,0,90,1,0,0,2708,0,2708,0
8133799,50,0,112.5,60,23.29,1,3,0,60,3,0,0,8766,0,3652.5,1
8134479,36,0,118,80,29.59,1,5,0,75,1,0,0,8766,0,3652.5,1
8136967,62,1,112,61,24.46,1,20,0,68,1,0,0,8766,0,3652.5,1
8140785,61,0,148,89,23.48,0,0,0,100,2,0,0,3932,0,3652.5,1
8141392,36,0,147,94,26.79,1,5,0,76,1,0,0,8766,0,3652.5,1
8146724,58,0,146,92,23.07,1,2,0,75,1,0,0,8766,0,3652.5,1
8147082,57,1,147.5,90,32.09,0,0,0,67,4,0,0,3538,0,3538,0
8149187,49,0,136,90,28.3,0,0,0,100,2,0,0,8766,0,3652.5,1
8152391,48,0,129,86,20.41,0,0,0,65,4,0,0,8766,0,3652.5,1
8156433,56,0,174,97,29.22,1,10,1,90,1,0,0,1215,0,1215,0
8157560,61,0,128,87,26.3,1,20,0,82,2,0,0,8766,0,3652.5,1
8172209,51,0,108,77,22.91,0,0,0,68,3,0,0,8766,0,3652.5,1
8172231,42,0,126,81,22.26,1,9,0,84,2,0,0,8766,0,3652.5,1
8173732,58,0,159.5,93.5,18.53,1,20,0,75,2,0,0,7155,0,3652.5,1
8179617,47,1,138,96,29.73,0,0,0,63,4,0,0,8766,0,3652.5,1
8183521,50,1,126,76,20.17,1,20,0,100,1,0,0,8766,0,3652.5,1
8184713,52,0,139,88,26.55,1,20,0,110,3,0,0,8766,0,3652.5,1
8185486,52,0,125,72,24.98,0,0,0,75,4,0,0,8766,0,3652.5,1
8188303,57,1,132,77,23.01,1,15,0,76,3,0,1,5081,0,3652.5,1
8193299,61,0,120,72.5,22.35,0,0,0,76,2,0,0,8766,0,3652.5,1
8197207,62,0,156,105,22.35,0,0,0,77,1,0,0,8766,0,3652.5,1
8201591,56,1,142,66,24.47,1,15,0,95,2,0,1,5497,0,3652.5,1
8203111,57,1,123,79,26.36,0,0,0,74,1,0,0,2474,0,2474,0
8205021,60,1,135,85,23.06,1,30,0,80,1,0,0,8622,0,3652.5,1
8214245,50,1,108,81,22.81,1,20,0,80,1,0,0,8766,0,3652.5,1
8214561,54,0,115,72.5,20.72,1,5,0,70,1,0,0,8766,0,3652.5,1
8220466,52,1,128,83.5,25.88,0,0,0,68,1,0,0,8766,0,3652.5,1
8224634,54,0,135,85,19.18,0,0,0,86,3,0,1,8511,0,3652.5,1
8226176,44,0,118,68,22.72,1,1,0,68,4,0,0,8766,0,3652.5,1
8226989,59,0,138,72,25.02,0,0,0,60,1,0,0,8766,0,3652.5,1
8229555,62,0,175,79,28.24,0,0,0,57,,0,0,7738,0,3652.5,1
8233844,45,0,128.5,87.5,23.75,0,0,0,82,3,0,0,8766,0,3652.5,1
8245182,40,1,112,78,28.57,1,25,0,80,4,0,0,8766,0,3652.5,1
8245287,43,1,144.5,95,27.15,0,0,0,70,2,0,0,8766,0,3652.5,1
8246065,42,1,158,108,28.89,1,15,0,90,2,0,0,8766,0,3652.5,1
8246413,40,0,110,74,20.79,0,0,0,56,1,0,0,8766,0,3652.5,1
8249226,48,1,115,80,26.79,0,0,0,75,2,0,0,7840,0,3652.5,1
8250060,43,0,127,79,30.79,0,0,0,75,2,0,0,8766,0,3652.5,1
8263891,59,1,151.5,110,26.89,1,20,0,68,4,0,0,8766,0,3652.5,1
8265511,60,1,133,89.5,27.13,0,0,0,90,4,0,1,4397,0,3652.5,1
8267774,63,1,159,90,21.9,0,0,0,80,1,0,0,3247,0,3247,0
8269615,50,0,158,74,35.68,1,3,0,69,1,0,1,5400,0,3652.5,1
8272502,38,1,123,92,25.42,0,0,0,62,2,0,0,8766,0,3652.5,1
8275220,35,0,100.5,69,17.92,1,1,0,75,2,0,0,8766,0,3652.5,1
8275271,56,1,166,107,21.97,0,0,0,75,1,0,0,8766,0,3652.5,1
8283125,45,1,113,75.5,21.51,1,20,0,88,,0,0,8766,0,3652.5,1
8286340,40,0,111,79,22.9,0,0,0,75,2,0,0,8766,0,3652.5,1
8291170,35,0,83.5,55,16.71,1,20,0,79,2,0,0,1959,0,1959,0
8291320,67,0,144,89,21.93,0,0,0,96,2,0,0,3837,0,3652.5,1
8303090,62,0,248,130,37.1,0,0,1,96,2,0,0,3416,0,3416,0
8304380,61,0,126,73,23.16,0,0,0,74,4,0,0,8766,0,3652.5,1
8306199,54,1,121,79,26.21,1,3,0,75,1,0,0,7049,0,3652.5,1
8306394,38,1,111,72.5,27.22,1,30,0,95,1,0,0,8766,0,3652.5,1
8306727,63,0,152,70,19.69,0,0,0,80,1,1,0,815,0,815,0
8306924,60,0,155,90,27.94,0,0,0,68,3,0,0,8766,0,3652.5,1
8307406,49,0,108,70,20.13,1,1,0,107,1,0,0,8766,0,3652.5,1
8318764,53,1,172.5,112.5,28.47,0,0,0,75,2,0,1,5831,0,3652.5,1
8319103,50,1,122,81,32.22,0,0,0,63,1,0,1,4554,0,3652.5,1
8320607,62,1,163,94,25.62,1,6,0,85,1,0,0,869,0,869,0
8321319,55,0,123,81,31.44,0,0,0,75,1,0,0,8766,0,3652.5,1
8323763,46,0,108,73,20.06,0,0,0,73,2,0,0,8766,0,3652.5,1
8326024,40,0,112.5,62.5,27.65,1,20,0,75,2,0,0,4102,0,3652.5,1
8326190,38,1,107.5,71,23.74,1,15,0,57,1,0,1,6516,0,3652.5,1
8327080,55,0,143,82.5,23.81,0,0,0,90,2,0,0,8766,0,3652.5,1
8330292,40,0,129,87,23.29,1,20,0,89,1,0,0,8766,0,3652.5,1
8330956,58,1,98,60,24.73,0,0,0,105,2,0,1,266,1,266,0
8331159,49,0,116,76,28.86,0,0,0,65,3,0,0,8766,0,3652.5,1
8332784,50,1,114,72,22.93,1,16,0,66,2,0,0,8766,0,3652.5,1
8333844,45,1,124,89,22.82,0,0,0,82,1,0,0,8766,0,3652.5,1
8334332,42,1,196,109,27.72,1,20,0,102,1,0,1,4319,0,3652.5,1
8335119,51,1,160,98,24.63,1,9,0,98,4,0,0,8766,0,3652.5,1
8343912,56,0,122.5,85,24.22,0,0,0,92,3,0,0,8766,0,3652.5,1
8343946,53,0,156,95,26.05,0,0,0,94,3,0,0,8766,0,3652.5,1
8345783,38,0,126.5,75.5,24.38,0,0,0,71,3,0,0,4452,0,3652.5,1
8345828,59,0,139,82,29.51,0,0,0,80,,0,0,8766,0,3652.5,1
8346235,48,1,108,75,17.5,1,30,0,63,1,0,0,8766,0,3652.5,1
8346521,40,1,122,81,30.55,1,15,0,75,3,0,0,8766,0,3652.5,1
8348195,62,0,176.5,92,22.53,0,0,1,79,1,0,0,1629,0,1629,0
8351479,36,1,115,65,20.42,0,0,0,68,2,0,1,3944,0,3652.5,1
8352858,43,1,121,69,24.21,1,30,0,65,3,0,0,8766,0,3652.5,1
8353431,56,0,131,79,27.69,0,0,0,90,3,0,0,8766,0,3652.5,1
8353520,59,1,127,77,28.47,0,0,0,80,1,0,0,7671,0,3652.5,1
8353651,43,0,161.5,96,38.96,1,25,0,88,1,0,1,6284,0,3652.5,1
8354357,43,1,100.5,66,22.05,1,10,0,65,3,0,0,8766,0,3652.5,1
8358093,50,0,131.5,83,24.61,1,20,0,75,1,0,0,8766,0,3652.5,1
8358144,46,0,131.5,77,20.25,0,0,0,65,1,0,0,8766,0,3652.5,1
8358266,60,0,174,110,25.05,0,0,,85,1,0,0,8766,0,3652.5,1
8363458,43,1,125,76,24.92,1,15,0,80,1,0,1,8478,0,3652.5,1
8363780,61,1,131,83,26.46,1,15,0,62,4,0,1,1851,1,1851,0
8367068,60,1,143.5,77.5,26.13,0,0,0,65,3,0,0,8766,0,3652.5,1
8367703,48,0,136,90,26.83,0,0,0,70,3,0,0,8766,0,3652.5,1
8367938,38,0,123.5,78,27.14,1,5,0,79,1,0,0,8766,0,3652.5,1
8368959,44,1,164,119,28.92,1,3,0,73,3,0,1,1510,1,1510,0
8371877,49,0,149,91.5,26.03,0,0,0,68,1,0,0,8766,0,3652.5,1
8374401,52,1,133,82,21.18,1,30,0,66,1,0,0,8766,0,3652.5,1
8374498,60,0,139,81,24.68,1,20,0,74,2,0,0,8417,0,3652.5,1
8375719,62,1,124,84,24.53,1,20,0,66,1,0,0,6746,0,3652.5,1
8376985,58,1,139,81.5,23.65,0,0,0,80,4,0,0,2230,0,2230,0
8377034,48,0,113,87,18.01,1,20,0,60,2,0,1,5694,0,3652.5,1
8378448,44,0,116,77,22.67,1,20,0,75,1,0,0,8766,0,3652.5,1
8378607,47,1,182,110,28.88,1,43,1,72,1,0,0,8576,0,3652.5,1
8383071,44,0,113,74,22.19,0,0,0,80,4,0,0,8766,0,3652.5,1
8383570,46,0,126,71,24.91,1,20,0,80,2,0,0,8766,0,3652.5,1
8384742,37,0,112,67,24.61,0,0,0,80,1,0,0,8766,0,3652.5,1
8387725,57,1,130,74,28.9,0,0,0,60,1,0,0,8766,0,3652.5,1
8392996,55,1,104,76,31.68,0,0,0,62,2,0,0,8766,0,3652.5,1
8393178,54,0,106,77,27.64,0,0,0,78,1,0,0,8766,0,3652.5,1
8393434,55,0,177.5,110,22.89,0,0,0,63,2,0,1,7794,0,3652.5,1
8399122,46,0,121,78,24.24,1,43,0,75,1,0,0,8766,0,3652.5,1
8404680,39,0,134,78,30.36,0,0,0,100,2,0,0,8766,0,3652.5,1
8410661,37,0,110,77.5,17.93,0,0,0,77,1,0,0,8766,0,3652.5,1
8412753,43,0,128.5,80,18.83,1,30,0,90,4,0,0,8054,0,3652.5,1
8418151,46,1,115,72,21.34,1,30,0,90,1,0,0,8766,0,3652.5,1
8420577,68,0,154,96,30.12,0,0,0,103,3,0,0,3760,0,3652.5,1
8421557,46,0,202,124,28.06,1,7,1,66,1,0,0,996,0,996,0
8421670,41,1,151,85,33.08,1,20,0,95,1,0,1,3253,1,3253,0
8423619,55,0,154,87,20.92,1,9,0,96,2,0,0,8766,0,3652.5,1
8429374,39,1,162,109,29.72,1,30,0,90,2,0,1,4163,0,3652.5,1
8430479,41,0,122,78,22.54,1,9,0,85,2,0,0,8766,0,3652.5,1
8431091,46,0,117,78.5,22.54,1,15,0,72,1,0,0,8705,0,3652.5,1
8435842,48,1,123,72.5,25.1,1,5,0,78,4,0,0,8766,0,3652.5,1
8435956,53,0,123,82,25.52,1,20,0,72,1,0,0,7157,0,3652.5,1
8438940,58,0,110,83,26.98,0,0,0,65,1,0,0,8291,0,3652.5,1
8439196,57,1,117,72,25.51,1,15,0,75,2,0,1,2747,1,2747,0
8440748,40,1,122,85,30.8,0,0,0,75,4,0,1,2154,1,2154,0
8441657,49,0,154,80,20.26,0,0,0,75,3,0,0,8518,0,3652.5,1
8443845,43,0,106,65,23.83,1,20,0,68,2,0,0,8766,0,3652.5,1
8445226,37,1,114.5,77,31.22,0,0,0,87,2,0,0,8766,0,3652.5,1
8445246,43,0,99,62,22.17,1,20,0,60,2,0,0,8766,0,3652.5,1
8449249,46,0,99.5,66,21.67,1,25,0,72,3,0,0,8766,0,3652.5,1
8451758,62,0,185,95,26.21,0,0,0,80,2,0,1,678,1,678,0
8454599,53,0,148,88,32.52,0,0,0,85,2,0,0,8766,0,3652.5,1
8454777,61,0,108,70,30.23,0,0,0,60,2,0,1,7541,0,3652.5,1
8454887,35,1,159,95.5,26.23,0,0,0,110,2,0,0,8766,0,3652.5,1
8456805,49,0,121,82,21.14,0,0,1,60,1,0,0,8766,0,3652.5,1
8457627,56,1,116,67,24.62,1,20,0,70,2,0,0,8766,0,3652.5,1
8457915,67,0,185,110,19.53,1,9,0,100,1,0,0,3773,0,3652.5,1
8459505,54,0,158,89,31.44,0,0,0,67,1,0,0,8766,0,3652.5,1
8460794,39,0,85,70,22.43,1,20,0,88,3,0,0,8766,0,3652.5,1
8464932,42,1,123,73,22.06,1,,0,66,1,0,0,8766,0,3652.5,1
8465853,65,0,169,111,32.54,1,3,0,65,1,0,0,8538,0,3652.5,1
8467478,40,0,130,84.5,39.94,1,5,0,77,1,0,0,2567,0,2567,0
8468668,41,0,117,86,34.54,0,0,0,72,1,0,0,8766,0,3652.5,1
8474247,36,0,105.5,67,22.66,1,15,0,90,3,0,0,8766,0,3652.5,1
8476285,48,1,135,88,27.61,0,0,0,92,1,0,1,6126,0,3652.5,1
8480391,52,0,146,89,25.37,0,0,0,115,2,0,0,5900,0,3652.5,1
8495100,63,1,165,100,21.33,1,15,0,72,1,0,1,5178,0,3652.5,1
8500988,61,1,143,96,27.04,0,0,0,70,1,0,1,361,1,361,0
8502009,44,0,110,65,22.55,1,30,0,62,,0,0,5527,0,3652.5,1
8504597,53,1,176,109,32.32,1,43,0,72,1,0,0,8293,0,3652.5,1
8504954,44,0,118,74,26.51,1,9,0,80,1,0,0,8766,0,3652.5,1
8505083,39,0,104,74,20.55,0,0,0,68,2,0,0,8766,0,3652.5,1
8511183,44,1,136,94,24.56,1,20,0,85,1,0,1,8469,0,3652.5,1
8514006,48,0,117,81.5,28.96,0,0,0,67,1,0,0,8766,0,3652.5,1
8514597,45,0,130,94,34.27,1,5,0,85,1,0,0,8766,0,3652.5,1
8517165,58,0,135,84,28.24,1,10,0,85,1,0,0,8766,0,3652.5,1
8519337,40,1,122.5,75,20.25,1,15,0,60,2,0,0,8766,0,3652.5,1
8520122,39,1,140,97,25.31,1,3,0,72,4,0,0,8766,0,3652.5,1
8520415,47,0,107,69,23.64,1,30,0,92,2,0,0,8766,0,3652.5,1
8524550,44,0,167.5,92.5,21.28,1,20,0,85,2,0,1,6940,0,3652.5,1
8525438,47,0,122.5,80,24.62,1,20,0,72,1,0,0,4654,0,3652.5,1
8528328,57,0,133,72,18.09,1,10,0,100,2,0,0,8031,0,3652.5,1
8529798,60,0,138,87,29.64,0,0,0,85,1,0,0,3802,0,3652.5,1
8534123,41,1,117.5,80,28.68,0,0,0,65,,0,0,8766,0,3652.5,1
8535739,42,0,101,75,18.73,0,0,0,55,2,1,0,8766,0,3652.5,1
8536447,58,1,109,78.5,25.26,0,0,0,90,3,0,0,8766,0,3652.5,1
8538782,45,1,132,78,28.4,0,0,0,75,4,0,1,5382,0,3652.5,1
8542285,40,0,131.5,80,24.73,1,15,0,100,2,0,0,8766,0,3652.5,1
8543556,63,0,123,66,28.6,0,0,0,70,1,0,0,8766,0,3652.5,1
8544725,49,1,119,67,25.83,1,40,0,79,3,0,0,5732,0,3652.5,1
8546732,51,0,137,79,21.66,1,15,0,80,2,0,0,8766,0,3652.5,1
8552857,40,1,130,89,28.32,0,0,0,96,2,0,0,8766,0,3652.5,1
8554023,49,0,128,78,24.82,0,0,0,80,2,0,0,8766,0,3652.5,1
8555337,41,0,128.5,74.5,21.02,0,0,0,81,3,0,0,8766,0,3652.5,1
8556216,55,0,161,85,28.26,0,0,0,66,1,0,0,7241,0,3652.5,1
8558239,38,1,120,75,23.76,1,20,0,83,3,0,0,8766,0,3652.5,1
8560357,54,0,230,110,24.76,1,15,0,93,2,0,0,3851,0,3652.5,1
8560602,40,0,118,86.5,22.69,1,9,0,89,3,0,0,8766,0,3652.5,1
8562005,50,1,121,85,25.31,1,2,0,88,,0,0,8766,0,3652.5,1
8566370,54,1,143,75,32.99,1,20,0,85,1,0,0,8640,0,3652.5,1
8568406,66,1,140,71,27.56,0,0,0,70,2,0,0,6340,0,3652.5,1
8568705,63,1,155,79,25.9,0,0,0,55,1,0,0,5597,0,3652.5,1
8573433,52,1,153,102.5,29.35,0,0,0,91,1,0,0,8766,0,3652.5,1
8577870,48,0,146.5,79,22.19,0,0,0,82,3,0,0,8766,0,3652.5,1
8578644,38,0,117.5,77,21.44,1,25,0,100,3,0,0,8766,0,3652.5,1
8580590,54,1,137.5,82.5,25.58,1,25,0,75,3,0,0,8766,0,3652.5,1
8582037,38,0,138,72,21.67,0,0,0,85,1,0,0,8766,0,3652.5,1
8586362,65,1,147.5,95,29.08,1,25,0,82,4,0,0,2590,0,2590,0
8593549,53,1,129,80,26.32,0,0,0,75,2,0,0,8766,0,3652.5,1
8595137,44,0,101,66,25.38,1,15,0,85,2,0,0,8766,0,3652.5,1
8598856,47,0,120,77.5,23.39,1,20,0,82,3,0,0,8766,0,3652.5,1
8602431,47,0,162,85,30.59,0,0,0,65,1,0,0,8766,0,3652.5,1
8604301,57,0,197,72,23.41,0,0,0,68,1,0,0,1003,0,1003,0
8608893,44,0,133,89,29.29,1,5,0,70,4,0,0,8766,0,3652.5,1
8618928,43,0,164,89,24.44,1,20,0,75,2,0,0,8766,0,3652.5,1
8619327,50,1,189,121,33.81,1,10,0,65,1,0,0,6561,0,3652.5,1
8622299,41,0,125.5,82,23.8,1,5,0,67,2,0,0,8766,0,3652.5,1
8629555,45,0,134,93,28.81,0,0,0,92,3,0,0,8766,0,3652.5,1
8630398,46,0,118,92,21.14,1,3,0,75,1,0,0,8766,0,3652.5,1
8633952,50,0,142.5,85,21.86,0,0,0,72,2,0,0,8766,0,3652.5,1
8638285,42,0,124,82,28.74,0,0,0,70,1,0,0,8766,0,3652.5,1
8640485,58,0,126,52,25.66,0,0,0,75,1,0,1,5611,0,3652.5,1
8648050,48,1,136,95.5,26.36,0,0,0,75,4,0,1,6138,0,3652.5,1
8649166,36,0,112,78,22.54,0,0,0,63,3,0,0,8766,0,3652.5,1
8649953,55,1,112.5,72.5,27.56,1,3,,60,1,0,0,8766,0,3652.5,1
8652566,68,1,106,48,26.73,1,15,0,65,1,0,0,1863,0,1863,0
8654577,37,0,118,71,23.1,1,15,0,64,1,0,0,8766,0,3652.5,1
8656522,56,0,120,70,18.46,1,10,0,57,1,0,0,8766,0,3652.5,1
8656654,50,0,147,100,39.94,1,15,0,85,1,0,0,8766,0,3652.5,1
8657404,53,0,108,81,28.71,0,0,0,56,2,0,0,8766,0,3652.5,1
8659129,62,1,128,78,27.99,0,0,0,56,3,0,1,3584,1,3584,0
8661248,40,0,142,84,34.46,1,1,0,88,2,0,0,8766,0,3652.5,1
8662987,41,0,140,92.5,24.71,1,15,0,75,3,0,0,8766,0,3652.5,1
8666425,38,0,113,68,25.75,1,30,0,70,1,0,0,8766,0,3652.5,1
8672485,53,1,151,89,26.76,1,40,0,75,1,0,0,8766,0,3652.5,1
8673853,56,1,139,93,28.67,1,30,0,57,,0,1,2782,1,2782,0
8674300,46,0,144,88,23.65,1,15,0,85,2,0,0,8766,0,3652.5,1
8675139,51,0,153,102.5,39.22,0,0,0,100,1,0,0,8766,0,3652.5,1
8678156,39,0,146,86,24.41,0,0,0,85,2,0,0,8766,0,3652.5,1
8679079,37,0,141,93,41.29,1,20,0,80,2,0,0,8766,0,3652.5,1
8680024,62,0,122,75.5,23.03,0,0,0,75,4,0,0,8766,0,3652.5,1
8681655,43,0,138.5,95.5,23.09,0,0,0,75,1,0,0,8766,0,3652.5,1
8692819,46,0,112.5,71,18.68,1,20,0,80,3,0,0,8766,0,3652.5,1
8694263,48,0,100,76,29.45,0,0,0,75,1,0,0,8766,0,3652.5,1
8698117,48,1,140,90,27.48,0,0,0,67,4,0,1,3703,0,3652.5,1
8699070,49,1,114,82,24.68,0,0,0,69,2,0,0,6893,0,3652.5,1
8703333,60,1,155,92.5,30.85,0,0,0,80,1,0,0,5891,0,3652.5,1
8703486,49,1,128,82,23.58,1,20,0,69,1,0,0,8766,0,3652.5,1
8705626,41,0,97,63,22.53,1,20,0,76,4,0,0,8766,0,3652.5,1
8708607,38,0,112,73,19.49,1,20,0,70,3,0,0,8766,0,3652.5,1
8711473,59,0,148,89,25.69,0,0,0,90,3,0,0,8766,0,3652.5,1
8714049,56,1,167,92,24.66,0,0,1,60,1,1,1,3536,1,3536,0
8718417,54,0,113,73,24.21,1,10,0,80,1,0,0,8766,0,3652.5,1
8722635,48,1,136,81,25.83,1,60,0,80,,0,0,8766,0,3652.5,1
8723664,69,0,166,90,25.4,0,0,1,77,3,0,0,7359,0,3652.5,1
8725923,67,1,214,94,25.86,0,0,1,80,3,0,1,733,1,733,0
8726077,43,1,143,88,27.94,1,20,0,75,2,0,0,8766,0,3652.5,1
8726344,48,1,134.5,90.5,25.68,1,15,0,60,4,0,0,8766,0,3652.5,1
8727218,48,1,132,91,40.08,1,35,0,90,1,0,0,828,0,828,0
8735597,42,0,124,80,24.87,1,2,0,90,2,0,0,5620,0,3652.5,1
8740972,47,0,159.5,82.5,34.08,1,20,0,86,2,0,0,764,0,764,0
8742084,60,0,145,100,27.94,1,10,0,79,3,0,0,8766,0,3652.5,1
8746841,62,0,125,75,29.88,0,0,0,75,1,0,0,5638,0,3652.5,1
8750239,57,1,123,73,27.51,1,20,0,65,1,0,1,1237,1,1237,0
8753955,38,1,117.5,75,28.3,1,9,0,75,1,0,0,8766,0,3652.5,1
8755719,56,1,132.5,82.5,29.77,0,0,0,77,1,0,1,4201,0,3652.5,1
8758230,51,0,119,75,25.79,1,5,0,75,2,0,0,8766,0,3652.5,1
8758829,40,1,131,81,22.14,1,20,0,86,2,0,0,6460,0,3652.5,1
8761330,43,0,123,74,26.01,1,20,0,75,2,0,0,8496,0,3652.5,1
8761861,34,1,117.5,72.5,23.51,1,20,0,85,3,0,0,8766,0,3652.5,1
8762895,55,0,140,84,25.94,0,0,0,78,1,0,0,8766,0,3652.5,1
8764501,44,0,116,70,21.99,0,0,0,68,4,0,0,8766,0,3652.5,1
8765730,50,1,114,75,30.89,0,0,0,60,2,0,1,6501,0,3652.5,1
8769752,52,1,119,65,26.89,0,0,0,62,3,0,0,8766,0,3652.5,1
8774004,63,0,125,79,24.38,0,0,0,96,1,0,0,8766,0,3652.5,1
8776061,43,1,147.5,88,25.6,1,20,0,65,3,0,0,8766,0,3652.5,1
8785667,41,1,124.5,86.5,28.8,1,40,0,87,2,0,0,8766,0,3652.5,1
8785993,34,0,111,56,21.51,1,20,0,91,2,0,0,8344,0,3652.5,1
8787358,37,1,141,84,25.66,0,0,0,83,4,0,0,8766,0,3652.5,1
8790954,50,0,105,77,23.96,0,0,0,60,2,0,0,8766,0,3652.5,1
8794870,36,0,127,83,26.82,1,9,0,75,4,0,0,8766,0,3652.5,1
8799866,59,0,126.5,79,25.92,1,5,0,60,1,0,0,7431,0,3652.5,1
8799917,40,1,136.5,78,24.6,1,20,0,90,3,0,0,8766,0,3652.5,1
8801167,42,1,145,95,27.53,1,30,0,75,2,0,0,8766,0,3652.5,1
8803531,42,1,134,86.5,25.71,0,0,0,88,1,0,0,8766,0,3652.5,1
8806364,43,1,135,86,30.22,1,40,0,100,1,0,0,6604,0,3652.5,1
8812007,49,1,145,92,32.13,1,15,0,60,4,0,0,8766,0,3652.5,1
8812078,47,0,138,94,24.33,1,20,0,70,2,0,0,8766,0,3652.5,1
8814317,60,1,149,96,27.73,0,0,0,80,1,0,0,8766,0,3652.5,1
8814928,46,0,170,118,36.12,1,20,0,82,1,0,1,4444,0,3652.5,1
8815508,46,1,141,90,22.76,1,30,0,65,3,0,0,7823,0,3652.5,1
8817465,49,1,141,92,27.92,1,3,0,75,2,0,0,8766,0,3652.5,1
8820959,42,0,124,80.5,20.06,0,0,0,75,2,0,0,8766,0,3652.5,1
8825382,42,1,121,80,27.83,0,0,0,72,1,0,0,8766,0,3652.5,1
8827129,53,1,142.5,82,23.84,0,0,0,57,2,0,0,8766,0,3652.5,1
8827516,57,0,120,79,24.83,1,,0,95,2,0,0,8766,0,3652.5,1
8828207,44,0,142,88,31.29,0,0,1,69,2,0,0,8766,0,3652.5,1
8828699,60,0,172.5,85,22,0,0,0,72,3,0,0,3587,0,3587,0
8829302,47,0,128,81,27.42,1,5,0,60,2,0,0,8766,0,3652.5,1
8831312,40,0,109.5,69,20.32,1,20,0,80,1,0,0,8766,0,3652.5,1
8832037,44,1,104,78,26.26,0,0,0,55,4,0,0,8766,0,3652.5,1
8836147,65,0,144.5,88,32.41,1,9,0,82,1,0,0,8766,0,3652.5,1
8837584,49,1,118,73,24.16,1,15,0,75,3,0,0,8766,0,3652.5,1
8839124,56,0,150,84,28.66,1,3,0,65,1,0,0,6506,0,3652.5,1
8839198,41,1,158,102,23.68,0,0,0,75,3,0,0,8766,0,3652.5,1
8847286,46,0,148,91.5,26.22,0,0,0,62,1,0,0,8766,0,3652.5,1
8849579,56,0,120,84,36.18,1,1,0,80,3,0,0,8766,0,3652.5,1
8851571,59,0,155,90,23.94,0,0,0,75,3,0,1,4168,0,3652.5,1
8853342,45,1,108,70,20.5,0,0,0,60,3,0,0,8766,0,3652.5,1
8854729,63,1,196,102,28.43,0,0,0,56,3,0,1,4605,0,3652.5,1
8858375,59,1,116,83,27.93,1,15,0,80,1,0,1,5611,0,3652.5,1
8865542,60,1,167.5,110,30.41,0,0,0,90,1,0,0,1582,0,1582,0
8867230,48,0,143,93,23.08,1,9,0,85,4,0,0,8766,0,3652.5,1
8867912,50,0,96.5,62.5,23.48,1,30,0,87,4,0,0,8766,0,3652.5,1
8868094,45,0,133.5,85.5,25.38,1,3,0,65,2,0,0,8766,0,3652.5,1
8870918,55,0,132,81,27.49,0,0,0,60,1,0,0,8766,0,3652.5,1
8871014,55,1,124,84,28.18,0,0,0,63,1,0,0,5131,0,3652.5,1
8872844,41,0,126,78,20.7,1,20,,86,2,0,0,8766,0,3652.5,1
8875547,57,0,146.5,81,41.61,1,1,0,72,1,0,1,1936,1,1936,0
8878837,65,0,153,100,32,0,0,0,75,1,0,0,4936,0,3652.5,1
8881309,36,1,122,78,26.53,0,0,0,45,2,0,0,8766,0,3652.5,1
8882560,60,1,140,95,28.04,0,0,0,60,3,1,0,6747,0,3652.5,1
8887771,44,0,143,92,21.19,1,20,0,84,3,0,0,8766,0,3652.5,1
8888980,39,1,112.5,60,24,1,40,0,65,2,0,0,8766,0,3652.5,1
8891738,55,0,145.5,94,28.86,1,9,0,62,1,0,0,8766,0,3652.5,1
8891825,61,0,163,112.5,26.8,0,0,0,75,1,0,0,8766,0,3652.5,1
8893885,38,0,115,86,24.91,1,3,0,70,2,0,0,8766,0,3652.5,1
8897889,59,0,149,85,24.67,0,0,0,120,2,0,0,8766,0,3652.5,1
8903980,60,0,134,74,19.91,0,0,0,66,1,0,0,8766,0,3652.5,1
8903994,54,0,110,67.5,21.22,0,0,0,78,1,0,1,3771,0,3652.5,1
8908354,45,0,163,101,23.26,1,10,0,100,2,0,1,8707,0,3652.5,1
8912162,38,0,107,71,24.28,1,35,0,75,2,0,0,5123,0,3652.5,1
8912184,56,0,113,75.5,27.51,0,0,0,86,2,0,0,8766,0,3652.5,1
8914176,35,0,115,77,23.95,0,0,0,70,3,0,0,8766,0,3652.5,1
8914719,34,1,100.5,66,24.42,1,5,0,70,1,0,0,8766,0,3652.5,1
8917373,44,0,107.5,78,26.95,1,7,0,60,1,0,1,6528,0,3652.5,1
8919881,46,0,158,97,22.83,1,15,0,92,3,0,0,5499,0,3652.5,1
8920252,45,1,118,71,21.03,1,20,0,66,1,0,0,8766,0,3652.5,1
8922483,50,0,110,76,23.31,1,15,0,75,4,0,0,8766,0,3652.5,1
8929479,55,0,122.5,84,28.68,0,0,0,66,3,0,0,178,0,178,0
8931364,53,1,130,71.5,25.23,1,20,0,75,1,0,0,7793,0,3652.5,1
8932016,60,0,160,92,26.38,1,5,0,80,1,0,0,8766,0,3652.5,1
8938998,39,1,118,75.5,27.52,1,15,0,65,2,0,0,8766,0,3652.5,1
8941988,61,0,161.5,88,31.03,0,0,0,85,,0,1,5977,0,3652.5,1
8943162,34,0,108.5,86,19.68,1,10,0,75,,0,0,8766,0,3652.5,1
8948924,40,0,99,59,22.13,1,20,0,65,2,0,0,8766,0,3652.5,1
8949254,52,1,125,88,23.86,1,20,0,67,1,0,0,8766,0,3652.5,1
8950544,35,1,106,73,29.27,1,20,0,70,2,0,0,8766,0,3652.5,1
8951223,49,1,115,83,22.86,1,2,0,65,2,0,0,887,0,887,0
8952144,43,1,126,82,29.48,1,45,0,76,2,0,0,8766,0,3652.5,1
8952848,40,1,120,89,27.99,1,20,0,80,1,0,0,8766,0,3652.5,1
8954155,40,0,97,64.5,23.41,1,5,0,71,1,0,0,8766,0,3652.5,1
8954792,39,1,102,64.5,24.5,1,10,0,68,2,0,0,8766,0,3652.5,1
8957558,50,1,131,80,20.42,1,30,0,108,1,0,0,6423,0,3652.5,1
8957655,51,0,131,87,24.41,0,0,0,85,2,0,0,8766,0,3652.5,1
8960091,59,0,143.5,92.5,35.11,0,0,0,80,1,0,0,8766,0,3652.5,1
8961032,37,1,113,83,24.81,0,0,0,58,2,0,0,8766,0,3652.5,1
8961222,61,0,141,81,23.61,1,20,0,80,1,0,0,6262,0,3652.5,1
8962433,47,0,139,85,27.9,1,20,0,80,1,0,0,8766,0,3652.5,1
8962566,67,0,101,59,23.1,0,0,0,63,4,0,0,3488,0,3488,0
8962960,64,0,142,82,24.02,1,20,0,78,2,0,0,8766,0,3652.5,1
8964543,55,0,100.5,62,29.44,0,0,0,82,1,0,1,8305,0,3652.5,1
8965398,41,0,133,90,26.83,0,0,0,83,1,0,0,8766,0,3652.5,1
8966739,60,0,131,81,22.19,0,0,0,95,4,0,0,8452,0,3652.5,1
8966837,42,0,129,81,19.74,1,3,0,80,2,0,0,8766,0,3652.5,1
8968317,38,0,115,90,25.69,0,0,0,80,1,0,0,8766,0,3652.5,1
8969014,47,1,137,86,26.25,1,30,0,75,1,0,0,8766,0,3652.5,1
8973763,49,0,125,70,22.52,0,0,0,72,3,0,0,8766,0,3652.5,1
8976481,61,1,119,78,25.36,0,0,0,80,1,0,0,8766,0,3652.5,1
8977485,52,1,154,92,26.51,0,0,0,90,3,0,0,8766,0,3652.5,1
8978859,56,0,136,87,26.21,0,0,0,80,4,0,0,2540,0,2540,0
8980551,54,1,152.5,80,23.5,1,30,,75,4,0,1,7557,0,3652.5,1
8981883,34,0,102,68,24.96,0,0,0,80,3,0,0,8766,0,3652.5,1
8982711,58,1,164,97,32.18,0,0,1,65,3,1,0,6205,0,3652.5,1
8983972,54,0,170,107,25.07,1,20,1,90,2,0,0,7066,0,3652.5,1
8985289,48,0,152.5,90,29.8,0,0,0,67,1,0,1,8451,0,3652.5,1
8988806,59,0,116,71,25.48,0,0,0,75,1,0,1,3161,1,3161,0
8988909,53,1,113,68,24.8,0,0,0,76,2,0,0,4511,0,3652.5,1
8994578,43,1,127.5,82.5,27.94,0,0,0,78,2,0,0,8766,0,3652.5,1
8997701,54,1,141.5,91,25.36,1,30,0,92,3,0,1,1740,1,1740,0
9002486,48,0,110,84,22.51,0,0,0,110,1,0,0,8766,0,3652.5,1
9009365,48,0,125,80,25.23,0,0,0,85,3,0,0,8766,0,3652.5,1
9010475,46,0,115,75,19.48,1,10,0,55,3,0,0,8766,0,3652.5,1
9013836,43,1,137,87,26.28,1,40,0,75,2,0,0,8766,0,3652.5,1
9014129,53,0,173,89,23.03,0,0,0,65,4,0,1,2988,1,2988,0
9016107,51,1,162.5,104,34.97,1,40,0,90,1,0,1,1807,1,1807,0
9020152,52,0,105,67.5,27.33,1,20,0,75,2,0,1,7581,0,3652.5,1
9022479,43,0,100,70,22.73,0,0,0,63,4,0,0,8766,0,3652.5,1
9022777,65,1,146,86,29.47,1,6,0,75,1,0,0,7317,0,3652.5,1
9024436,50,1,148.5,94,25.78,0,0,0,80,3,0,1,2513,1,2513,0
9025449,49,0,135,86.5,25.56,1,5,0,75,1,0,1,6746,0,3652.5,1
9025480,35,1,128,82,19.99,1,20,0,80,2,0,0,8766,0,3652.5,1
9026622,61,0,119,77,23.2,1,9,0,65,1,0,0,4845,0,3652.5,1
9027165,44,0,129,93,27.56,0,0,0,75,3,0,0,8766,0,3652.5,1
9027228,41,1,109,74,25.8,1,30,0,70,4,0,0,8766,0,3652.5,1
9030568,60,1,115.5,82.5,23.68,0,0,0,82,1,0,1,5094,0,3652.5,1
9031716,56,0,126,84,24.83,0,0,,80,1,0,0,8766,0,3652.5,1
9036299,47,1,141,93,28.5,1,20,0,68,2,0,1,3087,1,3087,0
9040093,41,0,129,94,23.71,1,20,0,102,2,0,0,8766,0,3652.5,1
9040921,53,0,170,113,29.55,0,0,0,115,2,0,0,4537,0,3652.5,1
9041307,48,1,121,81,27.56,0,0,0,70,1,0,0,8766,0,3652.5,1
9042436,39,1,124,78,19.98,1,25,0,69,2,0,1,4034,0,3652.5,1
9045611,38,0,100,72,22.15,0,0,0,85,3,0,0,8766,0,3652.5,1
9046949,65,0,158,90,27.26,0,0,0,85,1,0,0,1141,0,1141,0
9047531,39,0,109,61,23.36,1,8,0,64,3,0,0,8766,0,3652.5,1
9051977,37,0,99,59,22.52,0,0,0,70,2,0,0,8766,0,3652.5,1
9052323,37,0,120.5,80,26.29,0,0,0,71,1,0,0,8766,0,3652.5,1
9052953,39,0,133,87,32.09,0,0,0,56,3,0,0,8766,0,3652.5,1
9056577,52,0,130,71,23.88,1,10,0,80,1,0,0,8766,0,3652.5,1
9059122,55,1,132.5,87,20.72,0,0,0,72,4,0,0,6846,0,3652.5,1
9059769,62,1,156.5,93,28.65,0,0,0,88,1,0,1,169,1,169,0
9061178,46,1,131,81,25.94,1,20,0,90,1,0,0,8766,0,3652.5,1
9062570,52,1,108,70,23.09,1,30,0,72,2,0,0,8766,0,3652.5,1
9062728,68,1,127,66.5,25.78,0,0,0,75,1,0,0,442,0,442,0
9066379,45,1,111,72,21.49,1,20,0,67,3,0,0,8766,0,3652.5,1
9067436,62,0,124,69,22.9,0,0,0,66,1,0,0,8766,0,3652.5,1
9068747,53,0,167,101,30.85,0,0,0,90,2,0,0,5452,0,3652.5,1
9069458,42,0,111,72,25.38,0,0,0,77,3,0,0,8766,0,3652.5,1
9069906,65,0,168.5,98.5,23.87,0,0,1,75,1,0,1,7661,0,3652.5,1
9070021,63,1,155.5,98,30.08,0,0,0,67,1,0,1,4173,0,3652.5,1
9073667,49,0,107,74,27.8,1,15,0,65,3,0,0,6387,0,3652.5,1
9075930,52,0,111,79,23.63,0,0,0,96,2,0,0,3704,0,3652.5,1
9077372,45,0,123.5,80.5,24.45,0,0,0,65,1,0,0,8766,0,3652.5,1
9079273,53,1,120,80,29.87,1,3,0,90,1,0,1,391,1,391,0
9079405,62,0,215,110,37.62,1,20,1,110,3,0,0,53,0,53,0
9081314,40,1,110,70,24.63,1,30,0,60,3,0,0,8766,0,3652.5,1
9081543,57,1,192.5,113,25.94,0,0,1,63,1,0,0,2122,0,2122,0
9081664,41,0,135,82.5,24.35,1,,0,79,1,0,0,8766,0,3652.5,1
9083835,37,1,111,74,26,1,30,0,80,4,0,0,8766,0,3652.5,1
9087223,46,0,106,60,20.84,1,15,0,75,2,0,0,5183,0,3652.5,1
9088410,38,1,149,91,31.08,1,30,0,69,2,0,0,8766,0,3652.5,1
9088854,48,1,110,70,21.47,1,40,0,70,2,0,0,8766,0,3652.5,1
9088982,62,0,137,75,30.51,0,0,0,60,1,0,1,5775,0,3652.5,1
9092400,55,0,172.5,100.5,32.27,0,0,0,58,4,0,0,415,0,415,0
9093148,68,1,130,62,33.52,0,0,0,60,1,0,0,5206,0,3652.5,1
9096506,45,1,130,80,27.25,0,0,0,68,1,0,1,7867,0,3652.5,1
9099587,58,1,124,76,21.65,1,20,0,63,1,0,0,8766,0,3652.5,1
9101109,46,0,102,56,21.96,0,0,0,80,1,0,0,8766,0,3652.5,1
9102265,43,0,104.5,65,17.84,1,20,0,75,2,0,0,8277,0,3652.5,1
9105996,43,0,133,86.5,26.01,1,20,0,100,1,0,1,6934,0,3652.5,1
9106323,38,0,120.5,76,22.73,0,0,0,75,4,0,0,8766,0,3652.5,1
9108262,64,0,151,90,21.99,0,0,0,70,3,0,0,8766,0,3652.5,1
9109506,67,0,169,82,26.05,1,5,1,122,3,0,0,5667,0,3652.5,1
9110678,45,1,111,80,30.92,1,10,0,72,4,0,0,8766,0,3652.5,1
9112376,37,1,130,83,26.71,1,20,0,68,2,0,0,8766,0,3652.5,1
9113595,45,1,157,98,26.63,0,0,0,88,3,0,1,7357,0,3652.5,1
9117746,48,1,147.5,87.5,25.1,0,0,0,65,1,0,0,2425,0,2425,0
9117908,61,1,123,88,26.88,1,30,0,95,3,0,0,8766,0,3652.5,1
9118356,52,1,130,74,32.52,0,0,0,95,,0,1,1792,1,1792,0
9128641,64,0,172,87,24.01,0,0,0,80,2,0,0,6260,0,3652.5,1
9128845,57,0,148,89.5,31.82,0,0,0,86,1,0,0,8766,0,3652.5,1
9130192,45,1,144,96,26.6,1,20,0,75,1,0,1,5028,0,3652.5,1
9131118,46,0,124,81,22.02,1,20,0,78,2,0,0,8766,0,3652.5,1
9132333,46,1,135,95,26.84,0,0,0,60,,0,0,8766,0,3652.5,1
9132401,38,1,110,61,22.17,1,15,0,85,4,0,1,2669,1,2669,0
9133483,56,0,147,65,17.68,1,40,0,110,1,0,0,2981,0,2981,0
9138808,59,0,160,85,29.41,0,0,0,72,1,0,0,8766,0,3652.5,1
9139117,48,0,140,99,24.41,0,0,0,100,3,0,0,4984,0,3652.5,1
9144816,61,1,127,75,24.93,0,0,0,48,1,0,0,5154,0,3652.5,1
9147649,40,1,120,77,22.66,1,40,0,82,4,0,1,8163,0,3652.5,1
9153547,41,1,111.5,67,18.76,0,0,0,65,2,0,0,8766,0,3652.5,1
9156806,45,0,120,80,27.45,0,0,0,84,1,0,0,8766,0,3652.5,1
9157400,59,1,117,73,25.01,1,43,0,96,1,0,0,8766,0,3652.5,1
9162011,58,0,188,102,28.89,0,0,0,95,2,0,0,6532,0,3652.5,1
9166471,47,1,152.5,108,26.09,0,0,0,90,4,0,1,8111,0,3652.5,1
9166483,39,0,112,71,21.8,0,0,0,77,4,0,0,8766,0,3652.5,1
9168891,65,1,106,73,23.14,0,0,0,66,4,0,0,6937,0,3652.5,1
9168907,37,1,127,85,32.35,1,30,0,88,1,0,0,8766,0,3652.5,1
9169696,40,1,128,81,25.41,0,0,0,75,2,0,1,8166,0,3652.5,1
9175721,53,0,165,95,28.92,0,0,0,100,1,0,0,8766,0,3652.5,1
9176070,38,0,105,70,19.76,1,20,0,80,3,0,0,8766,0,3652.5,1
9177636,57,0,164,100,25.45,0,0,0,90,4,0,0,7819,0,3652.5,1
9179712,42,1,119,73,22.04,1,20,0,60,1,0,0,8766,0,3652.5,1
9180379,39,0,100.5,67,21.33,0,0,0,63,2,0,0,8766,0,3652.5,1
9186204,39,0,110,68,20.24,1,25,0,79,4,0,0,8766,0,3652.5,1
9186399,65,0,139,75,25.12,0,0,0,82,1,0,1,3998,0,3652.5,1
9192472,46,0,110,65,27.27,1,10,0,84,1,0,0,8766,0,3652.5,1
9199071,58,1,128,88,25.98,0,0,0,75,2,0,0,8766,0,3652.5,1
9199095,68,1,128,79,29.54,0,0,0,85,1,0,0,6568,0,3652.5,1
9199146,40,1,150,98,40.38,0,0,0,70,4,0,0,8766,0,3652.5,1
9200204,38,1,116.5,74,21.19,0,0,0,65,4,0,0,8766,0,3652.5,1
9209194,55,1,134,80,26.41,0,0,0,120,1,0,0,8766,0,3652.5,1
9210291,52,1,155,80.5,29.6,1,20,0,72,1,0,0,8766,0,3652.5,1
9214772,63,0,166,92,26.91,0,0,0,75,1,0,0,7888,0,3652.5,1
9216480,54,0,173,88,27.2,0,0,0,73,1,0,0,8766,0,3652.5,1
9216902,44,1,130,94,26.97,0,0,0,80,1,0,0,8766,0,3652.5,1
9217418,47,0,137,79,27.13,0,0,0,75,3,0,0,1747,0,1747,0
9218030,42,0,112,65,27.35,0,0,0,79,2,0,0,8766,0,3652.5,1
9219325,59,1,187,97,26,1,20,0,100,3,0,0,7012,0,3652.5,1
9219342,55,1,116,72,24.73,1,20,0,95,1,0,0,8766,0,3652.5,1
9219378,40,0,139,85,22.01,0,0,0,85,2,0,0,8766,0,3652.5,1
9220756,43,1,141,89,26.59,0,0,0,80,2,0,0,8766,0,3652.5,1
9220807,43,1,127.5,81,28.31,1,20,0,108,4,0,0,6839,0,3652.5,1
9221540,36,0,122,83,23.07,1,25,0,85,2,0,0,8766,0,3652.5,1
9221589,56,0,173,98.5,21.88,0,0,0,62,2,0,0,7608,0,3652.5,1
9222352,52,0,129,97,37.58,0,0,0,90,1,0,0,8766,0,3652.5,1
9225423,62,1,138.5,85,23.35,1,30,0,80,1,0,0,8686,0,3652.5,1
9226504,44,0,130,86,27.42,1,10,0,100,2,0,0,8766,0,3652.5,1
9230845,63,0,92.5,66.5,23.1,0,0,0,62,1,0,0,3550,0,3550,0
9231177,57,1,143,96,31.01,0,0,0,63,1,0,0,6404,0,3652.5,1
9233526,38,1,114,80,28.61,1,9,0,75,1,0,0,8766,0,3652.5,1
9234089,38,0,110,76,23.85,1,35,0,68,3,0,0,8766,0,3652.5,1
9236492,38,1,131.5,77.5,25.94,0,0,0,74,2,0,0,8766,0,3652.5,1
9241261,59,1,151.5,71,27.14,0,0,0,75,1,0,1,3884,0,3652.5,1
9242179,52,0,157,112,29.56,1,,0,95,2,0,0,3893,0,3652.5,1
9242785,39,0,109,82,27.27,0,0,0,85,1,0,0,8766,0,3652.5,1
9243722,35,0,131.5,84,20.32,1,20,0,64,2,0,0,8766,0,3652.5,1
9255064,61,0,194,111,51.28,0,0,1,80,1,1,1,4880,0,3652.5,1
9258911,67,1,170,100,22.71,1,60,0,72,2,0,0,771,0,771,0
9265427,56,0,130.5,82,25.48,1,25,0,90,2,0,0,8766,0,3652.5,1
9266633,55,0,153,80,28.9,0,0,0,74,3,0,0,8766,0,3652.5,1
9268486,48,1,132,95,29.79,1,25,0,90,2,0,0,8766,0,3652.5,1
9271453,51,0,150,99,23.17,1,15,0,75,3,0,0,8766,0,3652.5,1
9271762,43,0,133,86,22.72,1,10,0,74,4,0,0,8766,0,3652.5,1
9273592,40,1,130.5,63,23.92,1,20,0,79,1,0,0,8766,0,3652.5,1
9276890,46,0,118,79,26.83,0,0,0,70,1,0,0,8766,0,3652.5,1
9280843,62,1,144,80,31.42,0,0,0,75,1,0,1,305,1,305,0
9282209,35,0,121.5,74.5,20.86,0,0,0,92,2,0,0,7548,0,3652.5,1
9282547,49,0,150,91,24.3,1,4,0,88,3,0,0,8766,0,3652.5,1
9283020,49,1,116,84,31.47,0,0,0,88,2,0,1,6489,0,3652.5,1
9283654,47,0,126.5,81,26.58,1,30,0,90,1,0,0,5128,0,3652.5,1
9284987,45,0,93.5,58,21.25,1,10,0,60,4,0,0,8766,0,3652.5,1
9287477,39,0,126.5,76.5,19.71,1,,0,55,3,0,0,8766,0,3652.5,1
9291404,51,1,125,84,20.12,0,0,0,72,,0,0,8766,0,3652.5,1
9292403,51,0,152,96.5,25.29,0,0,0,102,2,0,0,8766,0,3652.5,1
9292546,55,0,132,88,22.62,0,0,0,78,1,0,0,8766,0,3652.5,1
9293242,57,0,152.5,92.5,32.31,0,0,0,75,2,0,1,7073,0,3652.5,1
9293568,52,1,145,79,30.12,1,20,0,72,1,0,1,1088,1,1088,0
9297769,41,0,111,79,25.87,0,0,0,85,1,0,0,8766,0,3652.5,1
9297906,48,1,124.5,75.5,20.42,1,10,0,68,2,0,0,8766,0,3652.5,1
9301111,48,0,111.5,72,26.18,0,0,0,74,1,0,0,8766,0,3652.5,1
9301186,47,0,126,86,26.32,0,0,0,73,1,0,0,1755,0,1755,0
9301596,53,0,137,83,38.94,0,0,1,75,1,1,1,4169,0,3652.5,1
9303229,44,0,174,130,33.99,1,10,0,80,2,0,1,4351,0,3652.5,1
9309361,63,1,110,68,21.99,1,43,0,72,4,0,0,854,0,854,0
9309378,59,1,150,82,27.27,0,0,0,62,1,0,0,8766,0,3652.5,1
9313914,41,0,118,81,25.48,0,0,0,80,4,0,0,8766,0,3652.5,1
9321794,41,1,141,100,27.68,1,40,0,110,4,0,0,2714,0,2714,0
9322012,39,1,177.5,100,25.74,1,43,0,67,1,0,0,8766,0,3652.5,1
9322114,40,1,117,76,25.74,1,20,0,70,2,0,0,8137,0,3652.5,1
9322689,50,0,120,75.5,24.77,0,0,0,65,1,0,0,8766,0,3652.5,1
9332896,39,0,105,67.5,24.43,1,40,0,90,2,0,0,8766,0,3652.5,1
9334261,66,0,161,90,23.48,0,0,0,80,1,0,0,3646,0,3646,0
9336112,52,0,125,87,31.92,0,0,0,75,1,0,1,7019,0,3652.5,1
9338150,39,0,125,87,16.73,0,0,0,110,3,0,0,8766,0,3652.5,1
9339972,56,0,144,87,21.75,0,0,0,72,2,0,0,8766,0,3652.5,1
9342715,64,1,102.5,63.5,28.82,0,0,0,64,1,0,0,7059,0,3652.5,1
9345613,42,1,129.5,100,30.13,1,30,0,82,2,0,0,8766,0,3652.5,1
9348425,42,0,120.5,80,19.93,0,0,0,80,2,0,0,8766,0,3652.5,1
9349646,54,0,96,66,23.26,1,17,0,85,1,0,0,8766,0,3652.5,1
9350743,43,0,112.5,76.5,25.23,1,5,0,66,2,0,0,8766,0,3652.5,1
9356685,64,1,176,78,24.9,0,0,0,95,3,0,0,7483,0,3652.5,1
9362621,56,0,120,87,25.38,0,0,0,82,2,0,0,6757,0,3652.5,1
9363883,62,0,146,82.5,28.55,0,0,0,64,1,0,0,8766,0,3652.5,1
9364661,64,0,147,90,26.51,0,0,0,85,1,0,0,7583,0,3652.5,1
9366231,43,1,126,79,21.38,1,43,0,88,2,0,0,8766,0,3652.5,1
9369879,56,0,169,91,26.36,0,0,0,94,4,0,0,8766,0,3652.5,1
9370715,46,0,157,94,19.37,1,10,0,88,1,0,0,8766,0,3652.5,1
9375427,61,1,110,80,20.72,1,15,0,77,3,0,0,5545,0,3652.5,1
9375514,44,0,120,80,21.67,0,0,0,60,3,0,0,8766,0,3652.5,1
9375518,55,0,125,80,23.05,0,0,0,85,2,0,0,8766,0,3652.5,1
9375890,61,0,207,122.5,31.64,0,0,0,80,4,0,0,5351,0,3652.5,1
9379189,54,0,136.5,85,24.96,0,0,0,80,3,0,0,6517,0,3652.5,1
9379390,41,0,145,99,28.6,1,14,0,85,2,0,0,8766,0,3652.5,1
9381179,51,1,113,68,22.46,0,0,0,58,4,0,0,8766,0,3652.5,1
9384251,35,0,100,66.5,24.08,1,3,0,55,4,0,0,8766,0,3652.5,1
9384471,46,0,129,77,29.29,0,0,0,102,2,0,0,8766,0,3652.5,1
9385096,51,0,110,73,22.62,0,0,0,87,4,0,0,8766,0,3652.5,1
9386298,51,0,122,76,25.73,1,43,0,80,3,0,0,8766,0,3652.5,1
9386830,35,0,107.5,70,29.22,0,0,0,73,2,0,0,8766,0,3652.5,1
9387870,55,0,131,76,26.45,0,0,0,72,2,0,0,8766,0,3652.5,1
9390765,39,1,129,84,21.01,1,1,0,60,4,0,0,8766,0,3652.5,1
9391220,43,0,101,68.5,19.83,1,15,0,79,1,0,0,8766,0,3652.5,1
9391884,40,0,122,78,28.18,0,0,0,86,1,0,0,8766,0,3652.5,1
9392174,54,0,153,80,37.3,1,10,0,92,2,0,0,8766,0,3652.5,1
9392365,41,1,118,87,21.28,1,15,0,73,2,0,0,8766,0,3652.5,1
9394158,46,0,119,86,35.13,0,0,0,68,1,0,0,8766,0,3652.5,1
9395536,44,0,132.5,82.5,30.98,1,20,0,72,1,0,0,8766,0,3652.5,1
9400129,37,0,111,60.5,21.8,1,9,0,65,1,0,0,8766,0,3652.5,1
9400370,54,1,133,84,25.59,1,20,0,90,3,0,0,8766,0,3652.5,1
9402510,46,1,110,72,28.61,1,20,0,70,4,0,1,7889,0,3652.5,1
9405185,58,0,165,95,41.66,0,0,0,82,1,0,0,5159,0,3652.5,1
9405870,46,0,122.5,77.5,27.42,0,0,0,63,3,0,0,8244,0,3652.5,1
9407396,53,0,116,83,27.87,1,10,0,68,1,0,0,6026,0,3652.5,1
9408390,39,1,126,67,22.04,1,20,0,63,1,0,0,8766,0,3652.5,1
9408394,52,0,142,87,24.22,0,0,0,86,4,0,0,8766,0,3652.5,1
9410743,40,1,115,74,23.09,1,20,0,68,4,0,1,5437,0,3652.5,1
9412220,46,1,135,100,27.86,0,0,0,83,2,0,0,8766,0,3652.5,1
9412760,40,0,131,85,27.38,0,0,,95,2,0,0,8766,0,3652.5,1
9415267,64,1,141,76,24.94,1,15,0,75,1,0,0,8595,0,3652.5,1
9416085,48,1,118,73,21.84,1,20,0,75,4,0,0,6630,0,3652.5,1
9416661,44,1,123,82,24.56,1,25,0,87,1,0,0,8766,0,3652.5,1
9417117,40,0,97,71,22.14,1,9,0,72,,0,0,8766,0,3652.5,1
9420154,39,1,118,74,22.66,1,9,0,79,4,0,0,8766,0,3652.5,1
9422769,55,0,140,88,26.99,0,0,0,85,1,0,0,8766,0,3652.5,1
9424076,38,0,108,72,27.68,0,0,0,70,3,0,0,8766,0,3652.5,1
9426922,62,1,129,85,26.15,1,20,0,73,2,0,0,4321,0,3652.5,1
9427065,39,1,115,75,21.99,1,15,0,67,1,0,0,8766,0,3652.5,1
9431604,63,1,125,71,25.91,1,6,0,75,2,0,0,8766,0,3652.5,1
9433633,43,1,140,92,26,1,30,0,90,1,0,0,8392,0,3652.5,1
9433679,55,0,107,70,24.51,0,0,0,72,1,0,0,8766,0,3652.5,1
9435851,53,1,136,73,22.26,1,40,0,73,1,0,1,7505,0,3652.5,1
9437018,60,1,157,94,29.89,1,10,0,63,3,0,0,6598,0,3652.5,1
9437373,45,1,147,101,24.32,1,30,0,75,3,0,0,8766,0,3652.5,1
9437579,48,1,133,90,27.24,1,30,0,75,1,0,1,1426,1,1426,0
9438434,46,0,162.5,92.5,26.13,1,1,0,67,3,0,1,8146,0,3652.5,1
9447579,55,1,130,85,26.79,1,40,0,80,1,0,0,8766,0,3652.5,1
9451970,36,1,143,87,28.3,0,0,0,63,2,0,0,8766,0,3652.5,1
9455361,44,0,107,70.5,19.28,1,10,0,63,4,0,0,8766,0,3652.5,1
9455405,60,1,173,106,28.63,1,1,1,85,1,0,1,4949,0,3652.5,1
9455521,34,0,108.5,68,25.67,0,0,0,60,3,0,0,8766,0,3652.5,1
9457322,40,1,130,86.5,23.48,1,5,0,88,2,0,0,8766,0,3652.5,1
9460638,40,1,112,67,25.09,1,43,0,78,1,0,0,8766,0,3652.5,1
9464003,49,0,112.5,80,27.87,1,15,0,96,1,0,0,8766,0,3652.5,1
9466032,40,0,130,80,19.98,1,20,0,96,2,0,0,8766,0,3652.5,1
9467195,52,0,159,110,28.18,1,5,0,75,2,1,0,310,0,310,0
9468169,58,0,185.5,115.5,27.97,0,0,0,100,2,0,0,8766,0,3652.5,1
9468437,46,0,129,83,22.91,1,20,0,66,3,0,0,8766,0,3652.5,1
9471636,39,0,103,62,20.68,0,0,0,70,3,0,0,8766,0,3652.5,1
9471698,52,1,126,75,22.18,1,20,0,85,1,0,1,1140,1,1140,0
9473616,66,1,213,133,25.29,0,0,0,100,3,0,1,3790,0,3652.5,1
9483124,56,0,160,105,25.71,0,0,0,75,2,0,0,8766,0,3652.5,1
9485907,44,1,175,101,27.93,0,0,0,95,1,0,1,6677,0,3652.5,1
9486091,56,1,111.5,74,23.38,1,40,0,80,1,0,0,6851,0,3652.5,1
9487781,39,0,129.5,93.5,34.84,0,0,0,85,1,0,0,8766,0,3652.5,1
9489669,56,1,124,77,27.81,0,0,0,60,3,0,1,7762,0,3652.5,1
9494511,46,1,110,73,18.1,1,20,0,60,2,0,0,8766,0,3652.5,1
9495072,37,1,118,79.5,22.52,1,20,0,82,1,0,0,8766,0,3652.5,1
9495448,59,0,148,95,23.72,0,0,0,79,2,0,0,8766,0,3652.5,1
9500152,47,1,150,74,20.7,1,30,0,70,2,0,1,7488,0,3652.5,1
9501256,50,1,97.5,62.5,21.55,1,20,0,80,2,0,0,8766,0,3652.5,1
9502156,41,1,124,89,27.63,1,20,0,80,2,0,0,6518,0,3652.5,1
9504217,39,1,104,64,27.48,1,20,0,65,1,0,0,8766,0,3652.5,1
9504535,44,0,107,69,18.63,0,0,0,125,1,0,0,8766,0,3652.5,1
9509659,48,0,127,81,25.85,0,0,0,58,3,0,0,8766,0,3652.5,1
9512804,44,1,115,80,25.43,1,20,0,68,2,0,0,8766,0,3652.5,1
9514073,44,1,130,80,28.15,0,0,0,80,2,0,0,7884,0,3652.5,1
9517812,57,0,157,80,25.15,1,10,1,70,2,0,1,4586,0,3652.5,1
9520493,48,0,192.5,115,23.03,0,0,0,67,2,0,1,1735,1,1735,0
9527069,55,1,176,109,28.45,0,0,0,60,2,0,0,8766,0,3652.5,1
9527404,38,1,121,82,24.57,0,0,0,60,4,0,0,8766,0,3652.5,1
9530718,44,1,118.5,87,25.81,0,0,0,54,1,0,0,8766,0,3652.5,1
9531789,61,0,112,72,24.69,0,0,0,80,3,0,0,8766,0,3652.5,1
9533411,46,0,142.5,95,24.28,0,0,0,88,1,0,0,8766,0,3652.5,1
9537528,41,1,107,81,20.96,1,15,0,90,2,0,1,8011,0,3652.5,1
9537584,53,0,116,71.5,21.31,0,0,0,73,4,0,0,8766,0,3652.5,1
9539281,47,1,117,78.5,26.4,1,20,0,75,2,0,0,5953,0,3652.5,1
9541432,42,1,130,86,24.01,1,30,0,60,2,0,0,8766,0,3652.5,1
9541560,42,1,133.5,97.5,28.94,1,30,0,86,3,0,1,1240,1,1240,0
9545619,51,0,135,83,26.68,0,0,0,60,3,0,0,8766,0,3652.5,1
9549133,40,0,158,103,28.35,0,0,0,125,3,0,0,8766,0,3652.5,1
9562817,52,0,140,93,26.81,0,0,0,88,2,0,0,8766,0,3652.5,1
9563741,53,1,109,79,27.75,0,0,0,67,2,0,0,8766,0,3652.5,1
9564149,51,1,118,79,20.09,1,30,0,70,1,0,0,8766,0,3652.5,1
9569115,40,0,136,80.5,22.72,0,0,0,80,3,0,0,8766,0,3652.5,1
9570225,63,1,192.5,125,26.18,1,25,0,80,4,0,1,1100,1,1100,0
9570626,61,0,200,125,29.5,0,0,1,68,1,0,0,1607,0,1607,0
9575032,43,1,115,72.5,25.46,0,0,0,75,2,0,0,8766,0,3652.5,1
9575711,42,1,120,81,28.47,0,0,0,78,1,0,0,8766,0,3652.5,1
9576337,62,1,104,69,24.02,1,7,0,70,1,0,0,8766,0,3652.5,1
9585798,36,0,116,76,22.16,0,0,0,88,1,0,0,8766,0,3652.5,1
9590379,63,0,128,81,26.92,0,0,0,80,3,0,0,7985,0,3652.5,1
9591679,47,1,137.5,91,31.98,0,0,0,75,,0,0,8766,0,3652.5,1
9595014,46,0,115,71,27.72,0,0,0,82,2,0,0,8766,0,3652.5,1
9595966,54,0,187,95,29.94,0,0,0,67,1,0,0,8264,0,3652.5,1
9604228,58,0,121,81,35.19,0,0,0,58,1,0,0,8766,0,3652.5,1
9605035,55,0,133.5,81.5,23.46,0,0,0,90,1,0,1,3288,1,3288,0
9608273,56,0,126,74,27.35,1,15,0,90,1,0,0,8766,0,3652.5,1
9610636,47,1,143,88,27.4,1,20,0,96,1,0,0,8766,0,3652.5,1
9611724,64,0,149.5,84,20.49,0,0,0,68,1,0,0,6136,0,3652.5,1
9613333,51,1,151,87.5,22.01,0,0,0,80,1,0,0,8766,0,3652.5,1
9615932,43,1,116,74,23.99,1,20,0,75,4,0,0,8766,0,3652.5,1
9617344,40,0,93,62.5,18.84,1,20,0,64,2,0,0,8766,0,3652.5,1
9617405,46,0,125,80,27.27,0,0,0,66,2,0,0,8766,0,3652.5,1
9618592,64,1,121,79,20.45,1,5,0,77,1,0,0,2159,0,2159,0
9620883,60,1,140.5,83,28.59,0,0,0,80,2,0,0,3973,0,3652.5,1
9627354,56,0,136,80,27.73,0,0,0,90,1,0,0,8577,0,3652.5,1
9632848,54,1,152,82,23.71,1,40,0,75,2,0,1,7117,0,3652.5,1
9632868,37,1,113,81,22.16,1,20,0,85,,0,0,8766,0,3652.5,1
9641978,61,0,122,67.5,22.02,0,0,0,73,2,0,0,8766,0,3652.5,1
9643995,69,1,123,77,26.58,1,1,0,70,1,0,0,8060,0,3652.5,1
9651782,56,0,134,75,29.59,1,6,0,55,1,0,0,8766,0,3652.5,1
9653804,50,1,130,84,28.67,1,20,0,70,2,0,0,8766,0,3652.5,1
9655204,51,0,123,80,22.19,0,0,0,80,2,0,0,8766,0,3652.5,1
9656023,38,0,142,86,22.01,0,0,0,82,2,0,0,8766,0,3652.5,1
9656759,43,1,110,74.5,25.09,1,20,0,70,4,0,0,8766,0,3652.5,1
9657072,46,0,176,98,33.02,1,7,1,85,2,0,0,8766,0,3652.5,1
9657869,43,0,104,79,20.12,1,30,0,72,2,0,0,8766,0,3652.5,1
9658455,56,0,158,102.5,26.89,0,0,1,90,2,0,0,7077,0,3652.5,1
9661071,54,1,146.5,92,26.38,1,20,0,100,1,0,1,108,1,108,0
9661515,45,1,139,74,27.34,0,0,0,70,1,0,1,4460,0,3652.5,1
9661647,61,0,141,80,33.9,0,0,0,85,3,0,1,6233,0,3652.5,1
9666678,49,1,108,68,26.17,0,0,0,68,3,0,0,8766,0,3652.5,1
9668714,64,0,142,68,21.32,1,20,0,76,3,0,1,5639,0,3652.5,1
9671891,65,0,115,73,19.76,0,0,0,65,4,0,0,8766,0,3652.5,1
9672318,63,0,190,88,24.16,0,0,0,94,2,0,1,182,1,182,0
9674054,40,1,149,83,26.68,0,0,0,69,3,0,1,4276,0,3652.5,1
9675124,47,1,146.5,97.5,26.25,0,0,0,66,1,0,0,8766,0,3652.5,1
9678019,37,0,137,82,21.03,0,0,0,94,2,0,0,8766,0,3652.5,1
9678154,51,1,122,72,21.51,1,20,0,82,1,0,0,5269,0,3652.5,1
9679888,40,1,127,81,25.82,1,40,0,80,1,0,0,8766,0,3652.5,1
9680895,55,0,145,96,26.27,0,0,0,72,,0,0,8766,0,3652.5,1
9686180,69,1,179,93,26.64,1,23,0,72,,0,1,4590,0,3652.5,1
9687967,51,1,206,116,26.35,0,0,0,98,3,0,0,885,0,885,0
9688924,57,1,108.5,70.5,22.9,0,0,0,50,1,0,0,8766,0,3652.5,1
9689494,64,0,164,102,33.37,0,0,0,68,1,0,1,2640,1,2640,0
9693491,38,1,124,84,28.12,0,0,0,63,3,0,0,8766,0,3652.5,1
9694232,48,0,155,80,28.54,0,0,0,75,1,0,0,8766,0,3652.5,1
9695185,53,1,114,80,20.54,0,0,0,55,3,0,0,4442,0,3652.5,1
9700212,57,1,147.5,87.5,24.15,0,0,0,85,1,0,1,3992,0,3652.5,1
9700575,45,0,125,82,21.26,1,2,0,75,1,0,0,8766,0,3652.5,1
9704808,57,1,120,77.5,27.14,1,20,0,77,2,0,0,8766,0,3652.5,1
9708903,57,0,170,101,38.17,0,0,0,85,1,0,1,5901,0,3652.5,1
9712589,39,0,97.5,60,20.62,0,0,0,64,3,0,0,8766,0,3652.5,1
9713901,46,1,134,96,32.47,1,20,0,80,1,0,0,8766,0,3652.5,1
9715896,42,0,115,78,25.75,0,0,0,80,1,0,0,8766,0,3652.5,1
9721461,42,0,128,86,24.05,1,20,0,66,2,0,0,8766,0,3652.5,1
9725189,42,0,118,80,33.19,0,0,0,75,2,0,0,8766,0,3652.5,1
9734478,67,1,144,84,24.92,1,25,0,72,,0,0,4788,0,3652.5,1
9740204,53,0,122.5,75.5,25.29,0,0,,75,3,0,0,8766,0,3652.5,1
9747166,49,1,135,82,26.29,1,10,0,84,3,0,0,8766,0,3652.5,1
9749700,48,1,118,81,28.13,0,0,0,72,4,0,0,8766,0,3652.5,1
9754906,47,1,162,110,27.51,1,20,0,80,2,0,0,3882,0,3652.5,1
9756561,55,1,105,82,27.73,0,0,0,75,1,0,0,6411,0,3652.5,1
9763396,59,1,131.5,84,24.17,0,0,0,90,2,0,1,308,1,308,0
9763438,55,1,144,96.5,28.82,1,30,0,70,1,0,0,8766,0,3652.5,1
9763659,42,1,103,70,21.48,0,0,0,67,3,0,0,8766,0,3652.5,1
9767171,48,0,128,74,25.11,1,20,0,80,1,0,0,8766,0,3652.5,1
9769977,42,1,108,78,22.54,1,43,0,85,1,0,0,8766,0,3652.5,1
9770494,55,0,136,93,22.54,0,0,0,85,2,0,0,8766,0,3652.5,1
9771237,62,0,127.5,75,22.91,0,0,0,58,1,0,0,8766,0,3652.5,1
9771959,36,0,103,72.5,27.86,1,15,0,80,2,0,0,8766,0,3652.5,1
9772567,57,0,147,85,35.19,0,0,0,65,1,0,0,7306,0,3652.5,1
9777436,41,1,101,69,26.95,1,15,0,80,2,0,0,8766,0,3652.5,1
9779980,52,1,157.5,83,26.6,0,0,0,70,2,0,1,5921,0,3652.5,1
9783441,47,1,126,84,19.14,1,43,0,68,4,0,1,1644,1,1644,0
9784914,38,0,99,62,27.16,0,0,0,75,4,0,0,8766,0,3652.5,1
9787171,61,0,125.5,85.5,24.4,0,0,0,68,4,0,0,4776,0,3652.5,1
9789948,69,0,143,81,26.27,0,0,1,60,2,0,0,8766,0,3652.5,1
9797352,62,1,135,97.5,24.88,0,0,0,85,4,0,0,8766,0,3652.5,1
9800055,56,0,112.5,71.5,24.99,1,20,0,72,3,0,1,6769,0,3652.5,1
9800192,37,0,109,72,22.81,1,40,0,77,3,0,0,8766,0,3652.5,1
9800219,47,0,127.5,75,23.78,1,9,,69,3,0,0,8766,0,3652.5,1
9802130,65,1,118.5,77.5,24.3,1,6,0,52,4,0,0,1466,0,1466,0
9802239,39,1,136,86,19,1,20,0,112,2,0,0,8766,0,3652.5,1
9806965,44,0,130,81.5,25.74,0,0,0,88,1,0,0,8766,0,3652.5,1
9807266,57,1,133,78,29.02,0,0,0,72,4,0,0,8589,0,3652.5,1
9816850,45,0,106,58,26.79,0,0,0,75,1,0,0,8766,0,3652.5,1
9819463,62,0,180,108,35.16,0,0,1,75,1,0,1,7022,0,3652.5,1
9821541,38,0,101,70,21.83,1,20,0,75,1,0,0,8766,0,3652.5,1
9823283,41,0,105,74,20.85,1,5,0,87,2,0,0,8766,0,3652.5,1
9824630,41,1,125,87,27.13,1,43,0,75,2,0,1,2640,1,2640,0
9831283,58,1,154.5,88,27.91,0,0,0,69,4,0,0,8766,0,3652.5,1
9837913,54,0,210,127.5,31.98,0,0,0,68,2,0,0,8766,0,3652.5,1
9838262,51,1,129.5,80,25.98,1,15,0,70,2,0,0,8766,0,3652.5,1
9839861,52,1,107,75,25.64,0,0,0,82,1,0,0,8766,0,3652.5,1
9840744,41,0,111,70,21.99,0,0,0,65,4,0,0,8766,0,3652.5,1
9841958,52,0,121.5,57,20.78,1,9,0,79,2,0,0,8766,0,3652.5,1
9842231,41,1,132.5,85,28.62,1,30,0,68,3,0,0,8766,0,3652.5,1
9843164,54,0,137.5,89,25.43,0,0,0,63,1,0,0,8766,0,3652.5,1
9851657,43,1,129,95,26.64,0,0,0,60,2,0,0,7472,0,3652.5,1
9851725,38,1,121,83,25.85,0,0,0,92,2,0,0,8766,0,3652.5,1
9864439,65,1,157,86,26.36,0,0,0,70,1,0,0,5136,0,3652.5,1
9869175,37,0,118.5,70,25.09,0,0,0,70,1,0,0,8766,0,3652.5,1
9869235,44,1,137.5,87.5,30.03,1,20,0,88,1,0,1,5874,0,3652.5,1
9873741,58,1,116.5,71,27.04,0,0,0,70,1,0,0,8766,0,3652.5,1
9874634,49,0,106,63,19.22,1,8,0,60,3,0,0,8766,0,3652.5,1
9874897,42,0,143,79,18.68,1,10,0,92,2,0,0,8766,0,3652.5,1
9878479,44,0,110,70,23.98,0,0,0,92,3,0,0,334,0,334,0
9881260,54,1,117,74,20.88,1,20,0,80,2,0,0,4357,0,3652.5,1
9887608,41,0,150,89,36.07,0,0,0,75,1,0,0,8766,0,3652.5,1
9887990,37,0,101,69,20.02,1,15,0,63,3,0,0,6691,0,3652.5,1
9893552,45,1,129,80,27.11,1,20,0,65,1,0,1,1007,1,1007,0
9894199,63,0,195,105,27.96,0,0,0,75,1,0,1,938,1,938,0
9897050,65,1,179,96,19.34,1,20,1,95,1,0,1,1626,1,1626,0
9899408,40,0,124,78,22.9,1,9,0,46,2,0,0,8766,0,3652.5,1
9901360,46,0,116,80,24.62,0,0,0,75,1,0,0,8766,0,3652.5,1
9901842,63,0,170,105,25.49,0,0,0,79,1,0,1,4957,0,3652.5,1
9904318,52,0,157.5,105,29.64,1,30,0,72,1,0,0,6990,0,3652.5,1
9906195,61,0,133,83,25.31,0,0,0,90,1,0,0,8766,0,3652.5,1
9906954,38,0,115,60,26.87,0,0,0,65,2,0,0,8766,0,3652.5,1
9907886,62,1,130,80,24.35,0,0,0,75,2,0,0,8766,0,3652.5,1
9911212,42,0,160.5,100,27.01,0,0,0,85,2,0,1,6040,0,3652.5,1
9912645,63,1,146,84,30.48,1,10,0,75,1,0,0,5764,0,3652.5,1
9915592,38,0,142,72,22.01,0,0,0,63,2,0,0,8766,0,3652.5,1
9917300,46,0,136,77,31.02,0,0,0,75,1,0,0,8766,0,3652.5,1
9920050,43,0,103,67.5,24.08,1,15,0,89,2,0,0,8766,0,3652.5,1
9924801,61,0,124,76.5,23.06,0,0,0,55,4,0,0,2364,0,2364,0
9925133,51,0,152,76,25.74,1,9,0,70,1,0,0,7923,0,3652.5,1
9929971,65,1,135,80,28.06,0,0,0,70,2,0,0,6434,0,3652.5,1
9930203,50,1,126.5,88,27.3,0,0,0,85,1,0,0,8766,0,3652.5,1
9934810,42,1,105,70,22.41,1,40,0,65,2,0,0,8766,0,3652.5,1
9938128,48,1,144,88,29.11,1,43,0,84,2,0,0,8501,0,3652.5,1
9938390,48,1,141,95,27.89,0,0,0,75,2,0,0,2312,0,2312,0
9939850,56,0,123,78.5,24.71,1,5,0,76,3,0,0,8766,0,3652.5,1
9941222,63,0,155,82,39.17,0,0,0,78,1,0,1,5380,0,3652.5,1
9944110,59,0,125,80,22.18,1,20,0,70,3,0,0,8766,0,3652.5,1
9948301,63,0,167,94,25.23,0,0,0,95,1,0,0,5894,0,3652.5,1
9948320,52,0,137.5,84.5,26.91,0,0,0,72,1,0,0,8766,0,3652.5,1
9949037,48,1,125,84.5,22.37,0,0,0,65,1,0,0,8766,0,3652.5,1
9951428,60,1,128,82,21.18,0,0,0,75,1,0,0,1552,0,1552,0
9951694,50,1,119,74,21.85,0,0,0,80,1,0,1,8002,0,3652.5,1
9956714,53,1,188,110,26.7,0,0,0,70,3,0,0,8494,0,3652.5,1
9957743,56,1,149,98,21.68,0,0,1,90,4,0,0,1911,0,1911,0
9960803,47,1,120,80,25.23,1,3,0,75,2,0,0,8766,0,3652.5,1
9961615,45,1,137.5,85,24.24,1,43,0,83,4,0,0,8766,0,3652.5,1
9967157,58,1,125.5,84,26.05,0,0,0,67,1,0,1,6662,0,3652.5,1
9968499,43,1,129.5,88,25.62,1,20,0,80,4,0,0,4177,0,3652.5,1
9969773,50,0,190,130,43.67,0,0,0,85,1,0,1,7994,0,3652.5,1
9973350,51,0,140,80,25.6,1,20,0,75,3,0,0,6562,0,3652.5,1
9978986,56,0,170,102,22.89,1,3,0,57,1,0,0,8766,0,3652.5,1
9982118,58,1,141,81,24.96,0,0,0,80,3,0,0,8457,0,3652.5,1
9983319,68,1,168,97,23.14,0,0,0,60,1,0,0,565,0,565,0
9984683,50,1,179,92,25.97,1,1,0,66,1,0,1,1884,1,1884,0
9989287,51,1,126.5,80,19.71,1,43,0,65,3,0,0,7746,0,3652.5,1
9990894,48,0,131,72,22,1,20,,84,2,0,0,6433,0,3652.5,1
9993179,44,0,126.5,87,19.16,1,15,0,86,1,0,0,6729,0,3652.5,1
9995546,52,0,133.5,83,21.47,0,0,0,80,2,0,1,5209,0,3652.5,1
9998212,40,1,141,98,25.6,0,0,0,67,3,0,0,8766,0,3652.5,1
9999312,39,0,133,86,20.91,1,30,0,85,3,0,0,8766,0,3652.5,1
