participant_id,event_10y,time_10y_days,cox_oof_risk_10y,xgb_oof_risk_10y
2448,0,3652.5,0.026259747059849792,0.02516084909439087
6238,0,3652.5,0.007422026949692073,0.0063468217849731445
9428,0,3652.5,0.05765791584709379,0.070736825466156
10552,0,2956.0,0.07230727046432828,0.10273057222366333
11252,0,3652.5,0.014646941774134281,0.013405025005340576
11263,0,3652.5,0.030182189011252247,0.03417402505874634
12629,0,3652.5,0.03431041756228681,0.03940504789352417
12806,0,3652.5,0.005647841159715727,0.008383214473724365
14367,0,3652.5,0.054590930142724425,0.09107476472854614
16365,0,3652.5,0.08989092080088867,0.07837820053100586
16799,0,3652.5,0.0116830125257259,0.022090673446655273
19304,0,3652.5,0.009375718489452511,0.01054602861404419
20375,0,3652.5,0.06379460098606449,0.0533374547958374
23727,0,3652.5,0.0090209376602165,0.01042163372039795
24721,0,3652.5,0.0072004986151098516,0.0064566731452941895
30928,0,146.0,0.011339637933267976,0.014816045761108398
33077,0,3652.5,0.08819875895034957,0.046917080879211426
33555,0,1442.0,0.009503748129560896,0.012590765953063965
34689,0,3652.5,0.006389760395099642,0.0058710575103759766
36459,0,3652.5,0.03502090530006219,0.03872799873352051
40435,0,3652.5,0.0072804089842049,0.008255839347839355
43522,0,3652.5,0.0064257284056078445,0.006572246551513672
43770,0,3652.5,0.020838834904558512,0.027973294258117676
45464,0,3652.5,0.021776584153168743,0.055780768394470215
47561,0,3652.5,0.07581822452099163,0.07160073518753052
54224,1,430.0,0.059639983236333016,0.05530589818954468
55965,0,3652.5,0.009350117299487426,0.018740475177764893
63156,0,3652.5,0.03835540050866171,0.053911566734313965
63221,1,168.0,0.047254153951897915,0.06617408990859985
66472,0,3652.5,0.01656402739807805,0.023903250694274902
67905,0,3652.5,0.047739739295258876,0.05991649627685547
68194,0,3652.5,0.10368361302177742,0.06866896152496338
69134,0,1047.0,0.022135662403289347,0.02371889352798462
70948,0,3652.5,0.0658130346912823,0.05195033550262451
77492,0,3652.5,0.12285165247343488,0.17526936531066895
82188,0,3652.5,0.03368956531468137,0.03125983476638794
82425,0,3652.5,0.08435145036575353,0.10856276750564575
83398,0,3652.5,0.12128917803992201,0.14797592163085938
84815,0,3652.5,0.011927040313663984,0.018579423427581787
87124,0,3652.5,0.01622408752798954,0.027083218097686768
90705,0,3652.5,0.008565766519575968,0.009866178035736084
94510,0,3652.5,0.007225678316376438,0.007254242897033691
95148,1,3607.0,0.011988829564523407,0.02484995126724243
95182,0,3652.5,0.05147609056233582,0.08243244886398315
95541,0,2697.0,0.07887413739365068,0.040163636207580566
97026,0,3652.5,0.004056528921029368,0.006263136863708496
97895,0,3652.5,0.06351037224243716,0.08872663974761963
98536,0,3652.5,0.03618797017982944,0.02660733461380005
100722,0,1881.0,0.0337032025197348,0.026982545852661133
101990,0,3652.5,0.03888892885933792,0.07842206954956055
110542,0,3315.0,0.03727333174604619,0.058128178119659424
111019,0,3652.5,0.04844452504997565,0.03627127408981323
112297,0,3652.5,0.013503848337389157,0.009816348552703857
112469,0,3652.5,0.03069699165835571,0.044590115547180176
123622,0,3652.5,0.006299525323184341,0.0074231624603271484
125413,0,3652.5,0.0061864961784910966,0.0034432411193847656
126721,0,3652.5,0.008355982944280083,0.011670529842376709
127109,0,3652.5,0.06475973420687353,0.06921213865280151
127196,0,3652.5,0.024971623226222484,0.017161250114440918
134914,0,3652.5,0.03739144858462806,0.07851123809814453
147250,0,3652.5,0.10006260010719181,0.08817994594573975
149386,0,3652.5,0.037997843894308936,0.05067259073257446
151110,0,3652.5,0.049356871067846586,0.059974074363708496
153093,0,3652.5,0.014733682346641741,0.015815019607543945
157585,1,1620.0,0.058069912307156635,0.08149433135986328
160953,0,3652.5,0.03701294078237882,0.044590115547180176
162207,0,3652.5,0.08796228426865405,0.0841054916381836
162837,0,3652.5,0.01873875114966661,0.025139987468719482
165891,0,3652.5,0.008796264286414446,0.009494423866271973
168256,0,3652.5,0.010965911081874058,0.014106273651123047
170881,0,3652.5,0.11269768780606004,0.0891571044921875
172770,0,3652.5,0.03448054364784359,0.02485215663909912
174973,0,3652.5,0.004747093172388861,0.0064994096755981445
176705,0,3652.5,0.018274810577766587,0.029610514640808105
177761,0,2911.0,0.007516566887971865,0.005913734436035156
180657,0,2749.0,0.023670447861713684,0.03572326898574829
181030,0,3652.5,0.012181686288799898,0.013989567756652832
181117,0,3652.5,0.01104252096389513,0.00906980037689209
181634,0,3652.5,0.02587679369777085,0.01679074764251709
184857,0,3652.5,0.14214247905641264,0.09939038753509521
188334,0,3652.5,0.3437662640489467,0.4526175260543823
192229,0,2365.0,0.051613625459238754,0.044836223125457764
194872,0,3652.5,0.014367358987701584,0.022635161876678467
199229,0,3652.5,0.013644628740682618,0.027186453342437744
199546,0,3652.5,0.0598686287622332,0.1038661003112793
201775,0,3652.5,0.006594765368023503,0.01128929853439331
201899,0,3652.5,0.02001918375322098,0.029160380363464355
202101,0,3652.5,0.1523744740056795,0.06530261039733887
204047,0,3652.5,0.103734980760673,0.06863605976104736
206291,0,3652.5,0.026143793041260244,0.025299251079559326
207401,0,3652.5,0.070244370718894,0.1068582534790039
207538,0,3652.5,0.043014092113940694,0.060006558895111084
207677,0,3652.5,0.005406489257937186,0.014168500900268555
208305,0,3652.5,0.04839282032287273,0.044590115547180176
209115,0,3652.5,0.20128908102903786,0.16541963815689087
210362,0,3652.5,0.021173121074569146,0.02269643545150757
211500,0,3652.5,0.06886493669130667,0.0940847396850586
212271,0,2017.0,0.004444222483417026,0.009564042091369629
213008,0,3652.5,0.04521050481548161,0.04787266254425049
216659,0,3652.5,0.014022819839505263,0.019313573837280273
225499,0,3652.5,0.021269328685425748,0.028439760208129883
228129,0,3652.5,0.030163787306227485,0.03547942638397217
229945,0,3652.5,0.006806622755566316,0.00524294376373291
232713,0,3652.5,0.015077534187752484,0.023566842079162598
235103,0,3652.5,0.006339241710316412,0.012590765953063965
235125,0,3652.5,0.022343983393481648,0.03991204500198364
236242,0,3652.5,0.009791977884471614,0.010044455528259277
236628,1,1187.0,0.06748256009404485,0.08617496490478516
246478,0,2013.0,0.15993859795867904,0.0841054916381836
256485,0,3652.5,0.06144036386231255,0.08252483606338501
259395,0,3652.5,0.028127027939548577,0.03991204500198364
260652,0,3652.5,0.059256302725900656,0.10856276750564575
261349,0,3652.5,0.08287385524456126,0.06427693367004395
272194,0,3652.5,0.02857483879186251,0.04640835523605347
275208,0,3652.5,0.012230892574233043,0.01396244764328003
276073,1,1664.0,0.04871259611165457,0.06364160776138306
278756,0,3652.5,0.11531099393999011,0.1257128119468689
279463,0,3652.5,0.003802141905304035,0.004269540309906006
281650,0,3652.5,0.024117537190575855,0.01969742774963379
289326,0,3652.5,0.17038762865259693,0.147472083568573
290382,0,3652.5,0.006629681972117885,0.009692132472991943
290692,0,3652.5,0.007265853849244608,0.00527644157409668
290858,0,3652.5,0.053653043762326824,0.05648469924926758
292084,0,3652.5,0.011417796500459265,0.01626455783843994
293399,0,3652.5,0.023891003976676428,0.023657619953155518
294020,0,3652.5,0.019037417996608852,0.03101247549057007
301534,0,3652.5,0.0325128220993236,0.025671303272247314
302824,0,3652.5,0.03620166517339274,0.027944087982177734
303367,0,3652.5,0.029896777479241465,0.027890384197235107
308694,0,3652.5,0.00549864097719166,0.00681912899017334
309257,0,3652.5,0.05002520885156314,0.059518635272979736
309808,0,3652.5,0.03777141673304096,0.03583496809005737
311966,0,3652.5,0.13633365380746099,0.20309364795684814
312990,0,3652.5,0.019603346302541236,0.03433108329772949
313102,0,3652.5,0.020743618682419807,0.028559982776641846
314243,0,3652.5,0.07368857895969261,0.07375538349151611
321799,0,3652.5,0.009441687326969928,0.007487654685974121
331609,1,1729.0,0.06714412443258488,0.04212301969528198
332589,0,797.0,0.018390139980671405,0.021894395351409912
336991,0,3652.5,0.08122045670727762,0.042919695377349854
344720,0,3652.5,0.01580146422602846,0.036625802516937256
345164,0,3652.5,0.029360861845229458,0.03385567665100098
346465,0,3652.5,0.028434100546521623,0.024821460247039795
359422,0,3652.5,0.03748960753727959,0.045553743839263916
360228,0,3652.5,0.023229880952379656,0.03473198413848877
364589,0,2104.0,0.12949382785650276,0.12071114778518677
364767,0,3652.5,0.021393778546907827,0.034438252449035645
364826,0,3652.5,0.01145273320200313,0.007501482963562012
366964,1,3630.0,0.11042431633914984,0.08478057384490967
369222,0,3652.5,0.03640142803167057,0.091103196144104
370262,0,3652.5,0.02231694103179982,0.023400485515594482
377045,0,3652.5,0.019919609487991763,0.029998600482940674
380954,0,1607.0,0.022780438675831016,0.030362606048583984
381676,0,2138.0,0.1497722268646442,0.0949966311454773
385474,0,3652.5,0.007209603440498369,0.003888428211212158
388279,0,3652.5,0.07269995208875524,0.0655817985534668
390449,0,3652.5,0.023959628936826127,0.0237962007522583
398673,0,3652.5,0.012018944950520138,0.008839428424835205
404182,0,3652.5,0.04750981111531516,0.06337279081344604
405132,0,3652.5,0.005136417518477265,0.005891740322113037
407235,0,3652.5,0.008014591716211439,0.008648335933685303
411906,0,3652.5,0.1252460231000242,0.1311401128768921
415724,0,3652.5,0.006016055068144954,0.011072337627410889
418415,0,3652.5,0.03603648899917955,0.03605014085769653
418722,0,3652.5,0.030675250986396896,0.06312626600265503
423221,0,3652.5,0.07748535963055403,0.0472753643989563
423305,0,3652.5,0.013809978817427404,0.011671006679534912
425524,0,3652.5,0.01431167301711167,0.01659238338470459
431963,1,3398.0,0.03657156463679201,0.04155200719833374
432781,0,3652.5,0.01849315726366052,0.014080166816711426
433280,0,3652.5,0.011295410832135255,0.01824057102203369
433614,0,3652.5,0.019734830109203294,0.01283574104309082
433828,0,3652.5,0.011943277289668264,0.029738306999206543
436427,0,3652.5,0.007146283033832579,0.006520271301269531
436924,0,3652.5,0.013584313292066219,0.013085424900054932
442401,0,3652.5,0.20910668662217435,0.22284257411956787
445974,0,3652.5,0.048624482835284866,0.07442104816436768
450575,0,3652.5,0.020339669370523894,0.040462374687194824
452517,0,3652.5,0.006331187897882451,0.009805858135223389
457803,0,3652.5,0.005351937603724544,0.006985962390899658
458062,0,3652.5,0.0030600468007973003,0.004329264163970947
459386,0,3652.5,0.03977030969259021,0.027263939380645752
462420,0,3652.5,0.024883860234520272,0.020839273929595947
462535,0,3652.5,0.014265971755903939,0.018327057361602783
462539,0,3652.5,0.09096920554654342,0.05648469924926758
469357,0,3652.5,0.016647010195140588,0.04428523778915405
471696,0,3652.5,0.012533010963021507,0.01037687063217163
471978,0,2346.0,0.06503147554145228,0.08592593669891357
473381,0,3652.5,0.04264156244506612,0.038644254207611084
475695,0,3652.5,0.017641054025871572,0.031056225299835205
477082,1,1718.0,0.043235301343165444,0.06465178728103638
479517,0,709.0,0.05445009534610845,0.06023043394088745
479723,0,3652.5,0.06522727411492235,0.05384188890457153
481202,0,1547.0,0.09229638991889455,0.050964176654815674
482553,1,3242.0,0.0053617435503192645,0.005206167697906494
482847,0,3652.5,0.007896244233918437,0.010454237461090088
485310,1,1856.0,0.04785490518716051,0.03149908781051636
487307,0,3652.5,0.03458514190896578,0.029111862182617188
491826,0,3652.5,0.06297655382488265,0.06889677047729492
494996,0,3652.5,0.08588914880995402,0.08989620208740234
502995,0,3652.5,0.003052046768886374,0.0032715797424316406
506231,0,3652.5,0.10288947632553536,0.07399380207061768
507116,0,3652.5,0.03249792983215638,0.07213777303695679
510670,0,3652.5,0.0626872116267716,0.060265541076660156
512295,0,3652.5,0.01883180757876113,0.02471846342086792
517529,1,1897.0,0.043332468646293476,0.025363802909851074
520806,0,3652.5,0.03390261864034849,0.03957831859588623
522552,0,3652.5,0.016412854240080987,0.025873243808746338
522754,0,234.0,0.0200021341915394,0.02041172981262207
523575,0,3652.5,0.047563225600846026,0.0216902494430542
524030,0,3652.5,0.06869273484182992,0.04420578479766846
524455,0,3652.5,0.10456826427202004,0.106728196144104
524819,0,3652.5,0.04680417869267217,0.06330907344818115
526426,0,3652.5,0.0026537158936636995,0.004372715950012207
532124,0,3652.5,0.009462480687323471,0.02003490924835205
532256,0,3652.5,0.08574810014071421,0.05750364065170288
533747,0,3652.5,0.004402132934762215,0.008917570114135742
537521,0,3652.5,0.05471241974915553,0.08257395029067993
540724,0,3652.5,0.012973239343615717,0.013736605644226074
541284,0,3652.5,0.0033505402412891128,0.0043256282806396484
542322,0,3652.5,0.009165305691280268,0.011634290218353271
543405,0,3652.5,0.011731300813287104,0.010169446468353271
549256,0,3652.5,0.018166918444236013,0.024446308612823486
549948,0,3652.5,0.0026045880727144644,0.0057830810546875
551727,0,3652.5,0.016838923930329264,0.014345109462738037
561864,0,3652.5,0.07529931192032302,0.09203118085861206
570687,1,1012.0,0.1322395464540741,0.17051726579666138
571748,0,3595.0,0.2127454392795548,0.13065105676651
571980,0,3652.5,0.0100703427309905,0.02009284496307373
575116,0,3652.5,0.06092709824421527,0.06256711483001709
577694,0,3652.5,0.010802889943908545,0.020380377769470215
585180,0,3652.5,0.01793212413053069,0.014231503009796143
586827,0,3652.5,0.024817306080650692,0.027937114238739014
588630,0,3652.5,0.017508305299862803,0.028541207313537598
591302,0,3652.5,0.07139696252578787,0.08321911096572876
593119,0,3652.5,0.004258537450826716,0.0058710575103759766
593841,0,3652.5,0.3268507224584716,0.3181583881378174
594326,0,3652.5,0.010194108729691953,0.01639842987060547
595859,0,1649.0,0.012036962676443275,0.020811021327972412
597861,0,3652.5,0.06483795529169856,0.05904114246368408
598155,0,3652.5,0.15185568984817832,0.13636082410812378
599203,0,938.0,0.1850379209296359,0.21879273653030396
599286,0,3652.5,0.008023901587332682,0.0055825114250183105
602184,0,3652.5,0.008903393351237798,0.010767698287963867
604262,0,3652.5,0.19824560705479277,0.07749003171920776
604479,0,3652.5,0.13096524476109017,0.10349977016448975
605940,0,2531.0,0.01897907021375178,0.016711413860321045
608037,1,1169.0,0.00988398010331848,0.010682344436645508
609011,0,3652.5,0.03367301644525911,0.025994479656219482
610021,0,3652.5,0.2003388595712442,0.13434213399887085
610139,0,3652.5,0.03734036677950503,0.0508076548576355
610146,0,3652.5,0.022473821066951172,0.020110011100769043
613477,0,3652.5,0.0038569117061274527,0.0055193305015563965
614449,0,3652.5,0.05208879091289076,0.029784977436065674
614850,0,3652.5,0.08212704430334594,0.06382066011428833
614933,0,3652.5,0.23825176685259042,0.07442104816436768
616758,0,3652.5,0.0840077642729179,0.0793871283531189
618730,0,3652.5,0.0690489680216877,0.06938892602920532
619037,0,3652.5,0.0034146598133326655,0.005034208297729492
619723,1,2582.0,0.11313276423223806,0.07109832763671875
621362,0,3652.5,0.08912649712428111,0.07465291023254395
623582,0,3652.5,0.0752138346027218,0.11202454566955566
624521,0,3652.5,0.012412481018281851,0.014623582363128662
624687,0,3652.5,0.11485673900611137,0.11452388763427734
626736,0,3652.5,0.0789146544955428,0.10476112365722656
631833,0,3652.5,0.02057577112963571,0.017161250114440918
632247,1,1388.0,0.07994710000160266,0.04901796579360962
636868,0,3652.5,0.016385927757384233,0.036625802516937256
638453,0,3652.5,0.023364767474877812,0.043081045150756836
642836,0,3652.5,0.00868061669417386,0.02313101291656494
646685,0,2205.0,0.01456553958971718,0.03173065185546875
647094,0,3652.5,0.05263730475155437,0.04055929183959961
647214,0,3652.5,0.12076171048712658,0.07573217153549194
649530,0,3652.5,0.00542261877067951,0.005904197692871094
653514,0,3652.5,0.010049388876402832,0.014011144638061523
653547,0,3652.5,0.018360482072127704,0.03033006191253662
654086,0,3652.5,0.05239860645883965,0.058652639389038086
661752,0,3652.5,0.030002610907728267,0.04704004526138306
662980,0,3652.5,0.006577597584992878,0.007254242897033691
663630,0,3652.5,0.005164026406697664,0.006891369819641113
668526,0,3652.5,0.012177603359217914,0.020139336585998535
669084,0,3652.5,0.015008489087949162,0.02269643545150757
672080,0,3652.5,0.0042377241181355,0.0037181973457336426
672723,0,3652.5,0.005890574663347747,0.007826030254364014
673362,0,3450.0,0.13333508267653527,0.12355214357376099
675289,0,3652.5,0.0067640777287961695,0.013736605644226074
675360,0,3652.5,0.004523155647856214,0.0055193305015563965
678332,0,3652.5,0.017608042890869702,0.016925036907196045
684762,0,3652.5,0.0045277244527209826,0.004165291786193848
688490,0,3652.5,0.08761576500247037,0.05027252435684204
690339,0,3652.5,0.007453344533494,0.0054975152015686035
693767,0,3652.5,0.04728138260058612,0.03529781103134155
695333,0,3652.5,0.027570098834330037,0.02041006088256836
696727,0,3652.5,0.013151114756479343,0.0148506760597229
696867,0,73.0,0.08590512725265609,0.07009023427963257
697823,0,3652.5,0.0579502498126071,0.050508737564086914
701182,0,3652.5,0.03773482684319762,0.021645545959472656
704329,0,3652.5,0.003924319881592919,0.004269540309906006
706615,0,3652.5,0.03635416689403048,0.03520512580871582
707884,0,3652.5,0.027456155481760502,0.023630261421203613
709180,0,3652.5,0.01851151872184531,0.027083218097686768
711505,0,3652.5,0.011684158695487668,0.00823366641998291
715172,0,3652.5,0.008741776407202195,0.023625195026397705
716031,0,3652.5,0.028642746796699647,0.04118722677230835
719621,0,3652.5,0.006668218615266008,0.009499847888946533
727350,0,3652.5,0.027448504514497984,0.05566573143005371
728710,0,3652.5,0.00728480911587559,0.013645470142364502
729070,0,3652.5,0.03914363407188526,0.059845924377441406
735185,0,3652.5,0.006344824011999872,0.009079396724700928
739064,0,3652.5,0.015787455919117566,0.022090673446655273
739529,0,3652.5,0.0059686716575456655,0.008202672004699707
741372,0,3176.0,0.1421021495184117,0.1185796856880188
743469,0,3652.5,0.02004324313978445,0.02367168664932251
744360,0,3652.5,0.05359558742526105,0.04852515459060669
745870,0,3652.5,0.003984178826177631,0.007218301296234131
749202,0,3652.5,0.009420179209715385,0.010767698287963867
749515,0,3652.5,0.050039436708058216,0.05093902349472046
750176,0,3652.5,0.07106864502124854,0.06882750988006592
751236,0,3652.5,0.07528572293413693,0.054279625415802
757832,0,3652.5,0.007009243311203117,0.012590765953063965
760664,0,3652.5,0.02738419670286185,0.02851623296737671
766138,0,3652.5,0.17811442019139212,0.12714505195617676
767169,0,3652.5,0.022104530230646624,0.03467404842376709
767471,0,3652.5,0.01428360360948533,0.016223371028900146
768475,0,3652.5,0.0361550453918994,0.038683533668518066
769782,0,3652.5,0.016953910243897585,0.012116432189941406
770862,0,3652.5,0.021300424150484498,0.02739417552947998
771908,0,3652.5,0.2030355468195979,0.1037631630897522
773578,0,672.0,0.03595857628345711,0.04165983200073242
774548,0,3652.5,0.011360565738191108,0.01980501413345337
775518,0,3652.5,0.0066350767924325815,0.008202672004699707
776469,0,3652.5,0.004137755063286175,0.004335641860961914
777343,0,3652.5,0.012122669039628997,0.02269643545150757
779250,0,3652.5,0.07959875243396142,0.059963226318359375
780549,0,3652.5,0.04985225609172206,0.09408366680145264
784014,0,3652.5,0.01754590905567166,0.014103114604949951
786834,0,3652.5,0.10475828585651703,0.1213541030883789
788253,0,3652.5,0.01838466308026543,0.036625802516937256
789441,0,3652.5,0.02711923210181255,0.03817415237426758
790072,0,3652.5,0.05544459191988649,0.06889677047729492
792917,0,3652.5,0.022509022431252634,0.0375247597694397
793340,0,3652.5,0.006401913478553123,0.012704193592071533
795981,0,3652.5,0.009066250610846982,0.006170213222503662
798039,0,2481.0,0.07696222260090768,0.0443076491355896
798973,1,3607.0,0.03651492652246002,0.025655269622802734
801470,0,3652.5,0.01121676093477364,0.013009190559387207
802166,0,3652.5,0.01801561530222584,0.029786109924316406
802306,0,3652.5,0.03634271496397301,0.06331878900527954
804175,0,3652.5,0.016382023934385592,0.02837836742401123
804495,0,3652.5,0.01102126906022538,0.027075111865997314
804948,0,3652.5,0.01087615229842398,0.011383235454559326
807782,0,3652.5,0.028414113128155116,0.0154799222946167
809831,0,3652.5,0.031014102359990914,0.025033771991729736
812212,0,3652.5,0.03887373084796386,0.03845590353012085
813079,0,3652.5,0.11363872712701661,0.16738951206207275
814971,0,3652.5,0.013733809860967838,0.013509929180145264
819013,0,3652.5,0.05479243437654113,0.08719760179519653
821193,0,3652.5,0.010974346841659433,0.009265482425689697
822260,0,3652.5,0.007883681172695112,0.008383214473724365
824105,0,803.0,0.17402172731305565,0.1871885061264038
824811,1,2158.0,0.04844864684877059,0.05226653814315796
824917,0,3652.5,0.00401480129024312,0.0061334967613220215
825139,0,3652.5,0.01438500475169946,0.01563572883605957
825785,0,3652.5,0.0070059979341566825,0.010100722312927246
825933,0,3652.5,0.06082536917119763,0.09283614158630371
833626,0,3652.5,0.022926509652582472,0.018339157104492188
835397,0,3652.5,0.063678656173484,0.03743213415145874
843035,0,3652.5,0.05368007299530453,0.073627769947052
843071,0,3652.5,0.0737534251691555,0.07290035486221313
848508,0,1686.0,0.13863564856954802,0.05280035734176636
854395,0,3652.5,0.005165439640275049,0.005920708179473877
857611,1,27.0,0.17923234331798565,0.18321746587753296
857776,0,3652.5,0.01400862076748477,0.02979964017868042
860388,0,3652.5,0.006245802554040503,0.011993050575256348
860992,0,3652.5,0.044482702781366124,0.06949448585510254
861774,0,3652.5,0.03680248234728345,0.03497278690338135
862731,0,2329.0,0.0073737960535811276,0.010863125324249268
865584,0,3652.5,0.03444577093466428,0.030026555061340332
866460,0,3652.5,0.08300798207050453,0.05648469924926758
866914,0,3652.5,0.040216484314462675,0.06439095735549927
869676,0,3652.5,0.023174648340936854,0.023487627506256104
869996,0,3652.5,0.006993593606276494,0.011072337627410889
872277,0,3652.5,0.019045922923303316,0.03760248422622681
872627,0,3652.5,0.05075421033075267,0.07827353477478027
875177,0,3652.5,0.04702704237551181,0.026142895221710205
876150,0,3652.5,0.02180535336407785,0.021583616733551025
877602,0,3652.5,0.06870696153815137,0.07133263349533081
883490,0,3652.5,0.018625008222261763,0.020131170749664307
886254,0,3652.5,0.0052338974316507025,0.009656906127929688
890642,0,3652.5,0.0076081587805103545,0.009476006031036377
891658,0,3652.5,0.09243394466145938,0.15055513381958008
892767,0,3652.5,0.008702884144725975,0.013388454914093018
897309,0,3652.5,0.009257445930676789,0.010904252529144287
898392,0,3652.5,0.07086681828561914,0.1637365221977234
902855,0,3652.5,0.0382477650044003,0.045144498348236084
903446,0,3156.0,0.04002985566422468,0.029032647609710693
905672,0,3652.5,0.03353522063839265,0.03081566095352173
908622,0,3652.5,0.00845824876156398,0.008939087390899658
909239,0,3652.5,0.16801032091466728,0.14847171306610107
912658,0,3652.5,0.17059520602206002,0.11678797006607056
914165,0,3652.5,0.10364675773352339,0.11020827293395996
923590,0,3652.5,0.022365595457078835,0.019256949424743652
923640,0,3652.5,0.006805661229717042,0.009661436080932617
925017,0,3652.5,0.003449192637116849,0.004304468631744385
927236,0,3652.5,0.07171376788209782,0.06641614437103271
928724,0,3652.5,0.05423030791397632,0.08431422710418701
928756,0,3652.5,0.010489911143642172,0.014903903007507324
929929,0,3652.5,0.04261019127002308,0.03417402505874634
934728,0,3652.5,0.02727021049402023,0.038683533668518066
935116,0,3652.5,0.16805702063783945,0.0713416337966919
935452,0,3652.5,0.02158465069984017,0.03483635187149048
937484,0,3652.5,0.024814508617066577,0.027828991413116455
939781,0,3652.5,0.011298325284200827,0.012872159481048584
939959,0,3652.5,0.010425933533430909,0.015991389751434326
941931,0,3652.5,0.06243832308168418,0.09244745969772339
949885,0,3652.5,0.02191916338190336,0.025686025619506836
954821,0,3652.5,0.03083408256588005,0.02353876829147339
956523,0,3652.5,0.007675422786859953,0.007501482963562012
959752,0,3652.5,0.044486727251022984,0.044658124446868896
962125,0,3652.5,0.017142370017521613,0.04025232791900635
965994,0,3652.5,0.003902242043203441,0.00527644157409668
968222,0,3652.5,0.03806281333950601,0.02915811538696289
968594,0,3652.5,0.006378733248701085,0.006563723087310791
968768,0,3652.5,0.040914104839378296,0.06254059076309204
969969,0,3652.5,0.004947812670574092,0.009832322597503662
974723,0,282.0,0.0061511038751346225,0.009408354759216309
974753,0,3652.5,0.027735424380687768,0.041444361209869385
975067,0,3652.5,0.013526508049075847,0.009265482425689697
976180,0,3652.5,0.018949855323902587,0.041444361209869385
976484,0,3652.5,0.12084341818061028,0.12793666124343872
976626,0,3652.5,0.003133986154597035,0.0043256282806396484
976734,0,3652.5,0.006923129887684398,0.010526061058044434
977985,0,3652.5,0.014519583312513795,0.009920597076416016
977989,0,3652.5,0.04613105832859987,0.03708028793334961
983277,0,3652.5,0.08214011403911514,0.06866896152496338
984473,0,3652.5,0.21951613575470874,0.14577215909957886
984588,0,3652.5,0.11994516376285613,0.15907353162765503
986525,0,3652.5,0.06590763408127598,0.07566869258880615
989934,0,3652.5,0.03589654951433274,0.043328940868377686
992116,0,3652.5,0.05018461160258203,0.06475400924682617
993709,0,3652.5,0.00406655475938722,0.004790663719177246
995508,0,3652.5,0.01975118171077561,0.036625802516937256
1000948,0,3652.5,0.010686823893678699,0.00970447063446045
1002586,0,3652.5,0.008315748614596497,0.019119083881378174
1002977,0,3652.5,0.05085516633240916,0.053445398807525635
1005544,0,3652.5,0.18898918430917877,0.07493609189987183
1007124,0,3652.5,0.3003147988054772,0.2667692303657532
1008349,0,3652.5,0.13248631586082849,0.06843864917755127
1009157,0,3647.0,0.03429898359273964,0.01643127202987671
1011788,0,3652.5,0.013594536188446305,0.011072337627410889
1014724,0,3652.5,0.007942106772694912,0.01107943058013916
1017090,0,3652.5,0.012316129665555398,0.011697769165039062
1019315,0,3652.5,0.009622617682985779,0.013056516647338867
1026273,0,3652.5,0.009952679425619948,0.01664203405380249
1026861,0,3652.5,0.008920093783573835,0.013846337795257568
1028654,0,3652.5,0.010462044464389697,0.008932292461395264
1031399,0,3652.5,0.007670360303353663,0.01562809944152832
1031717,0,3652.5,0.05234992562839502,0.06507652997970581
1035595,0,3652.5,0.023110755268851202,0.02020418643951416
1036682,0,3652.5,0.010784726645050147,0.005086243152618408
1036942,0,3652.5,0.010236758866512652,0.02033078670501709
1038969,0,3652.5,0.006507479825110241,0.012531101703643799
1039159,0,3652.5,0.010521184714713416,0.015178084373474121
1043691,0,3652.5,0.061838024016655835,0.08717161417007446
1044236,0,3652.5,0.06491534774460295,0.09540325403213501
1044444,0,3652.5,0.129519212679026,0.10349977016448975
1048736,0,3652.5,0.019859093665307914,0.015804171562194824
1049378,0,3652.5,0.14643169109738696,0.11150950193405151
1055310,0,3652.5,0.00894512050491203,0.009866178035736084
1056988,0,3652.5,0.014976711203789517,0.014970719814300537
1058119,0,3652.5,0.04972519157579525,0.07704806327819824
1059498,0,832.0,0.20894984012121254,0.22628867626190186
1062242,0,3652.5,0.006410359293484547,0.009866178035736084
1063732,0,3652.5,0.0337831611059195,0.04808539152145386
1067680,0,3652.5,0.09705724716034492,0.10356271266937256
1069775,0,3652.5,0.08662292454191378,0.047467052936553955
1069941,0,3652.5,0.03821052441831363,0.04106783866882324
1073034,0,3652.5,0.012513886079928538,0.011243820190429688
1075064,0,3652.5,0.009839634491014437,0.014816045761108398
1075258,0,3652.5,0.05186598654828567,0.10856276750564575
1076610,0,3652.5,0.03897613912511955,0.03975057601928711
1080920,1,1112.0,0.6472691913170094,0.06617408990859985
1084569,0,3652.5,0.11720976500659075,0.13851863145828247
1086358,0,3652.5,0.021311476810492613,0.021583616733551025
1089474,0,3652.5,0.01657978551504591,0.020119428634643555
1092286,1,1673.0,0.16536390165881543,0.20131796598434448
1092751,0,3652.5,0.004434095886378886,0.009656906127929688
1092920,0,3652.5,0.019287149877524445,0.01509171724319458
1093444,0,3652.5,0.011154378315902935,0.00987166166305542
1093820,0,3652.5,0.004203224281982942,0.007463991641998291
1093889,0,3652.5,0.003595387928536864,0.004392385482788086
1094440,0,3652.5,0.1482353622176521,0.10118085145950317
1097059,0,3652.5,0.016109167118377732,0.015991389751434326
1097966,0,3652.5,0.15018329816863596,0.12292444705963135
1098348,1,2396.0,0.06951456429344527,0.08938193321228027
1098602,0,3652.5,0.04340980509246428,0.06315302848815918
1099897,0,3652.5,0.06774078609329726,0.0727694034576416
1100164,0,3652.5,0.10470322690377809,0.10310930013656616
1101358,0,3652.5,0.05781308834881749,0.05548578500747681
1101361,0,3652.5,0.009173178261586035,0.01695239543914795
1105058,0,3379.0,0.004913720989715653,0.008202672004699707
1105566,0,3652.5,0.01853897295470852,0.027704060077667236
1111923,0,3652.5,0.023302860499123224,0.03378933668136597
1116298,0,3652.5,0.05255880578921235,0.08083730936050415
1119939,0,3652.5,0.014176357174329746,0.023521006107330322
1123051,0,3652.5,0.005457442383222544,0.003662407398223877
1126151,0,3652.5,0.16364006903482753,0.20861434936523438
1126383,0,3652.5,0.024515945966149477,0.024030625820159912
1129380,0,3652.5,0.010689342497026688,0.020061850547790527
1129988,0,3652.5,0.012542043256070334,0.010863125324249268
1137973,0,3652.5,0.014054385316545903,0.0278775691986084
1138078,0,3652.5,0.013862752756028662,0.024719953536987305
1138143,0,3652.5,0.03471055176637183,0.0348246693611145
1140225,0,3652.5,0.015826255389039035,0.026569008827209473
1140713,0,3652.5,0.07393313621362452,0.1002320647239685
1142891,0,3652.5,0.059941377991061695,0.09604793787002563
1144604,0,3652.5,0.0849229914763,0.06946897506713867
1145502,0,3652.5,0.08782524563585292,0.08966535329818726
1145717,0,3652.5,0.028297961710619823,0.0228959321975708
1146035,0,3652.5,0.05980401624392162,0.05846887826919556
1153963,0,2707.0,0.012164972331880297,0.010760128498077393
1155474,0,3652.5,0.020187610160880887,0.02014261484146118
1158584,1,2453.0,0.4150106205364652,0.32421284914016724
1162642,0,58.0,0.018309611657992386,0.022236347198486328
1164197,1,1142.0,0.23303797701154005,0.2824193239212036
1166130,0,3652.5,0.01249674099406084,0.02003490924835205
1167172,0,3652.5,0.016095842109815295,0.01302480697631836
1174554,0,3652.5,0.051942529759775535,0.05919438600540161
1179648,0,3652.5,0.033468762000298025,0.02154308557510376
1181837,0,3652.5,0.019940872209029514,0.017195582389831543
1182974,0,3652.5,0.006098120552328723,0.006071507930755615
1186959,0,3652.5,0.08097562821590631,0.08714592456817627
1188396,0,3652.5,0.004520050806060549,0.004392385482788086
1189726,0,3652.5,0.010889367461202504,0.02003490924835205
1190905,0,3652.5,0.03887116463478979,0.051807522773742676
1191122,0,3652.5,0.02751293002498334,0.026945412158966064
1193113,0,3652.5,0.04454026589899229,0.053911566734313965
1194632,0,3652.5,0.04255414706530691,0.06439095735549927
1196729,0,3652.5,0.04503077594769067,0.03439277410507202
1198274,0,3652.5,0.009225059682435477,0.013131976127624512
1198623,0,3652.5,0.011981787995775095,0.010011792182922363
1200325,1,3405.0,0.011844497041675672,0.014455616474151611
1200532,0,3652.5,0.004521507651914947,0.004392385482788086
1202959,1,1920.0,0.07701811609603748,0.039554059505462646
1205141,0,3652.5,0.0036034376878496532,0.003780663013458252
1205880,0,3652.5,0.029959014682484297,0.026550650596618652
1210553,0,3652.5,0.059494278534321876,0.04443061351776123
1214102,0,3652.5,0.003387717997080597,0.004392385482788086
1215380,0,3652.5,0.07410999360435722,0.0672106146812439
1215663,0,3652.5,0.06234030542787283,0.06427496671676636
1221114,0,3652.5,0.021316969720982626,0.024248123168945312
1225217,0,3652.5,0.026185434073044966,0.044333577156066895
1231910,0,3652.5,0.029247129399671,0.019437193870544434
1233948,1,1622.0,0.12642537174502166,0.12414103746414185
1234515,0,3652.5,0.01929081109297137,0.040652573108673096
1237635,0,3652.5,0.004064516095628301,0.005554556846618652
1242033,0,3652.5,0.011420091137652078,0.014873266220092773
1247776,0,3652.5,0.06055139528873055,0.07038700580596924
1249914,0,2141.0,0.012635027617724615,0.010217070579528809
1252452,0,3652.5,0.015233426679791773,0.015406787395477295
1254554,0,3652.5,0.006258482899766937,0.008202672004699707
1256628,0,3652.5,0.005835938856746825,0.009265482425689697
1257338,0,3652.5,0.005407834228609354,0.0074440836906433105
1262959,0,3652.5,0.0054984144677556746,0.0075418949127197266
1264124,0,3652.5,0.02780106678467964,0.01410752534866333
1265767,0,3652.5,0.01081338053798675,0.023269057273864746
1267186,1,1336.0,0.24035072922821865,0.15607422590255737
1269712,0,3652.5,0.09152935519876282,0.052824437618255615
1273040,0,3652.5,0.0032098177348692802,0.004269540309906006
1276900,0,3652.5,0.011560990529161153,0.008912503719329834
1283563,0,3652.5,0.016606453824986156,0.014002382755279541
1284939,0,3652.5,0.03969082397655399,0.05677896738052368
1285805,0,3652.5,0.0070450914232701445,0.0065860748291015625
1287993,0,3652.5,0.04940341001506454,0.05146622657775879
1289095,0,3652.5,0.025820463829178686,0.022992432117462158
1289697,0,3652.5,0.054304824043327815,0.03581392765045166
1290155,0,3652.5,0.06304523182930755,0.10538756847381592
1290408,0,3652.5,0.010099463834695288,0.015298843383789062
1291364,0,3652.5,0.0296418579771216,0.019226372241973877
1291690,1,2387.0,0.16239884009488015,0.1263965368270874
1291790,0,3652.5,0.018496992281262892,0.034161150455474854
1293772,0,3652.5,0.05989368986793431,0.05960273742675781
1294023,0,3652.5,0.028795001337257764,0.06557631492614746
1294557,0,3652.5,0.016459569652588768,0.005366027355194092
1294936,0,3652.5,0.01788739597544753,0.02679145336151123
1304801,0,3652.5,0.028305282212623406,0.037745654582977295
1315580,0,3652.5,0.03511278173637378,0.057057201862335205
1315941,0,3652.5,0.04341861892443666,0.036957740783691406
1317473,0,3652.5,0.04682629426753637,0.06665551662445068
1322582,0,3652.5,0.007661352587646553,0.0067958831787109375
1333048,0,3652.5,0.21953605522184616,0.1591014862060547
1334389,0,3652.5,0.006127099549614767,0.005960345268249512
1338446,0,1902.0,0.055516407229508014,0.04801422357559204
1338580,0,2580.0,0.008943918065750012,0.007914602756500244
1339092,0,3652.5,0.006623937262357105,0.005757391452789307
1339690,0,3652.5,0.025201668175170555,0.029345214366912842
1339850,0,3652.5,0.027436983711125906,0.024653255939483643
1340238,0,3652.5,0.11938424703846684,0.10756510496139526
1341461,0,3652.5,0.009028614443137184,0.005411207675933838
1341474,0,3652.5,0.025592707372028123,0.019538283348083496
1342646,0,3652.5,0.009007162962784476,0.007673323154449463
1343694,0,3652.5,0.006317290919203522,0.017531096935272217
1344762,0,2157.0,0.05726493232868768,0.048181235790252686
1345704,1,1078.0,0.03344899583531835,0.059494078159332275
1346916,0,3587.0,0.1953602074144435,0.17372751235961914
1348619,0,3652.5,0.0454243699087854,0.0322798490524292
1351399,0,2287.0,0.04211879535073282,0.03329342603683472
1353657,0,3652.5,0.017304101027903696,0.028520405292510986
1359663,0,3652.5,0.03232623935111534,0.029969513416290283
1360682,0,3652.5,0.010038228145606731,0.010767698287963867
1362131,0,3652.5,0.1478992431689049,0.19560497999191284
1368376,0,3652.5,0.0020958671545784346,0.003430485725402832
1369535,0,3652.5,0.003783305465173359,0.0057830810546875
1373079,0,3652.5,0.03388237737762345,0.030975282192230225
1373286,0,3652.5,0.019224675256255153,0.027946829795837402
1374569,0,3652.5,0.02889420973214074,0.02938002347946167
1375094,0,3652.5,0.01921746281092296,0.01793980598449707
1376492,0,3652.5,0.02971453338029839,0.033152878284454346
1377636,0,3652.5,0.0982758734129997,0.15306758880615234
1379472,0,3652.5,0.02411563752031709,0.058917880058288574
1381139,0,992.0,0.061255066965272276,0.041403770446777344
1381471,0,3652.5,0.013200874467410362,0.01129138469696045
1383068,0,3652.5,0.014329528940755343,0.027075111865997314
1386857,0,3652.5,0.02607531656874862,0.03605014085769653
1395497,0,612.0,0.2853351020553093,0.27651071548461914
1396799,0,3652.5,0.00459333251600158,0.009805858135223389
1397567,0,3652.5,0.020341792703904238,0.017855048179626465
1399559,0,3652.5,0.006114298425710762,0.01539146900177002
1401968,0,3652.5,0.025268170461579254,0.0162508487701416
1402445,0,3652.5,0.012941474261548236,0.02270108461380005
1405837,0,3652.5,0.27370349104609415,0.20861434936523438
1407865,0,3652.5,0.03384383002935465,0.02560877799987793
1410250,0,3652.5,0.015604685711029687,0.01940476894378662
1416610,0,3652.5,0.020673165555290196,0.02237170934677124
1416744,0,3652.5,0.007450399705602906,0.007970333099365234
1417341,0,3652.5,0.04985023462184257,0.03605234622955322
1417723,0,3652.5,0.012203752854476058,0.0068482160568237305
1420364,0,3652.5,0.004368233793032306,0.00527644157409668
1421322,0,3652.5,0.041097233093606356,0.056945621967315674
1422836,0,3652.5,0.02521233505729692,0.04358869791030884
1425299,0,3652.5,0.06641158675933734,0.06596702337265015
1430201,0,3652.5,0.03619982422868562,0.043328940868377686
1431163,0,3652.5,0.0055743905961408435,0.011072337627410889
1432494,0,3652.5,0.05667886664890187,0.07829368114471436
1433567,0,3652.5,0.02090239570699315,0.03178185224533081
1434038,0,3652.5,0.006443926599749794,0.0079537034034729
1434561,0,3652.5,0.048699316356578426,0.010963261127471924
1434677,0,3652.5,0.03207359401966492,0.03757268190383911
1435357,0,3652.5,0.008009991236336056,0.00941091775894165
1435593,0,3652.5,0.018599414296538552,0.03430384397506714
1439777,0,3652.5,0.036565951816341924,0.04419982433319092
1440543,0,3652.5,0.011766138172762175,0.02085578441619873
1450778,0,3652.5,0.013489113698567645,0.020763099193572998
1451251,0,3652.5,0.10618792486887063,0.09774309396743774
1459119,0,3652.5,0.004265928767605898,0.004245340824127197
1459834,0,3652.5,0.0391341415251335,0.028274595737457275
1462942,1,3391.0,0.07697565494159309,0.11412471532821655
1463138,0,3652.5,0.08965539086296903,0.0402379035949707
1464025,0,3652.5,0.003024058406772112,0.009805858135223389
1465594,0,3652.5,0.01609868439549278,0.010629832744598389
1466412,0,3652.5,0.15439337751517124,0.15836197137832642
1468044,0,3652.5,0.009489886172231676,0.02003490924835205
1471439,0,3652.5,0.010074166285948816,0.014903903007507324
1473123,1,1904.0,0.06358885751013321,0.09498584270477295
1474174,0,3652.5,0.11304173904309212,0.08293509483337402
1480244,0,3652.5,0.04814873672736397,0.05322754383087158
1480264,0,3652.5,0.015193121888723016,0.037144362926483154
1484490,0,3652.5,0.050783074841547204,0.08064854145050049
1485688,0,3652.5,0.006830254281216419,0.013871371746063232
1487107,0,3652.5,0.010922404736051994,0.013081610202789307
1491141,0,3652.5,0.03166850655208664,0.030956387519836426
1494536,0,3652.5,0.03842676232608744,0.05068999528884888
1497063,0,3652.5,0.0873879413105434,0.07093459367752075
1498357,0,3652.5,0.03026137209396318,0.05113875865936279
1503585,0,3652.5,0.03928741229118904,0.04328650236129761
1504219,0,3652.5,0.02564266798949022,0.03548330068588257
1518521,0,3652.5,0.010739911859817819,0.011483728885650635
1520409,0,3652.5,0.4392886884956694,0.33463507890701294
1523717,0,3652.5,0.07788460395482866,0.05227094888687134
1523758,0,3652.5,0.0033304017859013824,0.006068408489227295
1530794,0,3652.5,0.010271724667506477,0.011767864227294922
1533919,0,3652.5,0.06789767408612857,0.10788297653198242
1534343,0,3652.5,0.21688588989105662,0.10274773836135864
1537085,0,3652.5,0.021340696605200216,0.031839728355407715
1540114,0,3652.5,0.015468431338667377,0.009588003158569336
1543277,0,3652.5,0.014626144361471582,0.018864572048187256
1546325,0,3652.5,0.03229124146933404,0.02303534746170044
1554147,0,3652.5,0.008970171797107684,0.010767698287963867
1554708,0,3652.5,0.009951112514257399,0.010035514831542969
1557925,1,2794.0,0.37220052979004403,0.30015623569488525
1559368,0,3652.5,0.07778087038900927,0.1297616958618164
1565001,0,3652.5,0.060194354879652634,0.04237103462219238
1569989,0,3652.5,0.018994475667909683,0.028520405292510986
1571429,0,3652.5,0.1332832336572003,0.1424502730369568
1572433,0,3652.5,0.005039345165849696,0.007962346076965332
1575918,0,1757.0,0.013727567261107798,0.014583766460418701
1576137,0,3652.5,0.003888684871142245,0.006062746047973633
1576674,0,3652.5,0.010336497158202729,0.009462952613830566
1579538,0,3652.5,0.09224693078213342,0.05739527940750122
1582893,0,3652.5,0.23120788987527152,0.24408823251724243
1583431,0,3652.5,0.00958161500836252,0.012735366821289062
1587271,0,3652.5,0.017334189355768803,0.027633726596832275
1589878,0,3652.5,0.01671274390853872,0.02649247646331787
1591827,0,3652.5,0.00654441903977987,0.005848944187164307
1600362,0,3652.5,0.08267393062866712,0.11016762256622314
1600765,0,3652.5,0.005531554598644406,0.006621837615966797
1606908,0,3652.5,0.015363655073099225,0.03361475467681885
1606946,0,1370.0,0.049294183414967496,0.08064854145050049
1607174,0,3652.5,0.018437122996877275,0.022881746292114258
1607784,0,3652.5,0.07612399031419204,0.05848681926727295
1609054,0,3652.5,0.17789570961320766,0.1844489574432373
1612107,0,3652.5,0.14536223946485605,0.16738951206207275
1612153,0,3652.5,0.030362405994046937,0.0519256591796875
1614309,0,3652.5,0.042590052390334865,0.05846887826919556
1614452,0,3652.5,0.013634404261581357,0.01349329948425293
1618485,0,3434.0,0.008722872078514077,0.010067105293273926
1619928,0,3652.5,0.1086570377250402,0.1560041904449463
1620339,0,3652.5,0.005723993373007996,0.004494786262512207
1622451,0,3652.5,0.022553295310615007,0.03361475467681885
1626655,0,3652.5,0.005619077214238044,0.006924450397491455
1626837,0,3652.5,0.009149023870822282,0.016474902629852295
1628328,0,3652.5,0.28033258166468,0.1713818907737732
1632274,0,3652.5,0.05383831087024382,0.06417196989059448
1632831,0,3652.5,0.024322029120259714,0.03669273853302002
1636092,0,3652.5,0.14828615859021343,0.14037060737609863
1640714,0,3652.5,0.013093957695545444,0.01558154821395874
1641185,0,3652.5,0.21864854489637786,0.18031680583953857
1641897,0,3652.5,0.005887900457559048,0.009265482425689697
1648625,0,3652.5,0.005414030955285032,0.007465720176696777
1649497,0,3652.5,0.004283942136958707,0.0043256282806396484
1649764,0,3652.5,0.0038187740679767046,0.0043256282806396484
1654901,0,3652.5,0.016522293593986936,0.02346360683441162
1655793,0,3652.5,0.008818903920620347,0.011619925498962402
1660299,0,3652.5,0.05369107073365109,0.03363847732543945
1660377,1,2117.0,0.0684926205980444,0.06964653730392456
1662072,0,3652.5,0.029612105392198607,0.03952544927597046
1662271,0,3652.5,0.06320775511285726,0.06689620018005371
1667298,0,3652.5,0.03269454876752287,0.03101247549057007
1668431,0,3652.5,0.18387539848005707,0.21734237670898438
1668597,0,3652.5,0.03514367145227759,0.05115389823913574
1671508,0,3652.5,0.06616947280322394,0.0572209358215332
1676267,0,3652.5,0.01988431315958783,0.03180360794067383
1685362,0,3652.5,0.032694387610964104,0.03379315137863159
1692255,0,3652.5,0.017723665878584205,0.008378088474273682
1693588,0,3652.5,0.01123691724229059,0.008910894393920898
1697845,0,2550.0,0.06245561294883206,0.0692484974861145
1698411,0,3652.5,0.10458486276208845,0.07999193668365479
1699289,0,3652.5,0.05120616195055294,0.05465012788772583
1701514,0,3652.5,0.04309874598662167,0.060386717319488525
1703903,0,3652.5,0.01116747599416057,0.011688411235809326
1705869,0,3652.5,0.2278199256990262,0.10318297147750854
1708987,0,3652.5,0.0147644922949417,0.013828694820404053
1709566,0,3652.5,0.04841061879591957,0.04097485542297363
1711337,1,2114.0,0.04242328680508445,0.03916895389556885
1711648,0,3652.5,0.014486688111054358,0.027075111865997314
1711992,0,3652.5,0.008536240181631904,0.006370365619659424
1718965,0,3652.5,0.008466651723332275,0.0055825114250183105
1722396,0,3652.5,0.00701497235567905,0.010067105293273926
1723785,0,3652.5,0.021868593220552235,0.0278775691986084
1726163,0,3652.5,0.10981156467189435,0.17844241857528687
1726701,0,3652.5,0.008553178876932854,0.007487654685974121
1732540,0,3652.5,0.0052832695401416885,0.007280886173248291
1732895,0,3652.5,0.05182212623884597,0.021502375602722168
1735368,1,2975.0,0.0801349168523049,0.04085332155227661
1736166,0,3652.5,0.031839835795311244,0.02793419361114502
1736230,1,2194.0,0.06368102632158168,0.05201965570449829
1737406,0,3652.5,0.20892415567347644,0.20949745178222656
1737434,0,1269.0,0.3201959576884865,0.2586090564727783
1738256,0,3652.5,0.1052005384439344,0.12314736843109131
1740653,0,3652.5,0.0034826788078528015,0.005577027797698975
1743014,0,3652.5,0.03405966027463725,0.022115349769592285
1743168,1,2717.0,0.03913177931916145,0.030469536781311035
1748906,0,3652.5,0.06035947099541794,0.0756714940071106
1748954,0,3208.0,0.009290203418963472,0.010476469993591309
1749853,0,3652.5,0.00956895233105104,0.01226717233657837
1752844,0,3652.5,0.02634044302125038,0.023542582988739014
1754959,0,3652.5,0.005529301569849654,0.007178246974945068
1755537,0,3652.5,0.006944620848249317,0.005522966384887695
1757873,0,3652.5,0.020077557734453633,0.019538283348083496
1761292,0,3652.5,0.00604370488034478,0.0074059367179870605
1762238,0,3652.5,0.008907582410427772,0.008383214473724365
1768288,0,1379.0,0.03612487812505483,0.021187782287597656
1768410,0,3652.5,0.043959884699351526,0.06912833452224731
1768481,0,3652.5,0.11256253056839649,0.10808271169662476
1770289,0,3004.0,0.013793262398783424,0.014196932315826416
1771705,0,3652.5,0.03435127547020633,0.04001152515411377
1773000,0,3652.5,0.029514520601148897,0.026618659496307373
1773154,0,3652.5,0.04633493908673425,0.025765836238861084
1774400,0,3652.5,0.016707222179580095,0.02173393964767456
1779720,0,3652.5,0.13996824167690014,0.16035276651382446
1780381,0,3652.5,0.00861433449803195,0.010526061058044434
1782641,0,3565.0,0.11079215134129738,0.08094489574432373
1782960,0,3652.5,0.1329177114454685,0.07491737604141235
1783679,0,3652.5,0.0076634856683105435,0.010820388793945312
1790448,0,3652.5,0.027007749020713012,0.029832184314727783
1791169,0,3652.5,0.08226291979452827,0.06889677047729492
1791264,1,1097.0,0.022286887008707068,0.03367692232131958
1791613,0,3652.5,0.10442597875382875,0.06475907564163208
1791667,0,3652.5,0.04033539013332177,0.05465012788772583
1800563,0,3652.5,0.14052452466817056,0.11220788955688477
1805256,0,3652.5,0.014115568189490113,0.017082273960113525
1811847,0,3652.5,0.01300192262509181,0.0204617977142334
1821062,0,3652.5,0.017707636089765222,0.020317494869232178
1824174,0,3652.5,0.006820586179381416,0.009100914001464844
1828967,0,3652.5,0.042314142065578486,0.044924795627593994
1829622,0,3652.5,0.05607840423818333,0.03373759984970093
1831641,0,3652.5,0.013732187193236989,0.019796550273895264
1833245,0,3652.5,0.08503038082836889,0.12089228630065918
1835493,0,3652.5,0.013253217710999299,0.008169949054718018
1835810,0,3652.5,0.040545989862741494,0.03910708427429199
1836879,0,3652.5,0.05438574845870281,0.06769430637359619
1837474,0,3652.5,0.06000792227119478,0.05583298206329346
1840661,0,3652.5,0.0027032454585879107,0.005344390869140625
1841517,0,3652.5,0.14347168989923087,0.13837677240371704
1842247,0,3652.5,0.0651673280091496,0.054979026317596436
1842459,0,3652.5,0.0372070494519986,0.05946230888366699
1842886,0,3652.5,0.0348190880044128,0.023563921451568604
1846223,0,3652.5,0.058331090920144435,0.0587729811668396
1848470,0,3652.5,0.03878688047561352,0.02472895383834839
1849900,0,3652.5,0.010253658813927813,0.01562809944152832
1850151,0,3652.5,0.02690415650895317,0.02560877799987793
1851387,0,3652.5,0.026862636501959303,0.032567381858825684
1851698,0,3652.5,0.10557659447417678,0.08419471979141235
1855218,0,3652.5,0.004992714728414227,0.008648335933685303
1856456,0,3652.5,0.005399236331476209,0.007218301296234131
1857534,0,3652.5,0.014905848676957767,0.015842914581298828
1858995,0,3652.5,0.03421693420451177,0.037999749183654785
1859291,0,3652.5,0.10669362062400212,0.05017131567001343
1859726,0,3652.5,0.06529966235090556,0.053911566734313965
1860102,0,3652.5,0.0379253704767214,0.0363079309463501
1860982,0,3652.5,0.00323909105458009,0.007886946201324463
1863618,0,3652.5,0.01621430758965947,0.028454720973968506
1864342,0,3652.5,0.09933247586444094,0.10746371746063232
1866098,0,307.0,0.07344568881989233,0.06574159860610962
1866825,0,3652.5,0.022949718547536135,0.0381808876991272
1871009,0,3133.0,0.08517545880595179,0.058525681495666504
1871150,0,3652.5,0.010638771303665528,0.014281809329986572
1871406,0,3652.5,0.11464622529486501,0.045179128646850586
1872339,1,1870.0,0.09047213011689559,0.08989620208740234
1875965,0,3652.5,0.014807361458602175,0.030075371265411377
1876299,0,2015.0,0.011382397408057354,0.013103604316711426
1880086,0,3652.5,0.03918978053730238,0.04001152515411377
1881811,0,3652.5,0.005951361286899215,0.008917570114135742
1883008,0,3652.5,0.007675773616735548,0.007146239280700684
1886441,0,3652.5,0.03736545836465743,0.027263939380645752
1893577,0,3652.5,0.008611234861390482,0.005219399929046631
1897060,0,3652.5,0.053538188900993045,0.04748255014419556
1900514,0,3652.5,0.008200818864508963,0.010169446468353271
1901572,0,3652.5,0.012664319153273818,0.015142679214477539
1904142,0,3652.5,0.005031671707316443,0.009315907955169678
1914904,0,3652.5,0.061631231143591814,0.04860377311706543
1915589,0,3652.5,0.007966384275229332,0.011931419372558594
1924525,0,3652.5,0.02412153083893598,0.017211437225341797
1925050,0,3652.5,0.01797383824354093,0.018574833869934082
1928471,0,3652.5,0.009752386813732361,0.006539404392242432
1928654,0,3652.5,0.02346855853985641,0.03101247549057007
1931687,0,3652.5,0.04267777315663879,0.02851623296737671
1932036,0,3652.5,0.005643902185558103,0.007254242897033691
1932201,0,3652.5,0.01804988667550078,0.04209268093109131
1936948,0,3652.5,0.08103316163126095,0.049725234508514404
1937277,0,3652.5,0.0028337058112837266,0.003780663013458252
1939559,0,3652.5,0.051546048221601026,0.04408973455429077
1940287,0,3652.5,0.0570417079572505,0.05502134561538696
1940297,0,3652.5,0.01648843967588609,0.01634359359741211
1940697,0,3652.5,0.19327108949435612,0.039147377014160156
1947154,0,3652.5,0.015690312236118165,0.029742181301116943
1947511,0,3652.5,0.01660934642281231,0.02023005485534668
1948013,0,1175.0,0.0665232583425206,0.04306685924530029
1949316,0,1416.0,0.007728019576427325,0.011243820190429688
1951542,0,3652.5,0.035393978084572564,0.04216444492340088
1959811,0,3652.5,0.03482854761712462,0.022860169410705566
1959913,0,3652.5,0.016423584431748184,0.02144712209701538
1965250,0,3652.5,0.008127062857812395,0.010760724544525146
1966064,0,3652.5,0.08513784567194826,0.05938011407852173
1969205,0,3652.5,0.03599815756619684,0.03621000051498413
1969910,0,3652.5,0.04926435948341146,0.044658124446868896
1976609,0,3652.5,0.013780888269280811,0.023269057273864746
1988664,0,3549.0,0.03476079733415727,0.0237962007522583
1990298,0,3463.0,0.16310057647642473,0.24510008096694946
1991655,0,3652.5,0.0746140480909071,0.0456467866897583
1992264,0,3652.5,0.11870854177728862,0.1212313175201416
1993402,0,3652.5,0.006144551601311332,0.009148478507995605
1995090,1,267.0,0.2626343600195382,0.3093053102493286
1996293,0,3652.5,0.047353100745118226,0.054962754249572754
1999873,0,3652.5,0.011588526820109912,0.032566070556640625
2000577,0,3652.5,0.11808320694789731,0.05769830942153931
2001006,0,1490.0,0.06856767264400176,0.06439095735549927
2003839,0,3652.5,0.021318712229354664,0.027083218097686768
2005642,0,3652.5,0.09916268313283738,0.08312666416168213
2006236,0,3091.0,0.11316185959740277,0.05289334058761597
2007931,0,3652.5,0.038026061727482796,0.024160385131835938
2009963,0,3652.5,0.012592640447833037,0.013034045696258545
2010575,0,3652.5,0.022284361003694242,0.013291239738464355
2013019,0,3652.5,0.009565042401008084,0.011882603168487549
2014034,0,3368.0,0.030874414991891364,0.03276914358139038
2014961,0,3652.5,0.05046730787845166,0.04710984230041504
2020550,0,3652.5,0.015523807805280843,0.01910102367401123
2024096,0,3652.5,0.015422109687492247,0.01847761869430542
2026209,0,184.0,0.05485629050564034,0.06439095735549927
2034382,0,3632.0,0.13452448081010637,0.2252124547958374
2035929,0,3652.5,0.010942728982777816,0.020753145217895508
2044334,0,3652.5,0.12954600000960448,0.09342265129089355
2045568,0,3652.5,0.007189434770205394,0.0064566731452941895
2047933,0,3652.5,0.13810223557606816,0.1038661003112793
2051735,0,3652.5,0.009239323172441583,0.020811021327972412
2055792,0,3652.5,0.0656619372172973,0.10349977016448975
2064086,0,3652.5,0.03647148667068223,0.03947800397872925
2065080,0,3652.5,0.020074822376922263,0.022428154945373535
2067160,0,3652.5,0.18092061553151328,0.10560733079910278
2068456,0,3652.5,0.029738752154103265,0.04909181594848633
2073109,0,3652.5,0.01441805678919339,0.020284414291381836
2073811,0,3652.5,0.0064396573191932704,0.005188047885894775
2076403,0,3652.5,0.06227806070929309,0.05752825736999512
2077687,0,3652.5,0.010128982142742493,0.011670529842376709
2079307,0,3652.5,0.07073618175034968,0.09184420108795166
2079487,0,2218.0,0.01812504195575615,0.01920795440673828
2082771,0,822.0,0.08917766878712419,0.09346210956573486
2091408,0,3652.5,0.12140579211417335,0.09764224290847778
2092900,0,3652.5,0.025353957446960007,0.028373897075653076
2093742,0,3652.5,0.006230604123457328,0.0055193305015563965
2093837,0,3652.5,0.013314543219468455,0.018975913524627686
2094108,0,3652.5,0.020553485576854547,0.02594512701034546
2095135,0,3652.5,0.00923794624872909,0.01705348491668701
2097095,0,3652.5,0.07658301294357628,0.08594357967376709
2098000,0,3652.5,0.10548137399449187,0.08183801174163818
2098590,0,3652.5,0.0113918800766184,0.010767698287963867
2100877,0,3652.5,0.18530486633583487,0.35244065523147583
2101419,0,3652.5,0.13767233127105905,0.13527053594589233
2106090,0,3652.5,0.0708701783232647,0.04660522937774658
2107845,0,3652.5,0.017792982839463067,0.02010267972946167
2109747,0,3652.5,0.005319669804420779,0.007113397121429443
2116954,0,3652.5,0.05907455290988728,0.09644120931625366
2118332,0,3652.5,0.10984183385928459,0.04945182800292969
2118364,0,3652.5,0.03571490429274482,0.043258488178253174
2123689,0,3652.5,0.07647277348104053,0.07518327236175537
2124755,0,717.0,0.01541360537029468,0.020119428634643555
2125411,0,3652.5,0.10309566480231502,0.10310930013656616
2134528,0,3652.5,0.03799628156179313,0.031502723693847656
2138037,0,3652.5,0.007893551583487146,0.0054975152015686035
2140148,0,3652.5,0.0034792105165289966,0.0055193305015563965
2141590,0,3652.5,0.03518320294861432,0.04546922445297241
2142059,0,3652.5,0.042564110909037445,0.03745472431182861
2145186,0,3652.5,0.06545679501756252,0.0771632194519043
2148428,0,3652.5,0.040798406675765286,0.03557974100112915
2150097,0,3652.5,0.08194204855658593,0.05846887826919556
2153087,0,3652.5,0.005533431589470839,0.0057830810546875
2157176,0,3652.5,0.013555345762665594,0.013740003108978271
2159164,0,3652.5,0.01013164659866217,0.009513616561889648
2159835,1,1778.0,0.4039288674568321,0.29815953969955444
2160928,0,3652.5,0.006987677747239629,0.010230004787445068
2162024,0,3652.5,0.007719469070167295,0.005021631717681885
2167467,0,3652.5,0.006554405949110276,0.005411207675933838
2175833,1,1739.0,0.11103727466481417,0.12330359220504761
2176850,0,3652.5,0.00977348420355717,0.01300191879272461
2178015,0,3652.5,0.037326086435857664,0.02834385633468628
2183231,0,3652.5,0.14894014417672574,0.3163979649543762
2183660,0,3652.5,0.01311280240920154,0.020100176334381104
2184179,0,3652.5,0.029708722645068075,0.06028604507446289
2184271,0,3652.5,0.03629233462479131,0.042075514793395996
2184456,0,3652.5,0.10344770294493988,0.17143291234970093
2184587,0,3652.5,0.007699400668239487,0.005941033363342285
2185089,0,3652.5,0.01266530703744484,0.016941487789154053
2188049,0,2812.0,0.0028300340223109677,0.0071527957916259766
2189099,0,3652.5,0.005534619321581613,0.005695164203643799
2189363,0,3652.5,0.0056813474748453885,0.004717767238616943
2199791,1,873.0,0.04790707007046979,0.07664138078689575
2203286,0,3652.5,0.04531354067857574,0.04747742414474487
2204612,0,3652.5,0.011890618041041301,0.01199251413345337
2213718,0,3652.5,0.014334799743059179,0.028463244438171387
2214871,0,3652.5,0.048916721208870695,0.06709986925125122
2215991,1,700.0,0.049665274589516306,0.08939981460571289
2216437,0,3652.5,0.005283471356484659,0.00814974308013916
2222566,0,3652.5,0.022118500480875047,0.05732506513595581
2224821,0,3652.5,0.005144164577527199,0.0037631988525390625
2225978,0,1879.0,0.10064224099088714,0.08288705348968506
2227376,0,3652.5,0.12816221295809072,0.2442549467086792
2228112,1,2149.0,0.2750141913566232,0.39526110887527466
2229495,0,3652.5,0.016410075582801276,0.027083218097686768
2230091,0,424.0,0.12410933931656631,0.14518600702285767
2235925,0,3652.5,0.016121910896390035,0.013141334056854248
2236140,0,3652.5,0.008125147106612829,0.00942695140838623
2236615,0,3652.5,0.007096198975949819,0.006475329399108887
2238809,0,3652.5,0.015039274397165125,0.02269643545150757
2239967,0,3652.5,0.01018720327959377,0.017640233039855957
2241055,0,3652.5,0.020082506601963868,0.013750791549682617
2244442,0,3652.5,0.013305814356759704,0.023625195026397705
2244912,0,3652.5,0.00984131910235897,0.006975114345550537
2248032,0,3652.5,0.058859835962008056,0.04430311918258667
2248910,0,3652.5,0.030905603308488905,0.02910834550857544
2257135,0,3652.5,0.04105742750075514,0.0506855845451355
2257586,0,3652.5,0.016903816871165156,0.027497053146362305
2257896,0,3652.5,0.04231393471263245,0.03410923480987549
2258881,0,3652.5,0.027321057219359957,0.04490476846694946
2262010,0,3652.5,0.014172539883677726,0.020119428634643555
2262723,0,3652.5,0.005517532894260158,0.004392385482788086
2262965,0,3652.5,0.03729646714743673,0.012190520763397217
2264946,0,3652.5,0.04884708216070055,0.066436767578125
2267292,0,3652.5,0.010973136054970412,0.014457464218139648
2267649,0,3652.5,0.009474312622993919,0.008936703205108643
2270354,0,3652.5,0.004017028879728435,0.006269335746765137
2274906,0,3652.5,0.004502810375862087,0.006891369819641113
2275121,0,3652.5,0.03362133736773676,0.023933768272399902
2286129,0,3652.5,0.11241476286143348,0.11988645792007446
2290290,0,3652.5,0.09094216753051187,0.09482681751251221
2291433,0,3652.5,0.004721499778332583,0.0040128231048583984
2292456,0,3652.5,0.059385228276682134,0.074085533618927
2294966,0,3652.5,0.006210054675039323,0.006512284278869629
2295648,0,3652.5,0.01765749280205886,0.03249388933181763
2295855,0,3652.5,0.14177086689191898,0.24510008096694946
2300114,0,3652.5,0.017858599943442077,0.015521407127380371
2302912,0,3652.5,0.04786144650573043,0.050508737564086914
2305437,0,3652.5,0.12038144002810747,0.12439852952957153
2306548,0,3652.5,0.02767483905832857,0.06010937690734863
2308338,0,3652.5,0.024783802585239156,0.03637051582336426
2312520,0,3652.5,0.09660440663235381,0.0903313159942627
2313686,0,3652.5,0.10227534719515663,0.1113782525062561
2318411,0,3652.5,0.07838641903899057,0.073627769947052
2322179,0,3652.5,0.07322553214061489,0.07115185260772705
2322730,0,3652.5,0.020058769725569636,0.024077117443084717
2327323,0,3652.5,0.005233794188174712,0.0055193305015563965
2329085,0,3652.5,0.020838677237989045,0.03943091630935669
2330769,0,3652.5,0.02131263392071303,0.043364644050598145
2332067,0,3652.5,0.029805056538007912,0.020907342433929443
2335758,0,3652.5,0.02256686035695088,0.03355848789215088
2339707,0,3652.5,0.02761659765066904,0.03963935375213623
2341406,0,3652.5,0.04182230611825899,0.03178590536117554
2346651,0,3652.5,0.042207938620617225,0.023356497287750244
2352739,0,3282.0,0.12654094053072507,0.07801598310470581
2353184,1,784.0,0.023000711908712,0.014309346675872803
2353533,0,3652.5,0.005549736402283512,0.006891369819641113
2353950,0,3652.5,0.08135737239564889,0.07804054021835327
2359728,0,3652.5,0.011444775947509922,0.012805342674255371
2362501,1,2995.0,0.10695987215755964,0.07760846614837646
2364854,0,3652.5,0.009317313140178585,0.010169446468353271
2365318,0,3652.5,0.0583737075472206,0.07842206954956055
2368475,0,3652.5,0.007297349102530659,0.00582510232925415
2369200,0,3652.5,0.041168160333614146,0.07324999570846558
2375737,0,3652.5,0.03851317578650393,0.04372835159301758
2376358,0,3652.5,0.007447255808259556,0.011471986770629883
2377011,0,3652.5,0.034355630494354195,0.02851623296737671
2377853,0,3652.5,0.12383345337148322,0.2027798295021057
2380239,0,3652.5,0.03010692323350661,0.031200408935546875
2385905,0,3652.5,0.03121008553365645,0.05342400074005127
2387284,0,3652.5,0.07469338235980272,0.06523638963699341
2390122,0,2568.0,0.06373464912555105,0.025222480297088623
2390373,0,3017.0,0.128021668790247,0.13534384965896606
2398603,0,3652.5,0.006829340825325381,0.0069634318351745605
2400282,0,3652.5,0.049117995264333025,0.04449725151062012
2401709,0,3652.5,0.03712745325826983,0.037999749183654785
2405341,0,3652.5,0.058893822102044524,0.050986409187316895
2407080,0,3652.5,0.05154289294729408,0.04449725151062012
2407647,1,1235.0,0.17699630932600274,0.23012787103652954
2409359,0,3652.5,0.02280382256135438,0.012511730194091797
2409397,0,3652.5,0.035277686372877426,0.04463392496109009
2409590,0,3652.5,0.36598023812475555,0.24176770448684692
2411688,0,3652.5,0.10892422789481038,0.06778895854949951
2416201,0,3652.5,0.026107015017609925,0.032817304134368896
2419954,0,3652.5,0.07113344631183116,0.07340061664581299
2420323,0,3652.5,0.04722672302173647,0.03420037031173706
2422331,0,3652.5,0.0027260410325748996,0.0040013790130615234
2422371,0,3652.5,0.01185135602703713,0.019038617610931396
2423195,0,3652.5,0.00605948776765286,0.005695164203643799
2428234,0,3652.5,0.011503170131961893,0.022687852382659912
2429091,0,3652.5,0.0071559642521237254,0.011349916458129883
2431729,0,3652.5,0.06503289704697424,0.06750494241714478
2433317,0,3652.5,0.03222226762808178,0.03696936368942261
2436937,0,3652.5,0.008661213456776506,0.013846337795257568
2437351,0,3652.5,0.012275226962622399,0.020219027996063232
2439832,0,3652.5,0.10907755440036593,0.10769546031951904
2441847,0,3652.5,0.03381985534149312,0.05253410339355469
2442073,0,3652.5,0.006438042211067585,0.008383214473724365
2443126,0,1770.0,0.02056016557075535,0.027075111865997314
2449215,0,3652.5,0.01044014922039671,0.014903903007507324
2460331,0,3652.5,0.07742051756938195,0.08663398027420044
2460484,0,3652.5,0.005233877396535247,0.0055193305015563965
2461248,0,3652.5,0.013350247942989779,0.013136208057403564
2463212,0,1575.0,0.019554871301129984,0.019137978553771973
2471115,0,3652.5,0.025251666688363206,0.05565077066421509
2481657,0,3652.5,0.013903764750364145,0.012818396091461182
2487380,0,3652.5,0.1356289912909714,0.0956571102142334
2491412,0,3652.5,0.08833274685678782,0.1037631630897522
2493414,0,3652.5,0.02431655897446605,0.03755992650985718
2493677,0,3652.5,0.029364766420940547,0.03783625364303589
2493927,0,3652.5,0.009180404602093573,0.010659992694854736
2494324,0,3025.0,0.027967154596721056,0.026618659496307373
2496396,0,3652.5,0.015397442661020166,0.01087045669555664
2498269,0,3652.5,0.006796656114815058,0.008917570114135742
2501936,0,3652.5,0.007362667059689021,0.009866178035736084
2502331,0,3652.5,0.09078618354614332,0.06823354959487915
2509002,0,3652.5,0.006880727340944581,0.006424844264984131
2509405,0,3652.5,0.003984475097667306,0.0055446624755859375
2509916,0,1368.0,0.05740875797668221,0.059845924377441406
2510482,0,3652.5,0.06301860853644226,0.07751500606536865
2511641,1,2231.0,0.09450961485348908,0.059676289558410645
2523214,0,3652.5,0.015037243636974895,0.03249388933181763
2528587,0,3571.0,0.058056800667534714,0.0620119571685791
2532444,0,3652.5,0.007846038457628324,0.007039070129394531
2535907,0,3652.5,0.03138465926910128,0.05253410339355469
2539711,1,2415.0,0.04775876079703911,0.05937117338180542
2543722,0,3652.5,0.004796660840553968,0.005291759967803955
2546461,0,3652.5,0.013054905639163894,0.012094616889953613
2552780,0,3652.5,0.004208521405658638,0.009866178035736084
2558501,0,3652.5,0.034194049152562744,0.02065300941467285
2560765,0,3652.5,0.09517845105635558,0.10997962951660156
2563170,0,3652.5,0.24055306904688334,0.20933657884597778
2564000,0,3652.5,0.0043608456834061116,0.005119979381561279
2564183,0,3652.5,0.06307179241128247,0.08431434631347656
2565849,0,3652.5,0.008533354611943378,0.013940155506134033
2570127,0,3652.5,0.06690521084449064,0.08030247688293457
2571811,0,3652.5,0.006686024042785177,0.007501482963562012
2573848,0,3652.5,0.019921280242786943,0.044513702392578125
2577634,1,701.0,0.026703855897932782,0.05132949352264404
2581913,0,3652.5,0.025678828562017975,0.041444361209869385
2583661,0,3652.5,0.0267636829059803,0.02951836585998535
2585324,0,3652.5,0.0978136847347586,0.09672695398330688
2585327,0,3652.5,0.1487481337343658,0.13113754987716675
2586103,0,3652.5,0.004944508289730032,0.009866178035736084
2589087,0,3652.5,0.07818107676176622,0.10304492712020874
2593250,0,3652.5,0.012074203462158706,0.01997286081314087
2597896,0,3652.5,0.13883785447126118,0.10565602779388428
2599999,0,3652.5,0.010751734676262226,0.017531096935272217
2603578,0,3652.5,0.04033414471370611,0.06444650888442993
2605055,0,3652.5,0.03136284306608261,0.019119083881378174
2614991,0,3652.5,0.16450455806053088,0.11786597967147827
2615709,0,3652.5,0.009320203202046073,0.010736286640167236
2616460,0,3652.5,0.026798107980437025,0.022181570529937744
2621009,0,3652.5,0.037986631429034134,0.03329342603683472
2621212,0,3652.5,0.006402975565386715,0.007178246974945068
2622022,0,3652.5,0.1520616437545419,0.10351020097732544
2622668,0,3652.5,0.012096738038661403,0.018864572048187256
2623685,0,3652.5,0.02027272879087949,0.036779165267944336
2626923,0,2285.0,0.03321246689679147,0.04309272766113281
2627155,0,3652.5,0.015625539811974787,0.02107793092727661
2629984,0,3652.5,0.03824562121440911,0.04111963510513306
2631894,0,3652.5,0.013753466009078452,0.020119428634643555
2637391,0,3652.5,0.05420531984541077,0.040341973304748535
2637924,0,3652.5,0.012556420937022805,0.01539146900177002
2640525,0,3652.5,0.02236201438093277,0.022590339183807373
2643586,0,3652.5,0.04264514797252272,0.11080688238143921
2643839,0,3652.5,0.07538056132519877,0.07342296838760376
2644027,0,3652.5,0.10104515248305801,0.14034420251846313
2645533,0,3652.5,0.08479614583842887,0.11268103122711182
2645802,0,1154.0,0.010773468787651286,0.017265915870666504
2647502,0,3652.5,0.043917862864762514,0.08412975072860718
2650858,0,3652.5,0.028223989434259522,0.03474223613739014
2656361,0,3652.5,0.03205818794437654,0.04473400115966797
2657714,0,3652.5,0.13586345811278,0.13772499561309814
2657827,0,3652.5,0.10672840420570417,0.14425206184387207
2660537,0,3652.5,0.01564488662530772,0.022364497184753418
2661435,0,3652.5,0.03551204898275395,0.04203003644943237
2661453,0,3652.5,0.006842102605191247,0.004179954528808594
2664287,0,3652.5,0.0073890005765683275,0.008753418922424316
2665868,0,3652.5,0.023311487217356097,0.0394134521484375
2667480,0,3652.5,0.07200344180956797,0.027410268783569336
2668366,0,3652.5,0.019670503369371373,0.01871412992477417
2668575,0,3032.0,0.03227678228773745,0.03089195489883423
2671885,0,3652.5,0.011388059300486808,0.01753944158554077
2676545,0,3652.5,0.01043729058277143,0.010990023612976074
2676638,0,3652.5,0.006953523142554707,0.005176126956939697
2677110,0,3652.5,0.020802509457980678,0.03076303005218506
2687392,0,3652.5,0.005954844317104135,0.008077919483184814
2687577,0,2143.0,0.007701041843091505,0.010904252529144287
2692804,0,3652.5,0.04305781558021682,0.05648469924926758
2693641,0,3652.5,0.07679090315917803,0.042411983013153076
2696345,0,3652.5,0.009937099945404149,0.010869860649108887
2698297,0,3652.5,0.03438501824164919,0.061544835567474365
2703143,0,3652.5,0.08823116555370558,0.10558778047561646
2703335,0,3652.5,0.01562871089001605,0.022259950637817383
2703882,0,3652.5,0.013730163655899186,0.0207597017288208
2709633,0,3652.5,0.06414818307111869,0.059934139251708984
2712119,0,3652.5,0.1060664930201235,0.03995996713638306
2715633,0,3652.5,0.09287688732807453,0.08861380815505981
2716396,0,3652.5,0.006843311444019062,0.013736605644226074
2717522,0,3652.5,0.004502864718707644,0.004269540309906006
2720671,0,3652.5,0.037931008433202074,0.045650362968444824
2723598,0,3652.5,0.01537705203297024,0.014504194259643555
2730043,0,3652.5,0.05870246025709325,0.09484994411468506
2730205,0,3652.5,0.02228408765722223,0.038304030895233154
2732552,0,3652.5,0.04653795181354192,0.05283266305923462
2734363,0,3652.5,0.020514426917360606,0.022687852382659912
2738541,0,3652.5,0.015019542223904558,0.008552372455596924
2743325,0,3652.5,0.14225610399557953,0.13650095462799072
2745297,0,3652.5,0.049166850157400965,0.05060213804244995
2745767,0,3652.5,0.07246843756837218,0.07969415187835693
2748984,0,3652.5,0.028001849608844664,0.02944844961166382
2749570,0,3652.5,0.02224168148221639,0.016276657581329346
2749708,1,1883.0,0.06458860705555536,0.07071822881698608
2750290,0,3652.5,0.05056974472231124,0.04647040367126465
2751674,0,3510.0,0.07490763469938,0.06758654117584229
2754554,0,3652.5,0.11570296608971431,0.05205488204956055
2754801,0,3652.5,0.012246797504307239,0.017209410667419434
2754805,0,3652.5,0.3245837774847449,0.3319765329360962
2767030,0,3652.5,0.009289343352401058,0.007180213928222656
2771871,0,3652.5,0.021376809091650073,0.022632181644439697
2772792,0,3652.5,0.0692083781863354,0.08169049024581909
2774765,1,276.0,0.13070509907918226,0.13536208868026733
2781541,0,3652.5,0.03304099264317362,0.03378933668136597
2783846,0,3652.5,0.05973531597929682,0.0787394642829895
2791907,0,3652.5,0.0072931331270853494,0.004434347152709961
2794100,0,3652.5,0.03882220325385788,0.03127413988113403
2804924,0,3652.5,0.1420545871582901,0.23643243312835693
2806238,0,3652.5,0.01191927475189758,0.02412480115890503
2808533,0,3652.5,0.012405232960174817,0.015486657619476318
2813745,0,3652.5,0.3270174751773607,0.22726136445999146
2814416,0,3652.5,0.040487118562199,0.04145175218582153
2823814,0,3652.5,0.013537029530496625,0.01922208070755005
2825320,0,3652.5,0.03274041861760113,0.044690608978271484
2831709,0,3652.5,0.010792991470373936,0.01397693157196045
2833013,0,3652.5,0.008043524672224689,0.01299971342086792
2838795,0,3652.5,0.013245309991033793,0.018811285495758057
2839665,0,3652.5,0.036624508932356914,0.06401336193084717
2843928,0,3652.5,0.09905102462813709,0.07125061750411987
2847870,0,3652.5,0.014238099025407513,0.013081610202789307
2853270,0,3652.5,0.006601542104991531,0.013645470142364502
2855887,0,3652.5,0.014197882511964188,0.014529407024383545
2860222,0,3652.5,0.051227918502249614,0.05219370126724243
2860770,0,3652.5,0.003840084541872457,0.003688335418701172
2873576,0,3652.5,0.01789574942269534,0.02982008457183838
2878281,0,3652.5,0.006094142251518941,0.010067105293273926
2878759,0,3652.5,0.1871183534075339,0.20792388916015625
2879132,0,3652.5,0.006185101761569833,0.011072337627410889
2880105,0,3652.5,0.08050731884153206,0.07523560523986816
2881696,0,3652.5,0.0036213345934316132,0.0071527957916259766
2882787,0,3652.5,0.009525177492124337,0.0076601505279541016
2882840,0,3652.5,0.021730060739481027,0.02944016456604004
2887939,0,3652.5,0.022690609838424747,0.024906039237976074
2888042,0,3652.5,0.0035611033821066895,0.003888428211212158
2889180,0,3652.5,0.10694956930908217,0.1828901767730713
2893848,0,3652.5,0.009516572243498,0.007562398910522461
2895351,0,3652.5,0.00966283802595802,0.011243820190429688
2897723,1,26.0,0.3001251916130574,0.30859577655792236
2907737,0,3652.5,0.03462432032043161,0.024713337421417236
2909148,0,3652.5,0.02592166117041772,0.036447227001190186
2913553,0,3652.5,0.03843288701139813,0.05648469924926758
2915311,0,3652.5,0.0064206534811243055,0.009315907955169678
2915807,0,3652.5,0.07776307796968518,0.12087047100067139
2916402,0,3652.5,0.07330316848330343,0.033802807331085205
2922688,0,3652.5,0.16461872334519134,0.1882203221321106
2924328,0,3652.5,0.013690075124095591,0.01730889081954956
2925279,0,3652.5,0.021713626662579144,0.03101247549057007
2927619,0,3652.5,0.01352363846001814,0.010217070579528809
2927695,1,2071.0,0.06648061087865653,0.10239529609680176
2927975,0,3652.5,0.024529074917744587,0.025128543376922607
2928737,0,3652.5,0.0057010518858275905,0.0082930326461792
2929550,0,3652.5,0.007406203383283461,0.0050092339515686035
2930353,0,3652.5,0.026611603161047825,0.03910708427429199
2932477,0,3652.5,0.05543883559075646,0.05366402864456177
2937791,0,3652.5,0.006830851279791883,0.00861138105392456
2937823,0,3652.5,0.026250022116421023,0.015028119087219238
2938080,0,3652.5,0.047762952795293745,0.05589801073074341
2942339,0,3652.5,0.005833943670542352,0.010067105293273926
2945687,0,3652.5,0.01943859605153697,0.03249388933181763
2947375,0,3652.5,0.022516338539151914,0.02715480327606201
2954907,0,2395.0,0.033691878799567254,0.06407243013381958
2957503,0,3652.5,0.012175076322167522,0.016159355640411377
2963281,0,3652.5,0.04780018488561799,0.035754501819610596
2963619,0,3652.5,0.006962664492115578,0.007967114448547363
2964133,0,3652.5,0.3138559014224671,0.35636329650878906
2964471,0,3652.5,0.09507155480077001,0.106728196144104
2966062,0,3652.5,0.008151228114240738,0.014035940170288086
2967673,0,3652.5,0.0588436819953535,0.08715403079986572
2968104,0,3652.5,0.00882762226098499,0.010042190551757812
2969220,0,3652.5,0.017257315523182215,0.015403151512145996
2969671,0,3652.5,0.008359642033138992,0.011548519134521484
2970423,0,3652.5,0.022600716384791886,0.02784895896911621
2973728,0,3652.5,0.05289548267986455,0.047467052936553955
2973886,0,1433.0,0.06811490381469831,0.09470492601394653
2976528,0,3652.5,0.008059525681061497,0.0046419501304626465
2976595,0,3652.5,0.1339489429081968,0.20798999071121216
2981548,0,3652.5,0.01584460831717227,0.016563594341278076
2983670,0,3652.5,0.003212468724619777,0.006841838359832764
2984794,0,3652.5,0.01659445867785725,0.028520405292510986
2985434,0,3652.5,0.02036386235234333,0.02979964017868042
2989539,0,3652.5,0.036700528452171755,0.0383220911026001
2993160,0,3652.5,0.007013789016995342,0.023269057273864746
2993415,0,3652.5,0.013206488541352868,0.030813097953796387
2994596,0,3652.5,0.08439298008426654,0.10855609178543091
2995274,0,3652.5,0.04324600321339622,0.05846887826919556
2995911,0,3652.5,0.07022824650170478,0.0975412130355835
2996656,0,3652.5,0.09127986413765554,0.08554130792617798
3004540,0,3652.5,0.07094013024543477,0.07410579919815063
3005082,0,3652.5,0.0041358970303034814,0.00500798225402832
3005675,0,3652.5,0.03662211267578297,0.03698962926864624
3006414,0,3652.5,0.041296487992319,0.04829984903335571
3010148,0,3652.5,0.02739673335893289,0.028124630451202393
3017202,0,3652.5,0.005381599739754828,0.0092659592628479
3020384,0,2562.0,0.1175282518396169,0.0841054916381836
3021905,0,3652.5,0.00454858923970014,0.003688335418701172
3026761,0,3652.5,0.013222295712621013,0.023625195026397705
3029122,0,3652.5,0.023192153429541507,0.034438252449035645
3037307,0,3652.5,0.008584601030844241,0.006265521049499512
3039283,0,1395.0,0.010092062246891853,0.013736605644226074
3042240,0,3652.5,0.038671013549195,0.026420116424560547
3044048,0,3652.5,0.021354548567990017,0.025387704372406006
3045153,0,3652.5,0.02599681536247256,0.055028676986694336
3048668,0,3652.5,0.00535606611510131,0.006727337837219238
3051526,0,3652.5,0.06364977767638069,0.09240788221359253
3053543,1,2493.0,0.023876266169040927,0.052865028381347656
3054013,0,1103.0,0.13492140571140332,0.06765216588973999
3059649,0,3652.5,0.1446961209822133,0.1949174404144287
3059837,0,3652.5,0.036513033636722536,0.04678434133529663
3060565,0,3652.5,0.006661645276395567,0.004505932331085205
3060687,0,3652.5,0.03752932951668131,0.043335020542144775
3065845,0,3652.5,0.128505298549495,0.11791342496871948
3067328,0,3652.5,0.07312346744725928,0.04362213611602783
3069369,0,3652.5,0.051127996616742166,0.029784977436065674
3069590,0,3652.5,0.0449423152498738,0.05210036039352417
3071444,0,3652.5,0.03633921929983386,0.03239709138870239
3072226,0,3652.5,0.30832272863788046,0.32041507959365845
3073583,0,3652.5,0.0039749134873970915,0.004205524921417236
3076234,0,3652.5,0.10250304150892264,0.11328428983688354
3087981,0,3652.5,0.07640806336425643,0.0992201566696167
3088755,0,3652.5,0.05447577555347971,0.06894594430923462
3091647,0,3652.5,0.002009787239382388,0.0033295154571533203
3093926,0,3652.5,0.11430142288955514,0.11711841821670532
3096842,0,3652.5,0.04540846975340507,0.03964895009994507
3098706,0,3652.5,0.017207114942350943,0.02524656057357788
3099355,0,3652.5,0.009984455054016905,0.014920830726623535
3100770,0,3652.5,0.10335874268709722,0.12070757150650024
3107445,0,3652.5,0.003874826496448991,0.005862057209014893
3111833,0,3652.5,0.010598267479958845,0.010793566703796387
3111937,0,3652.5,0.015788491580575492,0.019796550273895264
3119969,0,3652.5,0.03243666247440469,0.0638996958732605
3126109,0,3652.5,0.07936433537234111,0.04766052961349487
3126883,0,3652.5,0.08513403942030762,0.11961805820465088
3128602,0,3652.5,0.0030010639728224042,0.0038293004035949707
3129164,0,3652.5,0.03844167467235804,0.04449725151062012
3132634,0,3652.5,0.024709081667594335,0.029998600482940674
3134483,0,3652.5,0.03820045246689541,0.05089974403381348
3135040,0,3652.5,0.011189867981679091,0.019401252269744873
3135646,0,3652.5,0.007089704832923371,0.0055193305015563965
3135965,0,3652.5,0.04282985158763186,0.026959717273712158
3137748,0,3652.5,0.004891791416654301,0.007178246974945068
3140057,0,3652.5,0.04752213833241159,0.06615155935287476
3142445,0,3652.5,0.04414776973970014,0.03983283042907715
3142600,0,3652.5,0.00816832757368613,0.0074811577796936035
3143248,0,3652.5,0.011362715367778664,0.01612752676010132
3143975,0,3652.5,0.007430093834129847,0.006253838539123535
3144352,0,3652.5,0.005199730221363219,0.006459176540374756
3145326,0,3652.5,0.06831297270605585,0.08589798212051392
3146823,1,1710.0,0.007935322389826194,0.015496611595153809
3148157,0,2270.0,0.0549243549771099,0.04657214879989624
3153272,0,3652.5,0.09026253129898965,0.1207050085067749
3153667,0,3652.5,0.015802112452217854,0.02085477113723755
3154275,0,3652.5,0.012971579585137727,0.013736605644226074
3154467,0,3652.5,0.005940911628567802,0.011619925498962402
3155718,0,3652.5,0.008529832378015967,0.01559382677078247
3157591,0,3652.5,0.11619822377827649,0.08029299974441528
3160641,0,3652.5,0.030847440648973268,0.03529781103134155
3161095,0,3652.5,0.1277607754789828,0.1120295524597168
3162061,0,3652.5,0.010303485169931625,0.00993204116821289
3162880,0,3652.5,0.010549470702434616,0.020811021327972412
3162912,0,3652.5,0.06679384732487847,0.0685083270072937
3162914,0,3652.5,0.03586061854787581,0.05116927623748779
3162976,0,3652.5,0.01166301458025365,0.029620230197906494
3166424,0,3652.5,0.022467564997791012,0.02705204486846924
3166558,0,3652.5,0.017593934223655183,0.01971358060836792
3170873,0,3652.5,0.1650551954399806,0.11925500631332397
3170907,0,3652.5,0.07385215708367787,0.05583298206329346
3172030,0,3652.5,0.007282979860879446,0.0077422261238098145
3173592,0,3652.5,0.1744366932874183,0.1624355912208557
3176103,0,3652.5,0.051027140636694224,0.06615620851516724
3177634,0,3619.0,0.010708553763773887,0.012762486934661865
3187190,0,2990.0,0.11159237246666609,0.06740838289260864
3188310,0,3652.5,0.01395829406543625,0.026583194732666016
3188460,0,3652.5,0.01797092446991888,0.03125405311584473
3188462,0,3652.5,0.047362383562339905,0.04167294502258301
3188956,0,3652.5,0.019007591732939755,0.03457760810852051
3189130,0,3652.5,0.05306138980540209,0.05394423007965088
3189746,0,3652.5,0.002506505984795848,0.0038864612579345703
3189947,0,2503.0,0.05778892982164063,0.04043048620223999
3190392,0,3652.5,0.016346979130234973,0.03173065185546875
3192979,0,3652.5,0.08709664062427314,0.10683989524841309
3194628,0,3652.5,0.08867306458906166,0.10254842042922974
3198395,0,3652.5,0.03479990004039624,0.045912325382232666
3200133,0,3652.5,0.014995422977818751,0.02269643545150757
3201221,0,3652.5,0.00874774781467158,0.00802147388458252
3205194,0,3652.5,0.008023215397368832,0.008917570114135742
3205466,1,2911.0,0.0993141653509858,0.07375538349151611
3209251,0,1462.0,0.02168754070245782,0.023032963275909424
3210023,0,3652.5,0.05725906925185198,0.05329686403274536
3211844,0,3652.5,0.09033078971422992,0.04168027639389038
3214048,0,3652.5,0.007357257227215808,0.006858170032501221
3214345,0,3652.5,0.014929281224461577,0.01252514123916626
3215366,0,3652.5,0.07819151699180316,0.06927913427352905
3218268,0,3652.5,0.0499361702211808,0.026959717273712158
3218773,0,3652.5,0.010478815095442684,0.01294630765914917
3222491,0,3652.5,0.07407070906033708,0.08355337381362915
3223147,0,3652.5,0.008916679747315581,0.0057830810546875
3223966,1,3459.0,0.01468817611257367,0.029947221279144287
3226447,0,2112.0,0.07734793444561239,0.08844256401062012
3231510,0,3652.5,0.11136090813512523,0.06769430637359619
3235346,0,3652.5,0.012351341682929728,0.01931995153427124
3236218,0,3652.5,0.026259465389397718,0.014007568359375
3236495,0,3652.5,0.023828636125489577,0.018122375011444092
3237319,0,3652.5,0.011134548467052308,0.012832701206207275
3237403,0,3652.5,0.03814313358826826,0.05329686403274536
3237676,0,3652.5,0.01832646997529308,0.033341825008392334
3239730,0,3652.5,0.05127143780367749,0.03612923622131348
3239780,0,3652.5,0.2685388685970126,0.22297900915145874
3243402,0,3652.5,0.007427658545766991,0.0064566731452941895
3243477,0,3652.5,0.034099521739955896,0.027486085891723633
3250443,0,3652.5,0.03546264561212176,0.05067259073257446
3251202,0,3652.5,0.015508792660661963,0.007859885692596436
3257963,0,3652.5,0.02432320853947767,0.024798572063446045
3259824,0,3652.5,0.14623782581560507,0.13202708959579468
3266358,0,3652.5,0.004706245433621858,0.011072337627410889
3266929,0,2965.0,0.003906592621220062,0.004535853862762451
3267132,0,3652.5,0.035580241118390865,0.027849256992340088
3270633,0,3652.5,0.022352123624895692,0.023986876010894775
3279268,0,3652.5,0.04452704245942707,0.04186296463012695
3282412,0,3652.5,0.004689000777714392,0.007178246974945068
3283408,0,3652.5,0.006630188316764096,0.008677840232849121
3284000,0,3652.5,0.04191433587647775,0.036957740783691406
3285032,0,3652.5,0.012220055325319001,0.026750564575195312
3285473,0,3652.5,0.019817084048479816,0.04084235429763794
3287574,0,759.0,0.08888555133290932,0.06381881237030029
3288545,0,3652.5,0.014831650474348868,0.0278775691986084
3288765,0,3652.5,0.06696360491505826,0.08124130964279175
3292286,0,3652.5,0.05379190965015934,0.03563952445983887
3292876,0,3652.5,0.007209022061362869,0.009661436080932617
3299275,0,3652.5,0.0036383477377359696,0.006727337837219238
3300455,0,3652.5,0.03373691861919437,0.04052311182022095
3304025,0,3652.5,0.017762268614484267,0.034699082374572754
3306427,0,3652.5,0.0028805280416692725,0.0038293004035949707
3310958,0,3652.5,0.009502918817508421,0.008383214473724365
3316088,0,3652.5,0.0627753526230922,0.04496079683303833
3316189,0,3652.5,0.02055272194537261,0.036736130714416504
3316885,0,3652.5,0.056282243369006446,0.09604793787002563
3321257,0,3652.5,0.018123626614826804,0.028144001960754395
3325285,1,3640.0,0.07713378786929526,0.08140254020690918
3325316,0,3652.5,0.022126182095648206,0.013186037540435791
3326482,0,3652.5,0.01197797865246486,0.02003490924835205
3335239,0,3652.5,0.012299601839699914,0.02072751522064209
3336718,0,3652.5,0.03775066174283426,0.03043234348297119
3338496,0,3652.5,0.02567529481303199,0.023032188415527344
3340146,0,3652.5,0.021992876557122676,0.019721388816833496
3340565,0,3652.5,0.005754401630989614,0.00814974308013916
3344655,0,3652.5,0.04193895271477488,0.03783309459686279
3346257,0,3652.5,0.039313211487208455,0.03773975372314453
3347334,0,3652.5,0.007731795643537875,0.01595747470855713
3347340,0,3652.5,0.006982222500776736,0.0055193305015563965
3347933,0,3652.5,0.1873784261946424,0.15655988454818726
3348115,0,3652.5,0.05500765054141721,0.06938892602920532
3348927,0,3652.5,0.009979004978070138,0.005905449390411377
3351292,0,3652.5,0.007640497264576385,0.01133584976196289
3351479,0,3652.5,0.02384908656146123,0.051437199115753174
3358380,0,3652.5,0.008214158508506375,0.011590182781219482
3360095,0,3652.5,0.02590438532954442,0.04195594787597656
3360297,0,3652.5,0.04406237296709392,0.04955852031707764
3361395,0,3652.5,0.008990048364812653,0.013362705707550049
3363127,0,3652.5,0.03416645357214754,0.044361889362335205
3363312,0,3652.5,0.06521437557545451,0.03052884340286255
3363962,0,3652.5,0.03516587636790269,0.03052884340286255
3365184,0,3652.5,0.021346772943996006,0.02206498384475708
3365736,1,3624.0,0.021254263385594885,0.016306817531585693
3366982,0,3652.5,0.012288476277031335,0.010914325714111328
3373917,0,3652.5,0.017491635564072405,0.021888554096221924
3379340,0,3652.5,0.05284332051164908,0.08122724294662476
3391369,0,3652.5,0.002915114270106045,0.003571927547454834
3391411,0,3652.5,0.09562865788896668,0.09882020950317383
3391851,0,3652.5,0.01736947609900763,0.03379404544830322
3394682,0,3652.5,0.014127996036666923,0.01550966501235962
3395637,0,3652.5,0.10847977969379685,0.1037631630897522
3396665,0,3652.5,0.00533338500687075,0.006387770175933838
3397285,0,3652.5,0.03930665195038474,0.08119922876358032
3397407,0,3652.5,0.07995416314484616,0.09061753749847412
3398117,0,3652.5,0.027905309332779904,0.02387791872024536
3400000,0,3652.5,0.17135968774805066,0.1509079933166504
3402432,0,3652.5,0.018507863796760837,0.02125704288482666
3402855,0,3652.5,0.03204358877814595,0.04445850849151611
3404210,0,3652.5,0.006431506125600506,0.013736605644226074
3404581,0,3652.5,0.08689081993233361,0.07160550355911255
3404702,0,3652.5,0.04310894384085462,0.034436702728271484
3405597,0,3652.5,0.0184321012912374,0.04112643003463745
3409643,0,3652.5,0.0105397216780162,0.005518972873687744
3415785,1,2208.0,0.015912309784721246,0.01863032579421997
3417166,0,3652.5,0.009044248434933122,0.01104670763015747
3420485,0,3652.5,0.02937544989670282,0.045181334018707275
3420713,0,3622.0,0.00881163561416387,0.01465839147567749
3422956,0,3652.5,0.004981866756350151,0.006709635257720947
3424170,0,3652.5,0.06558481762230661,0.08196616172790527
3424531,0,3652.5,0.005293061903108409,0.00527644157409668
3425708,0,3652.5,0.053648129189906024,0.056945621967315674
3426409,0,3652.5,0.09016599231461209,0.08129966259002686
3429166,0,3652.5,0.08652429892585678,0.09585845470428467
3429218,0,3652.5,0.07038646604733789,0.09470492601394653
3430105,0,3652.5,0.010603138573838877,0.01925557851791382
3430840,0,3652.5,0.1313384265439973,0.04734569787979126
3434660,0,3652.5,0.00758567259254328,0.015202999114990234
3435494,0,3652.5,0.050698902903076326,0.08233910799026489
3437155,0,3652.5,0.03418960862680964,0.021950244903564453
3444682,0,3652.5,0.014367794029724434,0.026665031909942627
3448118,0,3652.5,0.02041557206258826,0.022279441356658936
3448905,0,3652.5,0.014769938739953914,0.010997951030731201
3449152,0,3652.5,0.015494681390466059,0.021309614181518555
3449311,0,3652.5,0.012378622185280852,0.011361360549926758
3460247,0,3652.5,0.07091119743045993,0.07228517532348633
3461321,0,3652.5,0.011186991544602787,0.010863125324249268
3467182,0,3652.5,0.008006132017134182,0.007254242897033691
3467516,0,3652.5,0.036900962171360296,0.05567067861557007
3468448,0,3652.5,0.010255301348351953,0.02003490924835205
3471138,0,3652.5,0.0634594581988176,0.043779730796813965
3482450,0,3652.5,0.04777506111154084,0.04097485542297363
3484086,0,3652.5,0.012103524895456408,0.011760592460632324
3487251,0,3652.5,0.023701633320646676,0.028760969638824463
3488605,0,3652.5,0.03562571967751882,0.03619188070297241
3489404,0,3652.5,0.0583547712180974,0.11976265907287598
3490044,0,3652.5,0.031236058239791586,0.04417240619659424
3499488,0,3652.5,0.04204766746583033,0.05033773183822632
3502977,0,3652.5,0.016925560221774605,0.032464802265167236
3507909,0,3652.5,0.0052701724496263536,0.0058710575103759766
3509321,0,3652.5,0.019306584645277458,0.018113374710083008
3509766,0,3652.5,0.010147335194438778,0.01812189817428589
3521148,0,3652.5,0.10228148898603973,0.10683989524841309
3525320,0,3652.5,0.019835760153232407,0.018605589866638184
3526682,0,3652.5,0.025176987010218976,0.012688398361206055
3530154,0,3652.5,0.010119536099805648,0.007650613784790039
3531571,0,3406.0,0.00964739385803881,0.005206167697906494
3533441,0,3652.5,0.06359509066709534,0.08747744560241699
3533652,0,3652.5,0.11251424715111835,0.08861231803894043
3533973,0,1984.0,0.023266502563788483,0.04710876941680908
3534318,0,3652.5,0.12992417831153125,0.13438868522644043
3538831,0,3652.5,0.0037558094349517956,0.011072337627410889
3541037,0,3652.5,0.0098777493760559,0.012622952461242676
3541188,0,3652.5,0.04760412491267885,0.02913069725036621
3541454,0,3652.5,0.010205829976392744,0.009537220001220703
3542563,0,3652.5,0.04057000095280838,0.04307502508163452
3545337,0,3652.5,0.011078319922091628,0.01638317108154297
3550314,0,3652.5,0.006404342131534069,0.008677840232849121
3551565,0,3652.5,0.0041807767466315315,0.004921019077301025
3557440,0,3652.5,0.0038885624776230365,0.004434347152709961
3558408,0,3652.5,0.06103643859162977,0.07689666748046875
3562544,0,3652.5,0.008436468597358915,0.011145949363708496
3562642,0,3652.5,0.1001168617758692,0.0912671685218811
3562735,0,3652.5,0.018440565485069893,0.012492239475250244
3568482,0,3652.5,0.010946094577192533,0.0054975152015686035
3571349,0,3652.5,0.006903632838641149,0.00834566354751587
3575569,0,3652.5,0.009188093258743923,0.013056516647338867
3576454,0,3652.5,0.025772196882030918,0.03753936290740967
3577659,0,3652.5,0.059946132030642696,0.07213777303695679
3578830,0,3652.5,0.038943870440585227,0.026618659496307373
3581198,0,3652.5,0.0836073904334449,0.1038661003112793
3581419,0,3652.5,0.06742274357892364,0.08541601896286011
3590789,0,3652.5,0.027539764217987983,0.02934020757675171
3591162,0,3652.5,0.00918890530566474,0.010879039764404297
3593187,0,3652.5,0.0890457580251044,0.06446003913879395
3594337,0,3652.5,0.008849888520047644,0.006853580474853516
3594945,0,3652.5,0.012569743211333972,0.014583766460418701
3595130,0,3652.5,0.06199528391327003,0.06764769554138184
3601318,0,3652.5,0.02001351615442115,0.014080166816711426
3605308,0,3652.5,0.023246329298065027,0.020414650440216064
3607939,0,3652.5,0.00831395871276086,0.007545113563537598
3610848,1,473.0,0.6583815277693326,0.14891433715820312
3620834,0,3652.5,0.039658192419282035,0.051887691020965576
3627787,0,3652.5,0.008653451971684878,0.011105775833129883
3628123,0,3652.5,0.003637755228467432,0.00527644157409668
3629206,0,3652.5,0.16880210295354114,0.21077173948287964
3631810,0,3652.5,0.05920309837993698,0.05705428123474121
3637041,0,3652.5,0.1710824917468735,0.1711127758026123
3639190,0,3652.5,0.04552769029446069,0.09244745969772339
3640954,0,3652.5,0.13285206390534532,0.12407726049423218
3642079,0,3652.5,0.0026426242662540567,0.003888428211212158
3644143,0,3652.5,0.02910139264127487,0.055028676986694336
3647049,0,3652.5,0.021800517993944668,0.028264343738555908
3650041,0,3652.5,0.03703592417685919,0.04726988077163696
3651708,0,3652.5,0.14032767179906047,0.21971893310546875
3652590,0,3652.5,0.08183129831685587,0.07442104816436768
3655799,0,3652.5,0.04587466886741942,0.053244829177856445
3655806,0,3652.5,0.009268628687084779,0.01920795440673828
3656923,0,2980.0,0.006891714515397052,0.008202672004699707
3661060,0,3652.5,0.023484705988786492,0.028194665908813477
3661228,0,3652.5,0.009020583659013814,0.017306506633758545
3661853,0,3652.5,0.01847132323001721,0.010793566703796387
3664003,0,3652.5,0.01698070053738432,0.014628589153289795
3666241,0,3652.5,0.007249517974560971,0.009771883487701416
3666623,0,3652.5,0.029770270679087885,0.031234562397003174
3667685,0,3652.5,0.010409326076801895,0.013039171695709229
3668998,0,3652.5,0.012056790994072641,0.01757943630218506
3669573,0,3652.5,0.08335782652990331,0.08901357650756836
3674857,0,3652.5,0.014447678010970022,0.026618659496307373
3675126,0,3652.5,0.005893478343769631,0.009499847888946533
3675483,0,3652.5,0.007251266623260144,0.009408354759216309
3676172,1,2513.0,0.026187527535991406,0.03991806507110596
3676949,0,3652.5,0.03171304931658814,0.03329342603683472
3679248,0,3652.5,0.02399396261625175,0.046308279037475586
3680039,0,3652.5,0.029976097022587522,0.07042616605758667
3684022,0,3652.5,0.01031568819839035,0.0083848237991333
3685290,1,1957.0,0.5363915855576116,0.4036276936531067
3690191,1,1610.0,0.06306529930894389,0.06575453281402588
3690752,0,3652.5,0.014692789141105389,0.018309593200683594
3692216,0,3394.0,0.029482007262860543,0.04487454891204834
3700836,0,3652.5,0.02926435686667006,0.025236308574676514
3702632,0,3652.5,0.0046964404421563355,0.0055193305015563965
3703116,0,3652.5,0.007781622855195347,0.013098418712615967
3705806,0,3652.5,0.05478336179828425,0.04812479019165039
3708392,0,3652.5,0.10237491790991227,0.0971747636795044
3712778,0,3652.5,0.004122464440963314,0.0055193305015563965
3714624,0,3652.5,0.03321266642696652,0.044877588748931885
3715310,0,3652.5,0.007587838910641964,0.008648335933685303
3716576,0,3652.5,0.29787313367491597,0.256661593914032
3717739,0,3652.5,0.09352453484685397,0.07936394214630127
3718230,0,3652.5,0.2549850728474603,0.17409831285476685
3719680,0,3652.5,0.07322700444964525,0.04243189096450806
3720080,0,3652.5,0.020909854352492374,0.057602882385253906
3722190,0,3652.5,0.004719778290905863,0.0069997310638427734
3723922,0,3652.5,0.04178264672764265,0.054742634296417236
3724331,0,3652.5,0.02043676569666797,0.022430241107940674
3724689,0,2984.0,0.03948874349668263,0.03350937366485596
3726866,0,3652.5,0.045359480877982916,0.04201805591583252
3729693,0,3652.5,0.04257515040488735,0.06477683782577515
3734010,0,3652.5,0.007667302490271033,0.013317227363586426
3735787,0,3652.5,0.006252855498887433,0.004959046840667725
3735990,0,3652.5,0.06033796714054973,0.09470492601394653
3736667,0,3652.5,0.1108664081596783,0.10469502210617065
3736668,0,3652.5,0.00622233821987328,0.005447089672088623
3737221,0,3652.5,0.0056210492954007485,0.007254242897033691
3743532,0,3652.5,0.022583651956369355,0.02014261484146118
3746898,0,3652.5,0.04938980112426872,0.06407243013381958
3748008,0,3652.5,0.15931765668028552,0.21989285945892334
3752076,0,3652.5,0.05443902262313027,0.09244745969772339
3754605,0,3652.5,0.008047695859475623,0.0050890445709228516
3757679,0,3652.5,0.01760582318732018,0.0360182523727417
3760109,0,3652.5,0.03600837510726462,0.026618659496307373
3762702,0,3076.0,0.09202303337661488,0.04486048221588135
3774690,0,3652.5,0.020283320184020903,0.030349373817443848
3775177,0,3652.5,0.016463212733364263,0.01736271381378174
3778846,0,3652.5,0.005518918249579174,0.004022836685180664
3779108,0,3652.5,0.009796513925465988,0.012116789817810059
3779141,0,3652.5,0.007592881791331663,0.007562398910522461
3779940,0,3652.5,0.04214642499181498,0.05253410339355469
3782327,0,3652.5,0.020771652326444512,0.027828991413116455
3782412,0,3652.5,0.04314125704833904,0.05848681926727295
3783341,0,3652.5,0.011231465746412761,0.010174930095672607
3791921,0,3652.5,0.03860147733432795,0.0334928035736084
3798136,0,3652.5,0.049640259549909915,0.06541168689727783
3799876,0,3652.5,0.0466129854325984,0.04234790802001953
3801878,0,3652.5,0.005558239985279045,0.005119979381561279
3802121,0,3652.5,0.09432976385453973,0.06703853607177734
3804450,0,3652.5,0.02792948831202724,0.036465346813201904
3805708,0,3652.5,0.03132773244082543,0.04784250259399414
3818739,0,3652.5,0.005249558578903746,0.009215116500854492
3819843,0,3652.5,0.004400230085682688,0.0043256282806396484
3821372,0,3652.5,0.0129913270470986,0.01415395736694336
3821817,0,3652.5,0.012474242012051162,0.013056516647338867
3822468,0,3652.5,0.026532262046119026,0.019067704677581787
3824720,0,3652.5,0.020632290923850216,0.0394134521484375
3826144,0,3652.5,0.05507301496200623,0.06282448768615723
3828008,0,3652.5,0.014417395000090982,0.02269643545150757
3830539,0,3652.5,0.015669855755969353,0.020132839679718018
3830581,0,3652.5,0.048307931383541836,0.05329686403274536
3831731,0,3652.5,0.008357322267079303,0.015315115451812744
3832590,0,3652.5,0.005111885666540084,0.006898760795593262
3836672,0,3652.5,0.02463673331363747,0.036957740783691406
3837422,0,3652.5,0.015678228453973597,0.027648627758026123
3845278,0,3652.5,0.007944678912874648,0.010487675666809082
3853780,0,3652.5,0.008305840924896168,0.008974671363830566
3857953,0,3652.5,0.030369515526108892,0.02353876829147339
3861741,0,3652.5,0.09194970377742173,0.06901001930236816
3863651,0,3652.5,0.013285314671099835,0.033341825008392334
3864483,0,3652.5,0.13427034532160265,0.15368032455444336
3865637,0,3652.5,0.009595589982165031,0.01135396957397461
3869469,0,3652.5,0.017962691348611393,0.025153934955596924
3870382,0,3652.5,0.045621345829385374,0.047760069370269775
3870666,0,3652.5,0.010395490097827809,0.019038617610931396
3887335,0,3652.5,0.07539025544016198,0.06562697887420654
3887770,0,3652.5,0.009230918730743554,0.013940155506134033
3891834,0,3652.5,0.02507835688785176,0.03478527069091797
3894860,0,3652.5,0.05652843430231247,0.06515169143676758
3898982,0,3652.5,0.008751568060501036,0.01705348491668701
3899422,0,3652.5,0.029980477125955307,0.03973764181137085
3902623,0,3652.5,0.16169772380811132,0.2648013234138489
3903166,0,3652.5,0.09083176131604132,0.1377665400505066
3904818,0,3652.5,0.036876242921067504,0.04733073711395264
3906438,0,2142.0,0.05101099075965432,0.038189470767974854
3909913,1,3184.0,0.15463833170279861,0.13019788265228271
3911890,0,3652.5,0.01519573785443229,0.025069713592529297
3912629,0,3652.5,0.011555025770691785,0.013158440589904785
3912804,0,2148.0,0.04879597908098021,0.034870266914367676
3914417,0,3652.5,0.006267627129068365,0.010767698287963867
3915156,0,3652.5,0.027574812550007377,0.04586511850357056
3915335,0,3652.5,0.010315433564091037,0.013977885246276855
3917043,0,3652.5,0.004045069542399138,0.00524294376373291
3920146,0,3652.5,0.003636045320439818,0.004881858825683594
3921866,0,3652.5,0.12920584780604893,0.14908641576766968
3922579,0,3652.5,0.00430199904145856,0.012313127517700195
3923558,0,3652.5,0.038462063114052314,0.06309068202972412
3924491,0,3652.5,0.20264141671860025,0.2576063871383667
3926494,0,3652.5,0.014567991424018656,0.012709438800811768
3927320,0,3652.5,0.0075993450215968705,0.004984080791473389
3928637,0,3652.5,0.007341246325577644,0.009508967399597168
3929019,1,3147.0,0.03771741841070553,0.038967669010162354
3931135,0,2807.0,0.0055804929765601585,0.0043256282806396484
3934307,0,3652.5,0.010243998310082936,0.017269790172576904
3935016,1,3349.0,0.016138377564917983,0.02691859006881714
3936843,0,3652.5,0.01678404897736341,0.011126518249511719
3937313,0,3652.5,0.008704928418278635,0.022240877151489258
3938909,0,3652.5,0.039568331447141,0.03581517934799194
3939972,0,3652.5,0.028758017953205317,0.0384526252746582
3941653,0,3652.5,0.018493544038224674,0.025290727615356445
3949730,0,3652.5,0.0025404647947518955,0.0040288567543029785
3951811,0,3652.5,0.007543018024339876,0.008255839347839355
3951891,0,3652.5,0.008761511700019375,0.008077919483184814
3955061,0,3652.5,0.029901916150407826,0.027999401092529297
3956205,0,3652.5,0.022785644345584943,0.02189326286315918
3957201,0,3652.5,0.011931143147360213,0.011691033840179443
3959405,0,3652.5,0.04390331776346268,0.0783880352973938
3962041,0,3652.5,0.00794860985122714,0.005695164203643799
3964440,0,3652.5,0.0060708723854070445,0.0043256282806396484
3964974,0,3652.5,0.014243790057671624,0.010893464088439941
3965320,0,3652.5,0.020491113347997136,0.03497278690338135
3966576,0,3652.5,0.009257228292058661,0.030180156230926514
3967604,0,3652.5,0.008611685260306201,0.012172341346740723
3972408,0,3652.5,0.10547927653833877,0.10310930013656616
3973716,0,3652.5,0.040070727089500546,0.03329342603683472
3974608,0,3652.5,0.012999586061828272,0.019401252269744873
3986720,0,3652.5,0.005519578266788616,0.0033069849014282227
3989159,0,3652.5,0.1956111959130007,0.15655988454818726
3990510,0,3652.5,0.01139284938505536,0.007501482963562012
3993149,0,3652.5,0.03389753014095098,0.023183703422546387
3995696,0,564.0,0.18860079661920626,0.12863147258758545
3997297,0,3652.5,0.012963624265091345,0.016811072826385498
3997381,0,858.0,0.17962263326955552,0.10803806781768799
4011194,0,3652.5,0.006744836076902017,0.011307239532470703
4011358,0,3652.5,0.009937181158459207,0.008648335933685303
4016795,0,3652.5,0.031570539688267285,0.056342482566833496
4020285,0,3652.5,0.007228327729754347,0.008599996566772461
4021838,0,3652.5,0.024448455226252164,0.02919870615005493
4022564,0,3652.5,0.01117422015603875,0.011383235454559326
4023490,1,2871.0,0.23252196998480135,0.1927725076675415
4028230,0,3652.5,0.05851442059712231,0.04702979326248169
4030476,0,3652.5,0.0838519910405322,0.10167306661605835
4030829,0,3652.5,0.012421446371237654,0.013736605644226074
4031144,0,3652.5,0.007778803100388254,0.004434347152709961
4036587,0,3652.5,0.0091582276703156,0.014695823192596436
4036688,0,3652.5,0.022710495524026708,0.033119797706604004
4037605,0,3652.5,0.03754945150204425,0.051734864711761475
4042561,0,3652.5,0.005774781316529531,0.0064566731452941895
4043077,0,3652.5,0.02541028055449357,0.036625802516937256
4045447,0,3652.5,0.00994934594254726,0.011808991432189941
4048453,0,3652.5,0.022458044663928534,0.012615978717803955
4049648,0,3652.5,0.10111188545627958,0.09243041276931763
4050222,0,3652.5,0.00928207365008804,0.01595747470855713
4050980,0,3652.5,0.023023111398799534,0.05939406156539917
4053572,0,2864.0,0.052510602544442175,0.06912833452224731
4056622,0,3652.5,0.08087978540241736,0.06609845161437988
4064681,0,3652.5,0.009031756501087451,0.010290741920471191
4067413,0,3652.5,0.010399098466369328,0.01863032579421997
4069398,0,3652.5,0.09594264881893233,0.14037060737609863
4070258,0,3652.5,0.053055440063060844,0.05465012788772583
4071734,0,3652.5,0.01347533753126573,0.013034045696258545
4071812,0,3652.5,0.037719222106954886,0.020018398761749268
4072924,0,3652.5,0.1274010960791877,0.15937715768814087
4075946,0,3652.5,0.0054689152524504125,0.00524294376373291
4076088,0,3652.5,0.004388389902866496,0.0076601505279541016
4078403,0,3652.5,0.029100757927308374,0.02139824628829956
4090970,0,3652.5,0.008295542027969005,0.01405942440032959
4093618,0,3652.5,0.008887889882919109,0.005307316780090332
4095305,0,3652.5,0.014099243151792784,0.02065718173980713
4095796,0,3652.5,0.19528333892798988,0.16036605834960938
4096879,0,2620.0,0.17269230935828483,0.1911655068397522
4097123,0,3652.5,0.03689876243318624,0.04106694459915161
4098360,0,3652.5,0.012496059521611702,0.018361389636993408
4105299,0,2983.0,0.009177156922508645,0.016650915145874023
4110027,0,3652.5,0.03276545893612981,0.033046185970306396
4111268,0,3652.5,0.13009068192304885,0.12262189388275146
4111412,0,3652.5,0.03374033053712577,0.035286903381347656
4111556,0,3652.5,0.013158842883762234,0.036625802516937256
4112480,0,3652.5,0.022943906741119013,0.025107145309448242
4113523,0,3652.5,0.014322194247401443,0.03395634889602661
4115868,0,3652.5,0.020850778971557626,0.02730506658554077
4116242,0,3518.0,0.06498144422392094,0.09882020950317383
4120354,0,3652.5,0.24279344783997803,0.1682758927345276
4120894,0,3652.5,0.08102984444613082,0.06772464513778687
4128101,0,3652.5,0.017978589537294254,0.022090673446655273
4129775,0,3652.5,0.003901577197166106,0.0057830810546875
4139258,0,3652.5,0.035266466233166205,0.05571681261062622
4143046,0,3652.5,0.00819274410817905,0.005089700222015381
4143276,0,3652.5,0.0057389033793512345,0.007178246974945068
4146844,0,2674.0,0.08614325137187939,0.05806457996368408
4149670,0,3652.5,0.012435581239628846,0.016618430614471436
4151300,0,3652.5,0.010072128051712537,0.015049755573272705
4153008,0,3652.5,0.05046374975972001,0.043378472328186035
4153413,0,1692.0,0.09818469310204525,0.10312962532043457
4154847,0,3652.5,0.0274293610157742,0.03043234348297119
4162270,0,3652.5,0.014807997972693387,0.022364497184753418
4162382,0,3652.5,0.012479068728325604,0.029947221279144287
4163779,0,3652.5,0.029153749594648115,0.023655712604522705
4172956,0,3652.5,0.022997720099221075,0.04152196645736694
4174113,0,3652.5,0.012883858111076063,0.01990276575088501
4179881,0,3652.5,0.14613646470754016,0.16738951206207275
4184110,0,3652.5,0.13286166065452543,0.11743855476379395
4184920,0,3652.5,0.05165271039547925,0.036915481090545654
4187058,0,3652.5,0.06710686814686395,0.059518635272979736
4188256,0,3652.5,0.038955439592765484,0.03801244497299194
4189704,0,3652.5,0.07907808126717986,0.10136479139328003
4190525,0,544.0,0.032310801153144664,0.055145263671875
4205603,0,3652.5,0.007950471294412953,0.006109297275543213
4207535,0,3652.5,0.062001061447670036,0.05968344211578369
4213357,0,3652.5,0.06400941863127951,0.07708114385604858
4213861,0,3652.5,0.027492509047879254,0.02730858325958252
4223351,0,3652.5,0.030010861050474014,0.030161678791046143
4224625,0,3652.5,0.022204096007983676,0.03674018383026123
4224953,0,3652.5,0.030417958803093836,0.05939406156539917
4225826,0,3652.5,0.019280493941521315,0.018676578998565674
4226270,0,1939.0,0.07675716390660547,0.11686050891876221
4227684,0,3652.5,0.007789789949633197,0.01181340217590332
4230720,0,3652.5,0.004064693286962129,0.003888428211212158
4231546,0,3652.5,0.09039938703164985,0.08143061399459839
4231611,0,3652.5,0.01563200358392025,0.03249388933181763
4232834,0,3652.5,0.07493892159994842,0.04805487394332886
4233250,1,1517.0,0.05233385126406198,0.07366102933883667
4235141,0,3652.5,0.25796400794423446,0.2681589722633362
4236308,0,3652.5,0.04031401321371175,0.043328940868377686
4236385,0,3652.5,0.005810959537232097,0.009050428867340088
4240411,0,3652.5,0.1036365237961746,0.1860189437866211
4245035,0,2243.0,0.03613336863795036,0.05939406156539917
4245917,0,3652.5,0.03926516165513394,0.014795243740081787
4246560,0,3652.5,0.08726314159294024,0.0728229284286499
4247627,0,3652.5,0.007666187753884057,0.008668124675750732
4247802,0,1023.0,0.01563877190254337,0.014525651931762695
4252539,0,3455.0,0.026085821579340696,0.02586585283279419
4254053,0,3652.5,0.07881034521257813,0.0830342173576355
4255035,0,3652.5,0.07682777093585058,0.0625343918800354
4259702,0,3652.5,0.056696595428581964,0.04001152515411377
4262008,0,3652.5,0.014097889632189275,0.024794399738311768
4262287,0,3652.5,0.0040669811924379795,0.005577027797698975
4266491,0,3652.5,0.023615084992899993,0.02679145336151123
4277241,0,3652.5,0.0537015733005195,0.05067259073257446
4279160,0,3652.5,0.007320960197770177,0.009315907955169678
4284247,0,3652.5,0.01106622859200268,0.008020520210266113
4286615,0,3652.5,0.010801063689056978,0.0098685622215271
4288274,0,3652.5,0.043323465748252854,0.042296767234802246
4288812,0,3652.5,0.010790848496880168,0.010465919971466064
4293479,0,3652.5,0.009594302358669982,0.026667535305023193
4296130,0,3652.5,0.005426172872387003,0.005909442901611328
4296725,0,3652.5,0.026648109460134295,0.025127887725830078
4298005,0,3652.5,0.04239667750913945,0.04278445243835449
4298356,0,3652.5,0.11075436548610329,0.08101052045822144
4299364,0,3652.5,0.0158026196846498,0.012875735759735107
4301364,0,3652.5,0.013721667117442382,0.023453950881958008
4303566,0,3652.5,0.017135259120105384,0.025299251079559326
4304510,0,2587.0,0.19837497546834648,0.14507073163986206
4306232,0,3652.5,0.0467072740414044,0.05253410339355469
4306872,0,3652.5,0.022980142762832556,0.02982008457183838
4307224,0,3652.5,0.08362945795169485,0.12649613618850708
4307282,0,3652.5,0.02561510008531409,0.02035611867904663
4307528,0,3652.5,0.046640594367561294,0.044434964656829834
4316255,0,3652.5,0.007343853701813119,0.00932401418685913
4318841,0,3652.5,0.08040995375678939,0.04343444108963013
4320224,0,3652.5,0.020074021924642915,0.03576624393463135
4320378,0,2400.0,0.00818064966949772,0.008958101272583008
4321230,0,3652.5,0.006602275190834006,0.02313101291656494
4327409,0,3652.5,0.007999950963983538,0.00814974308013916
4333426,0,3652.5,0.10051468651554873,0.06904268264770508
4334048,0,3652.5,0.15854184860712095,0.09359729290008545
4339221,0,3652.5,0.11280173102279156,0.07274043560028076
4339755,0,3652.5,0.09749589735831532,0.10835522413253784
4343801,0,3652.5,0.045462320377811505,0.03669983148574829
4346804,0,3652.5,0.0639455705408768,0.051437199115753174
4354671,0,3652.5,0.00269325700984524,0.003888428211212158
4357069,0,3652.5,0.05255177653174281,0.046764373779296875
4357412,0,3652.5,0.03599045182561622,0.05246776342391968
4360095,0,3652.5,0.016487456192700645,0.02408045530319214
4363186,0,3652.5,0.027006201316033596,0.03371548652648926
4363615,0,3652.5,0.009837658413973438,0.010357677936553955
4364213,0,3652.5,0.0038887190599794508,0.004022836685180664
4365105,0,3652.5,0.050954612829205326,0.04001152515411377
4369097,0,3652.5,0.01362670258857479,0.01662236452102661
4370066,0,3652.5,0.04997757401588687,0.04429978132247925
4377162,0,3652.5,0.010566657688590109,0.012119591236114502
4377599,0,3652.5,0.018239432072621242,0.01893770694732666
4378177,0,3652.5,0.005254842999866671,0.005757391452789307
4380835,0,3652.5,0.07780159606736514,0.0674586296081543
4381358,0,3652.5,0.04524191019890145,0.03962749242782593
4383160,0,1455.0,0.0052236385782334915,0.005711793899536133
4384861,0,3652.5,0.008184792343647329,0.005789041519165039
4384880,0,3652.5,0.010480918315884713,0.021650373935699463
4391347,0,2784.0,0.38541426405674695,0.3199041485786438
4392414,0,3652.5,0.011596443270339707,0.02017819881439209
4394296,0,3652.5,0.0375424810860594,0.06914681196212769
4396634,0,3652.5,0.009648524935671365,0.02325427532196045
4399052,0,3652.5,0.0067642202898411385,0.006740093231201172
4401567,0,3652.5,0.0026180973175350397,0.0060530900955200195
4402757,0,3652.5,0.039472939992697076,0.0390017032623291
4405157,0,3652.5,0.054745370822528505,0.08257395029067993
4407886,0,3652.5,0.06146604301691305,0.059518635272979736
4409179,0,3652.5,0.005619179962639498,0.008701145648956299
4414102,0,2752.0,0.19387743852430472,0.2068411111831665
4415531,0,3652.5,0.023672498458255364,0.037222445011138916
4420625,0,3652.5,0.010262965490032139,0.012942314147949219
4420822,0,3652.5,0.08276704043139704,0.10887891054153442
4429889,0,3652.5,0.013435180180127904,0.02879786491394043
4431198,0,3652.5,0.0338153355882751,0.028433561325073242
4435623,0,3652.5,0.010407700695759026,0.017433881759643555
4439583,0,3652.5,0.11713619656097018,0.16839206218719482
4441180,0,3652.5,0.01793117677456335,0.04202902317047119
4442202,0,3652.5,0.04790070739980534,0.030239462852478027
4443766,0,3652.5,0.14595222916713846,0.057049453258514404
4445103,0,3652.5,0.01605658569884616,0.036625802516937256
4446366,0,3652.5,0.005519337681687331,0.007218301296234131
4452358,0,3652.5,0.01687488941817905,0.022905051708221436
4452956,0,3652.5,0.07738561813490064,0.13434213399887085
4457977,0,3652.5,0.005444781000196297,0.009661495685577393
4457990,0,3652.5,0.06238179016264722,0.06104123592376709
4462826,0,3652.5,0.032475589793083404,0.044590115547180176
4463058,0,3652.5,0.00847490773327475,0.020811021327972412
4463835,0,3652.5,0.11147995870168692,0.0948491096496582
4470339,0,3652.5,0.004916419367725577,0.004051923751831055
4476580,0,3652.5,0.0400013342580221,0.027018368244171143
4478596,0,3652.5,0.006471516571225799,0.009265482425689697
4479043,0,2960.0,0.010292782634313768,0.007285714149475098
4484959,0,3652.5,0.00582404839672146,0.0065860748291015625
4486142,0,3652.5,0.029726875673434572,0.0519791841506958
4491085,0,3652.5,0.052656878134401786,0.06474089622497559
4492074,0,3652.5,0.022575366805423047,0.016114354133605957
4493862,0,3652.5,0.02735785156200754,0.04363358020782471
4493930,0,3652.5,0.10825414668752631,0.13606709241867065
4494395,0,3652.5,0.0651649121256076,0.10856276750564575
4496827,0,3652.5,0.029261231655668296,0.02118784189224243
4497258,0,3652.5,0.07621262264900219,0.10517239570617676
4497896,0,3652.5,0.012637275165528594,0.0278775691986084
4498453,0,3652.5,0.03411245097352833,0.0455394983291626
4498621,1,2988.0,0.02500218737008253,0.03809863328933716
4499038,0,3652.5,0.006796569690242782,0.0085182785987854
4502588,0,3652.5,0.06450617857086727,0.09723609685897827
4506663,0,3652.5,0.01783139307976478,0.028243064880371094
4509374,0,3652.5,0.016787277059869377,0.02767789363861084
4511124,0,3652.5,0.012473309831904977,0.02052474021911621
4517908,0,3652.5,0.015515863905058658,0.019226372241973877
4520369,0,3652.5,0.039283750270433626,0.06742656230926514
4521105,0,3652.5,0.028948848301123542,0.0394134521484375
4525620,0,3652.5,0.019537537117720327,0.02306145429611206
4532027,0,3652.5,0.04056972817113891,0.03207981586456299
4535013,0,3652.5,0.01044404028116197,0.019146978855133057
4539022,0,3652.5,0.06102248001591948,0.06080448627471924
4541424,0,3652.5,0.005809307385888474,0.005993902683258057
4545373,0,3652.5,0.021613868675871672,0.03800463676452637
4545858,0,3652.5,0.01476910752902827,0.019471585750579834
4546560,0,3652.5,0.09753708410264583,0.09485894441604614
4549886,0,3652.5,0.022015948427066556,0.0374336838722229
4551182,0,3652.5,0.008008135542588946,0.006700992584228516
4556761,0,3652.5,0.03923720241951245,0.05501002073287964
4561518,0,3652.5,0.027306631122283487,0.0519256591796875
4564150,0,3652.5,0.006037306197963055,0.009835243225097656
4576029,0,3652.5,0.0687753058698598,0.047093749046325684
4580277,0,3652.5,0.011305809813769496,0.02144986391067505
4581817,0,3652.5,0.09794660228813701,0.0979776382446289
4585070,0,3652.5,0.07714280079407543,0.05873316526412964
4587327,0,3652.5,0.013383287575911562,0.02007085084915161
4587561,0,3652.5,0.0205233020935236,0.0394134521484375
4589973,0,3652.5,0.004532000905815292,0.010691642761230469
4590015,1,2188.0,0.12129749445966598,0.09455573558807373
4591876,0,3652.5,0.025212249998532665,0.019726872444152832
4595612,0,3652.5,0.011326341430671683,0.0145530104637146
4596481,0,3652.5,0.004814497972498,0.006424844264984131
4598082,0,3652.5,0.05051394796400166,0.04865920543670654
4598596,0,3652.5,0.04441157354918068,0.03974193334579468
4605695,0,3652.5,0.0046914495631135145,0.00527644157409668
4606746,0,3652.5,0.007087275424496053,0.010100722312927246
4608461,0,3652.5,0.03707001960621559,0.028369367122650146
4609834,0,3652.5,0.00941875893229005,0.008202672004699707
4614081,0,3652.5,0.05309363199926709,0.051535606384277344
4614980,0,3652.5,0.059146280508258875,0.046757519245147705
4625985,0,3652.5,0.004825545931550934,0.010454237461090088
4626360,0,3652.5,0.006374219456387276,0.011072337627410889
4628740,0,3652.5,0.2037463436839264,0.12713676691055298
4629691,0,3652.5,0.06895974193160204,0.05846887826919556
4633815,0,3348.0,0.010464934927323144,0.014457464218139648
4635000,0,3652.5,0.05495818639150507,0.06439095735549927
4640577,0,3652.5,0.01260653869970041,0.01396244764328003
4644317,0,3652.5,0.024002866842300574,0.028541207313537598
4644538,0,3652.5,0.07431861204607004,0.04068422317504883
4645186,0,3652.5,0.09687269960191913,0.11578744649887085
4646606,1,1927.0,0.19993763142888699,0.12292444705963135
4648740,1,46.0,0.3996894678531985,0.2486652135848999
4648941,0,3652.5,0.0706654179876891,0.038644254207611084
4650205,0,3652.5,0.010878107727532615,0.014196515083312988
4655215,0,3652.5,0.015291513268120394,0.01605045795440674
4655704,0,3652.5,0.13002887664056695,0.06519180536270142
4658808,0,3652.5,0.014624825957600396,0.02269643545150757
4659800,0,3652.5,0.02977562601952244,0.03581392765045166
4663454,0,3652.5,0.004102201578220388,0.003780961036682129
4666149,0,3652.5,0.04638097815722475,0.04640835523605347
4668039,0,3652.5,0.08216763908462765,0.106728196144104
4668307,0,3652.5,0.05000397862752182,0.04487454891204834
4669258,0,1197.0,0.013317926420513548,0.01880931854248047
4670170,0,3652.5,0.06661532403334736,0.03784036636352539
4670990,0,3652.5,0.010398793294904563,0.008773386478424072
4672652,0,3652.5,0.4098757883846712,0.12969255447387695
4673620,0,3652.5,0.00877785381833529,0.00979006290435791
4673776,0,3652.5,0.055627765085797365,0.045836031436920166
4678379,0,3652.5,0.005609589457429065,0.008313775062561035
4686316,0,3652.5,0.010878393750571758,0.026449978351593018
4686506,0,3652.5,0.12606415392909132,0.06927913427352905
4689213,0,3652.5,0.012888897933354126,0.013482332229614258
4690719,0,3652.5,0.005812327565493325,0.017265915870666504
4690988,0,1587.0,0.00401549189776329,0.008488237857818604
4691746,0,3652.5,0.05198724566515678,0.129247784614563
4694049,0,3652.5,0.00837856913150925,0.007487654685974121
4695319,0,3652.5,0.010916891365735593,0.006384670734405518
4695512,0,3652.5,0.053634380656779945,0.05356389284133911
4696239,0,3652.5,0.02218992025974309,0.05037856101989746
4696586,0,3652.5,0.04803798512724822,0.10410487651824951
4698691,0,3652.5,0.007076898595307024,0.011072337627410889
4700026,0,3652.5,0.017478240837948245,0.03656083345413208
4700712,0,3652.5,0.0704193461046444,0.07093459367752075
4701970,0,430.0,0.6000440843033468,0.3218512535095215
4702754,0,3652.5,0.14341275714243273,0.1446632742881775
4705273,0,3652.5,0.016037860460078934,0.025814831256866455
4708032,0,3652.5,0.010788420338692761,0.01333385705947876
4708176,0,3652.5,0.027054695452205957,0.02428436279296875
4708685,0,3652.5,0.014282461247929534,0.04007083177566528
4710366,0,3652.5,0.1047735080495874,0.08815014362335205
4715405,0,3652.5,0.01016954382164792,0.01937204599380493
4716136,0,3652.5,0.006798347616547629,0.0055422186851501465
4716790,0,3652.5,0.039436709848684304,0.02785170078277588
4721434,1,2582.0,0.023527478986102857,0.024577796459197998
4722874,0,3652.5,0.06565318183242552,0.062907874584198
4724745,0,3652.5,0.02312860969280439,0.01764589548110962
4728926,0,3652.5,0.05023463264182004,0.05220353603363037
4729201,0,3652.5,0.00840099576828357,0.008792340755462646
4730922,0,3652.5,0.014025788682339613,0.01637941598892212
4731227,0,3652.5,0.02188758712203176,0.028189539909362793
4735795,0,3652.5,0.05658852315618834,0.04307502508163452
4736616,0,537.0,0.03837508654661326,0.027828991413116455
4737326,0,3652.5,0.019555338007305134,0.026945412158966064
4737384,0,3652.5,0.0043087863623161304,0.0064566731452941895
4738637,0,3652.5,0.027800923028898805,0.043328940868377686
4742156,0,3652.5,0.026541989899641405,0.0390019416809082
4742180,0,3652.5,0.19229373146960005,0.12358987331390381
4743724,0,3652.5,0.024949293976112452,0.022105276584625244
4743752,0,3652.5,0.002801150467103386,0.0064566731452941895
4744300,0,3652.5,0.020886420523261617,0.02760779857635498
4747702,0,3652.5,0.010246107479714772,0.01513606309890747
4748911,0,3652.5,0.02033165074642096,0.030379891395568848
4751304,0,3652.5,0.0515439069797724,0.022381365299224854
4754304,0,3652.5,0.003703174738367787,0.0061334967613220215
4754609,0,3652.5,0.04868130330670961,0.05329006910324097
4755458,0,3652.5,0.03357800764397523,0.03494817018508911
4755469,0,3652.5,0.005249896078335925,0.00887000560760498
4757073,1,2563.0,0.14293462287054925,0.11678797006607056
4761347,0,3652.5,0.10559312168483215,0.14225643873214722
4762162,0,3652.5,0.016155655455963314,0.015409886837005615
4762694,0,3652.5,0.00718066378404314,0.012590765953063965
4763632,0,3652.5,0.054058696675770124,0.04309344291687012
4764394,0,3652.5,0.025477540932895892,0.027497053146362305
4765475,0,3652.5,0.010742717676044289,0.012659966945648193
4774114,0,3652.5,0.003467563877126212,0.00746607780456543
4777541,0,3652.5,0.0061569880643713715,0.014387369155883789
4784478,0,3652.5,0.06975074552061589,0.08167082071304321
4799367,0,3652.5,0.004712028008413416,0.0069113969802856445
4799576,0,3652.5,0.023895712743941533,0.02072739601135254
4801885,0,3652.5,0.024611672343247792,0.02851623296737671
4807319,0,3652.5,0.008292957489363983,0.005728483200073242
4809858,0,3652.5,0.018033180535242388,0.023683547973632812
4810315,0,3652.5,0.10461340415058318,0.12997299432754517
4812708,0,3652.5,0.06969387282833006,0.08603596687316895
4812868,0,3652.5,0.06822968063319712,0.07676535844802856
4818639,0,3652.5,0.02533841384814106,0.01635366678237915
4819521,0,3652.5,0.01855239590086133,0.021583616733551025
4821352,0,3652.5,0.09826342006088262,0.1257917881011963
4821438,0,3652.5,0.0678921751306304,0.06475400924682617
4825868,0,3219.0,0.014631498834442924,0.016440987586975098
4828188,0,3652.5,0.019187555333231576,0.014577150344848633
4834820,0,3652.5,0.09573521057142031,0.09604853391647339
4836599,0,3652.5,0.06543585146760145,0.04841810464859009
4837467,0,3652.5,0.03115522855223618,0.06141012907028198
4837732,0,3065.0,0.009172447668388872,0.009059011936187744
4840960,0,3652.5,0.03225157518101218,0.043328940868377686
4842843,0,3652.5,0.005785215664264709,0.009373188018798828
4845268,0,3652.5,0.01582464213189838,0.01955646276473999
4846958,0,3652.5,0.0917750486142217,0.08538532257080078
4847815,0,3652.5,0.008160437127948228,0.011105775833129883
4851561,0,3652.5,0.07556244805108603,0.04820305109024048
4852530,0,3652.5,0.006043237514811728,0.010767698287963867
4858901,0,3652.5,0.06723841377770812,0.04097485542297363
4860556,0,3652.5,0.01634365085043521,0.02975708246231079
4863755,0,3652.5,0.010883137340317761,0.01833122968673706
4865627,1,1781.0,0.16950896342611654,0.11252433061599731
4866999,0,3652.5,0.034702020544850276,0.05253410339355469
4873561,0,3652.5,0.11183236543166208,0.10082763433456421
4875311,0,3652.5,0.010436591506851722,0.013266921043395996
4875482,0,3652.5,0.03537697095245185,0.04170864820480347
4877321,0,3652.5,0.008688557421343335,0.016287922859191895
4877838,0,3652.5,0.014397063312408198,0.01983177661895752
4883842,0,3652.5,0.060158393439240676,0.041506290435791016
4886077,1,756.0,0.0759296950414865,0.09470492601394653
4887048,0,754.0,0.12877975273902698,0.178350031375885
4894423,0,3652.5,0.07317701813068056,0.05636441707611084
4895823,0,3652.5,0.004563619509646233,0.004713177680969238
4899712,1,1099.0,0.5387613969189863,0.3006168603897095
4899980,0,3652.5,0.008642300930679414,0.005653798580169678
4902377,0,3652.5,0.43065673797063986,0.48885518312454224
4904220,0,3652.5,0.00396175164255963,0.007254242897033691
4918468,0,3652.5,0.07973005034651492,0.09226399660110474
4926102,0,3652.5,0.004001089308734551,0.003980159759521484
4928532,0,3652.5,0.122854283065573,0.13019788265228271
4936743,0,3652.5,0.003209433191899813,0.006857156753540039
4937208,0,2759.0,0.021066583875351652,0.030081570148468018
4938493,0,3652.5,0.01322179826651404,0.019666671752929688
4944057,0,3652.5,0.003969314342818997,0.005119979381561279
4944898,0,3652.5,0.004024603628658974,0.009805858135223389
4947703,0,3652.5,0.006460822885847817,0.006322085857391357
4949518,0,3652.5,0.06202731508303072,0.0912671685218811
4952668,0,3652.5,0.015272655082926634,0.013209283351898193
4961283,0,2478.0,0.08129418636118246,0.049517691135406494
4964351,0,3652.5,0.09051511253705047,0.06859159469604492
4964840,0,3652.5,0.01484434589091288,0.021252751350402832
4966325,0,3652.5,0.008864783839120705,0.007254242897033691
4968579,0,3652.5,0.033177658729503845,0.043081045150756836
4968580,0,3251.0,0.040950697449118056,0.08067876100540161
4969600,0,3652.5,0.04918642438677323,0.04808539152145386
4971659,0,3652.5,0.027477146226259297,0.026981770992279053
4972205,0,1454.0,0.09450352568018705,0.11527460813522339
4973491,0,3652.5,0.07192762891378057,0.0676998496055603
4977056,0,3652.5,0.008269245534091252,0.0049408674240112305
4978689,0,3652.5,0.0646449119435678,0.031942903995513916
4979657,0,3652.5,0.01394479088050471,0.023463070392608643
4987008,0,3652.5,0.062366555785888234,0.10167306661605835
4990326,0,3652.5,0.04524532687435079,0.04233241081237793
4990480,0,3652.5,0.0076688900888390865,0.013433575630187988
4992882,0,3652.5,0.005432746401920596,0.0043776631355285645
4995687,0,3652.5,0.01707502267358252,0.039755046367645264
5000165,0,3652.5,0.08360410234640425,0.07936394214630127
5003088,0,788.0,0.09804974203778594,0.16738951206207275
5003882,0,3652.5,0.0327947997877458,0.07239317893981934
5005051,0,3652.5,0.049352019755843246,0.04079174995422363
5006008,0,3652.5,0.03895110632073551,0.0697183609008789
5008395,0,3652.5,0.07191993255092721,0.11020827293395996
5010245,0,3652.5,0.019490412607898966,0.02690434455871582
5013298,0,2046.0,0.03250553982600202,0.027258336544036865
5017886,0,3652.5,0.14237569174326103,0.11182183027267456
5023667,0,3652.5,0.10902716818381875,0.14482450485229492
5023860,0,3652.5,0.021144894875589237,0.06028604507446289
5026573,0,3652.5,0.007516114973868726,0.003798365592956543
5027296,0,3601.0,0.054407158918250986,0.05367708206176758
5032031,0,331.0,0.01132984947526583,0.009627223014831543
5035357,0,3652.5,0.037963242343600934,0.04840087890625
5036659,0,3652.5,0.005630332112965375,0.015654385089874268
5036905,0,3652.5,0.023581289983469422,0.03138554096221924
5041608,0,3652.5,0.012749734417240366,0.009784460067749023
5047061,0,3652.5,0.03743928614224623,0.03638654947280884
5049730,0,3652.5,0.013839200198402568,0.01728951930999756
5050572,0,3652.5,0.05563142925568865,0.060118019580841064
5054096,0,3652.5,0.11146491169036132,0.11692029237747192
5054621,0,3652.5,0.01935119957898701,0.027275443077087402
5057178,0,3652.5,0.014919272420108598,0.017433881759643555
5059296,0,3652.5,0.016332275917069317,0.028520405292510986
5059363,0,3652.5,0.005837086302655559,0.009083747863769531
5061930,0,3652.5,0.042451750191171644,0.048611223697662354
5067935,0,3652.5,0.02025293641278958,0.02067720890045166
5069437,0,3652.5,0.009595675874722098,0.0059836506843566895
5074257,0,3652.5,0.017061919628021394,0.019406676292419434
5075293,0,3652.5,0.014478696213811149,0.012405097484588623
5075903,1,2207.0,0.01936085708947677,0.01606351137161255
5078483,0,3652.5,0.007151328508620658,0.005008816719055176
5078904,0,3652.5,0.04098726085454152,0.05253410339355469
5080235,0,3652.5,0.05013098383573211,0.05147427320480347
5081457,0,3652.5,0.008234168612265558,0.007943153381347656
5088581,0,3652.5,0.01855070613786214,0.023400485515594482
5091237,0,3652.5,0.03212439023030256,0.029582977294921875
5092337,0,3652.5,0.3824114153137633,0.0841054916381836
5097047,0,3652.5,0.016769583522816323,0.04025232791900635
5101325,0,3652.5,0.01052281027777957,0.020811021327972412
5105227,0,3652.5,0.039810051547662595,0.028359174728393555
5110592,0,3652.5,0.022330555970577648,0.028734326362609863
5110937,0,3652.5,0.021275126251384613,0.021152198314666748
5111687,0,3652.5,0.006608818968308561,0.008266985416412354
5112172,0,3652.5,0.039424158042973834,0.05730205774307251
5113511,0,3652.5,0.2503124397190972,0.14351505041122437
5116139,0,3652.5,0.012479665321532996,0.020416855812072754
5117046,0,3652.5,0.005317416913314443,0.011072337627410889
5118806,0,3652.5,0.0223558680715068,0.014529407024383545
5123092,0,3652.5,0.07232101628288945,0.11228930950164795
5124704,0,3652.5,0.0990223307446747,0.12355035543441772
5126804,0,3652.5,0.006796804379405219,0.011670529842376709
5127790,0,385.0,0.007508172706020444,0.023625195026397705
5128590,0,3652.5,0.007276344849367566,0.0099143385887146
5128649,0,3652.5,0.09780450799360785,0.0511476993560791
5131905,0,3652.5,0.04921022045670387,0.05275219678878784
5132196,1,2603.0,0.024256436159705186,0.027561962604522705
5139312,0,3652.5,0.06777066533074816,0.05194169282913208
5141881,0,3652.5,0.06710149202263171,0.10410487651824951
5142177,0,3652.5,0.011681346310561946,0.029496967792510986
5146930,0,3652.5,0.009373284269178939,0.005757391452789307
5146932,0,3652.5,0.03762710277452064,0.0750579833984375
5149091,0,3489.0,0.22131863054272616,0.4049466848373413
5151585,0,3652.5,0.02861998261214338,0.05068999528884888
5156373,0,3652.5,0.060414353596296766,0.0809679627418518
5156634,0,3652.5,0.03363299558406252,0.04319268465042114
5156662,0,3652.5,0.014466421666681994,0.03733527660369873
5159504,0,3652.5,0.042992995983811566,0.04733073711395264
5162318,0,3652.5,0.02687891233691775,0.031136631965637207
5163592,0,3652.5,0.1329633082160272,0.06975311040878296
5163790,0,3652.5,0.06933229930623996,0.06338536739349365
5164471,0,3652.5,0.01670970631429014,0.020727038383483887
5166834,0,2488.0,0.1598897710971673,0.1038661003112793
5166838,0,3652.5,0.03352800579895099,0.038427650928497314
5169197,0,3652.5,0.08287553262162917,0.06769430637359619
5173935,0,3652.5,0.014426062364153114,0.01990276575088501
5175217,0,3652.5,0.038420224189256724,0.03160512447357178
5175558,0,3652.5,0.004342849692353323,0.004949986934661865
5175566,0,3652.5,0.009081897216654533,0.013894379138946533
5176465,0,3652.5,0.2272945478575893,0.14802664518356323
5176881,0,3652.5,0.07339039292503313,0.1037631630897522
5178346,0,3652.5,0.15943005165579727,0.1457616686820984
5179879,0,3652.5,0.0037516205936202196,0.0077422261238098145
5180955,0,3652.5,0.007770740327121106,0.005668938159942627
5184322,0,2021.0,0.0058660818395744885,0.005286574363708496
5185633,0,3652.5,0.013245416110318375,0.02837836742401123
5191102,0,3652.5,0.04165874852479079,0.052460432052612305
5191471,0,3652.5,0.043366882085291714,0.03727191686630249
5194020,0,3652.5,0.12978350466741506,0.07502537965774536
5198221,0,3652.5,0.10329896662514504,0.09289956092834473
5199104,0,2453.0,0.09761143259782745,0.11429321765899658
5203484,0,3652.5,0.04472836723677853,0.06103837490081787
5205583,0,3652.5,0.01941757503285202,0.02739417552947998
5216383,0,3652.5,0.05692127917208578,0.07366102933883667
5220773,0,3652.5,0.008816624262157124,0.01217031478881836
5226646,0,3652.5,0.03766107535118601,0.04733073711395264
5228818,0,3652.5,0.1148352346430076,0.08142650127410889
5229179,0,3652.5,0.0779437696956814,0.03216475248336792
5230709,0,3652.5,0.006710896383426146,0.004392385482788086
5231784,0,1456.0,0.005550760554255518,0.003895580768585205
5232877,0,3652.5,0.04034081079022778,0.024714350700378418
5236232,0,3652.5,0.024904808400969314,0.02819007635116577
5236629,0,3652.5,0.03734880589109002,0.05342400074005127
5237261,0,3652.5,0.07934965942695138,0.07368826866149902
5240385,0,3652.5,0.009797735689325293,0.007465720176696777
5245299,0,3652.5,0.028658594010721572,0.036957740783691406
5246256,0,3652.5,0.046241029618941276,0.04693722724914551
5248105,0,3652.5,0.018412644169683245,0.018069028854370117
5251303,0,3652.5,0.005814264246827183,0.006347596645355225
5251766,1,1221.0,0.0336894800942833,0.03834468126296997
5254893,0,3652.5,0.0608638084980041,0.056186676025390625
5258833,0,3652.5,0.01269261753430495,0.012475728988647461
5267782,0,3652.5,0.017635036715979102,0.025170743465423584
5273892,1,448.0,0.19104674156604817,0.1985737681388855
5274565,0,3652.5,0.060571619647797004,0.0559118390083313
5275601,0,3652.5,0.05734137577692244,0.04449725151062012
5277106,0,3652.5,0.049618533574449564,0.050508737564086914
5277270,0,3652.5,0.026074453070510928,0.04366952180862427
5279363,0,3652.5,0.05524230109283568,0.05031675100326538
5281887,0,3652.5,0.0026134105905096794,0.003888428211212158
5282731,0,3652.5,0.0763033138783289,0.07720679044723511
5283981,0,3652.5,0.16364238432759526,0.2257990837097168
5293128,0,3652.5,0.01590029561596995,0.025491178035736084
5293567,0,3652.5,0.007394299413614469,0.012105762958526611
5293851,0,3652.5,0.011876173149501401,0.010731101036071777
5298118,0,3652.5,0.03458455904491742,0.028094470500946045
5301501,0,3652.5,0.00561981161438041,0.009656906127929688
5303425,0,3652.5,0.10746989166297238,0.09901493787765503
5308378,0,3652.5,0.09468009652387444,0.1397302746772766
5308902,0,3652.5,0.011876706647698465,0.01437067985534668
5309802,0,3652.5,0.06889645700382296,0.03803420066833496
5312347,0,3652.5,0.03771061509178386,0.03722316026687622
5312597,0,3652.5,0.05043632643806584,0.049013495445251465
5314092,0,3652.5,0.04841912544440141,0.050508737564086914
5315020,0,3652.5,0.056329589539269476,0.05936557054519653
5317883,0,3652.5,0.005520013201486762,0.006891369819641113
5318302,0,3652.5,0.03674466781942409,0.045912325382232666
5319523,0,3652.5,0.16882558774779466,0.0841054916381836
5319950,0,3652.5,0.09581964179483538,0.10538756847381592
5320482,0,3652.5,0.10131413994846905,0.0994378924369812
5321871,0,3652.5,0.02204624299395863,0.02614837884902954
5322312,1,1848.0,0.05650642499510106,0.07689666748046875
5325322,0,3652.5,0.02187624721577175,0.04238933324813843
5329295,1,3600.0,0.031696688255242855,0.03494918346405029
5334706,0,3652.5,0.050651395142756295,0.024055540561676025
5339537,0,3652.5,0.05557567630081839,0.048181235790252686
5342374,1,3046.0,0.17400759387250864,0.26061445474624634
5348971,0,3652.5,0.010899256869015606,0.009530425071716309
5349895,0,3652.5,0.005250845906472179,0.010067105293273926
5356037,0,3652.5,0.04610920597629253,0.05605661869049072
5361397,0,3652.5,0.04820225451865534,0.03384280204772949
5366045,0,3652.5,0.055067970669565036,0.03651374578475952
5369360,0,3652.5,0.015325759958586205,0.009320735931396484
5370894,0,3652.5,0.07918024034783933,0.16711288690567017
5372124,0,3652.5,0.031988227157643045,0.05253410339355469
5372264,0,3652.5,0.015509117791969063,0.02649247646331787
5372344,0,3652.5,0.049052956676742365,0.052948951721191406
5374348,0,3652.5,0.06798030049474635,0.04132664203643799
5374712,0,3652.5,0.006283874844209225,0.004392385482788086
5375890,0,3652.5,0.038828642874656705,0.08064854145050049
5376507,0,3652.5,0.06233249454401735,0.08414977788925171
5383323,0,3652.5,0.0051508580922610125,0.0055193305015563965
5383432,0,3652.5,0.017616161947933362,0.02454930543899536
5389706,0,3652.5,0.007391292325117926,0.011670529842376709
5393855,0,3652.5,0.21636226381532953,0.22756427526474
5397562,0,3652.5,0.048414114414834564,0.06889677047729492
5399289,0,3652.5,0.007440351889068775,0.011072337627410889
5401714,0,3652.5,0.09532608066925163,0.07499957084655762
5409020,0,3652.5,0.026630999459167803,0.022687852382659912
5414934,0,3652.5,0.006975034523503898,0.008971452713012695
5415774,0,3652.5,0.02846477409958159,0.034047484397888184
5416719,0,3652.5,0.016939787710410048,0.02405691146850586
5421793,0,3652.5,0.10322589151068495,0.05667757987976074
5422346,1,490.0,0.1958743142584708,0.201318621635437
5422551,0,3652.5,0.12914026411971136,0.10703837871551514
5424701,0,3652.5,0.01140065955511671,0.007663130760192871
5427395,0,3652.5,0.00354480563375581,0.007218301296234131
5431103,0,3652.5,0.04114397463134978,0.037818193435668945
5437005,0,3652.5,0.005825194993065663,0.007178246974945068
5438038,0,3652.5,0.2638232807498352,0.1668645739555359
5442847,0,3652.5,0.1967043665277889,0.13088542222976685
5442951,0,3652.5,0.02526056429281942,0.03003460168838501
5444736,0,3652.5,0.04746487695085522,0.03490710258483887
5446623,0,3652.5,0.1096527819930091,0.10469502210617065
5447717,0,3652.5,0.0076174982649713785,0.009106874465942383
5454398,0,3132.0,0.021662552704767912,0.025610148906707764
5454992,0,3652.5,0.006836290375292986,0.01088625192642212
5459078,0,3652.5,0.0065959464446936344,0.0063474178314208984
5461840,0,3652.5,0.038883101943455345,0.05342268943786621
5462688,0,3652.5,0.04110068865238736,0.043884336948394775
5465261,1,2434.0,0.08996362351821241,0.09744346141815186
5465430,0,3652.5,0.020683896715708805,0.028541207313537598
5466095,0,3652.5,0.009976273373224709,0.015150964260101318
5473819,0,3652.5,0.061036355328766834,0.1058887243270874
5483120,0,3652.5,0.07868923973935338,0.073627769947052
5484791,0,3652.5,0.012098402556823928,0.01937204599380493
5484818,0,3652.5,0.08969916195063632,0.073627769947052
5491585,0,3652.5,0.3550573408322173,0.34204673767089844
5494267,0,3652.5,0.03182398379995699,0.03000861406326294
5495022,0,3652.5,0.07241709130925622,0.07749074697494507
5495102,1,2993.0,0.17135981742161088,0.04422515630722046
5496234,0,3652.5,0.04428896018889761,0.033365607261657715
5497077,0,3652.5,0.017780268292624135,0.025899767875671387
5497955,0,3652.5,0.3132482766761959,0.25158506631851196
5500930,0,3652.5,0.050425214259179896,0.058744072914123535
5503359,0,3652.5,0.004245929034654483,0.006559848785400391
5504990,0,3652.5,0.015968494994150872,0.013777673244476318
5505085,0,3652.5,0.04910374460771083,0.05329686403274536
5506032,0,2641.0,0.012361713075727532,0.025773465633392334
5510842,0,3652.5,0.016223121163521537,0.02068459987640381
5515353,1,1935.0,0.34863357487512203,0.4255484342575073
5519558,0,1947.0,0.008869860240791838,0.010636746883392334
5519726,0,3652.5,0.006961242469343154,0.0064566731452941895
5519943,0,3652.5,0.0056024880418029666,0.007178246974945068
5522225,1,1969.0,0.0548443484416562,0.03900337219238281
5522599,0,1854.0,0.020213903835009095,0.04402536153793335
5522678,0,3652.5,0.026059167635934855,0.028520405292510986
5524868,0,3652.5,0.006943400962673096,0.005330026149749756
5526275,1,2543.0,0.022907270657925638,0.03178185224533081
5528494,0,3652.5,0.034272786950380385,0.03529781103134155
5531711,0,3652.5,0.04199720743256763,0.07841324806213379
5532417,0,3652.5,0.006715622285411116,0.01133584976196289
5545617,0,3652.5,0.004996763503076429,0.00847172737121582
5548788,0,3652.5,0.1675072582524031,0.10418200492858887
5554883,0,3652.5,0.05152769733607443,0.02441227436065674
5555135,0,3652.5,0.009371253922006328,0.01689857244491577
5555951,0,3652.5,0.023870601940700897,0.044590115547180176
5558226,0,3652.5,0.027648354895233318,0.0394134521484375
5559339,0,3652.5,0.026376914705727006,0.018843233585357666
5559740,0,3652.5,0.04727153268088813,0.04976010322570801
5560361,0,1761.0,0.07844607364778455,0.19182419776916504
5565655,0,3652.5,0.02388930401813605,0.04861271381378174
5570410,0,3652.5,0.006627728815094325,0.0076735615730285645
5573738,0,3652.5,0.038389854342342766,0.045008838176727295
5574118,0,3652.5,0.01153856632186967,0.01038140058517456
5574638,0,3652.5,0.03869108998845916,0.04638606309890747
5581664,0,3652.5,0.012274848452002218,0.02064603567123413
5584494,1,1381.0,0.05856015250427604,0.06721073389053345
5586632,0,3652.5,0.0241464825735489,0.021097183227539062
5599630,0,3652.5,0.07580026590821287,0.07267183065414429
5601324,0,3652.5,0.005319089185761516,0.012072622776031494
5602336,0,3652.5,0.004219021363244924,0.009805858135223389
5602563,1,1802.0,0.07097559721356472,0.07540088891983032
5606575,0,3652.5,0.024237689780590488,0.04007083177566528
5609694,0,3652.5,0.014002463304730317,0.02014446258544922
5609943,0,2614.0,0.029968412127475252,0.04586511850357056
5610480,0,3652.5,0.0450867709077003,0.06028604507446289
5614518,0,3652.5,0.006623030081975734,0.004497051239013672
5614891,0,1644.0,0.0228478054204444,0.03838914632797241
5616367,0,3652.5,0.0417590149871635,0.03900337219238281
5623841,0,3652.5,0.057240607823065726,0.04747742414474487
5623979,0,3652.5,0.08682585430628798,0.106728196144104
5626377,0,3652.5,0.009654862930436825,0.024661540985107422
5629658,0,889.0,0.06408355822901701,0.07373768091201782
5633361,0,3652.5,0.02899864210034353,0.02633213996887207
5633456,0,3652.5,0.28697896616763086,0.32662153244018555
5633952,0,3652.5,0.005109593773021226,0.006617188453674316
5636409,0,3652.5,0.08417224152121616,0.08518737554550171
5641919,1,1440.0,0.03169880769737021,0.050016582012176514
5645503,0,3652.5,0.09233549659223106,0.08418792486190796
5647632,0,3652.5,0.018381068190091665,0.022635161876678467
5650728,0,3652.5,0.03388529103355231,0.05329686403274536
5652049,0,3652.5,0.0044357499197088535,0.008077919483184814
5652945,0,3652.5,0.012632713335768098,0.009843289852142334
5658506,0,3652.5,0.010961907982170449,0.01395869255065918
5663699,0,3471.0,0.008725646314224567,0.018470823764801025
5666542,0,3652.5,0.040266425165696895,0.04612511396408081
5670012,0,3652.5,0.04224670049318313,0.04097485542297363
5677121,0,3652.5,0.027788277921318993,0.07324999570846558
5679002,0,3652.5,0.027749307287326608,0.019347071647644043
5680044,0,3652.5,0.008281464902183067,0.011072337627410889
5681674,0,3652.5,0.005792309186800626,0.006891369819641113
5687869,0,3652.5,0.010339467233816957,0.018481791019439697
5692077,0,3652.5,0.10399186505983782,0.062008440494537354
5692526,0,3652.5,0.008037247166573724,0.011295676231384277
5698028,0,3652.5,0.0030364357259109465,0.004294216632843018
5699184,0,3652.5,0.01154346514752913,0.0058342814445495605
5701203,0,3652.5,0.1151565797592976,0.13606280088424683
5703699,0,3652.5,0.19762987624228545,0.22899073362350464
5704083,1,2312.0,0.051459684936648764,0.05893343687057495
5706714,0,3652.5,0.010969363823741474,0.006256401538848877
5708351,0,3652.5,0.011451294937945389,0.011600196361541748
5708844,0,827.0,0.01077085437628078,0.009804368019104004
5708915,0,3652.5,0.013916115355154579,0.009749829769134521
5712602,0,3652.5,0.0631763953806419,0.1128951907157898
5713792,0,3652.5,0.037756419492268156,0.02982008457183838
5713871,0,3652.5,0.008712144557716517,0.015164315700531006
5717558,0,3652.5,0.046808851127803974,0.05285102128982544
5722081,0,3652.5,0.036175474700043675,0.03181272745132446
5725206,0,3652.5,0.006794804577317959,0.01624232530593872
5736677,0,3652.5,0.03891261696578796,0.054962754249572754
5740713,0,1660.0,0.36542047849457693,0.40838491916656494
5741589,0,3652.5,0.03858827180562574,0.05521571636199951
5743514,0,3652.5,0.048464516655380985,0.02793419361114502
5745623,0,3652.5,0.012586684775751533,0.011697888374328613
5745943,0,3652.5,0.04141808683011561,0.0659024715423584
5751269,0,3652.5,0.03285383687744081,0.036341726779937744
5752004,0,3652.5,0.0033171925712992545,0.005577027797698975
5755785,0,3652.5,0.04115059812471933,0.025657474994659424
5756416,0,3077.0,0.11860003725414836,0.08771449327468872
5757051,0,3652.5,0.01475567137380629,0.02269643545150757
5761861,0,3652.5,0.14918364816730934,0.15368962287902832
5765305,0,3652.5,0.02885562831395072,0.01807236671447754
5765351,0,3652.5,0.007507829483587747,0.010995745658874512
5768992,0,3652.5,0.029418379742482403,0.012190520763397217
5770978,0,3652.5,0.10229169554915385,0.1442584991455078
5771604,0,3652.5,0.0230480406176079,0.019960641860961914
5774529,0,3652.5,0.06808594700544246,0.04088008403778076
5777388,0,3652.5,0.016800303274770667,0.023671507835388184
5777606,0,3652.5,0.005059050501958318,0.008917570114135742
5778081,0,3652.5,0.06702740547123542,0.05901169776916504
5780943,0,3652.5,0.020164570882024058,0.015766143798828125
5782544,1,1034.0,0.20101865058562396,0.2636159658432007
5785607,0,3652.5,0.15445374804524847,0.07388699054718018
5787128,0,3652.5,0.010439432625309997,0.011072337627410889
5787711,0,3652.5,0.035123324453382176,0.05253410339355469
5793468,1,3125.0,0.040420604415617456,0.05821293592453003
5794017,0,3652.5,0.039852541277865416,0.04449725151062012
5800617,0,2391.0,0.13655102761883664,0.13327467441558838
5801472,0,3652.5,0.012391596120053583,0.008374631404876709
5804977,0,3652.5,0.00883990523885747,0.020347177982330322
5807368,0,3652.5,0.13437950815240063,0.15195238590240479
5807636,0,3652.5,0.11267255077921334,0.09449523687362671
5809146,0,3652.5,0.09604800046898143,0.07991999387741089
5809431,0,3652.5,0.03744436771914239,0.0600702166557312
5810143,0,3652.5,0.028363533940177432,0.03101247549057007
5811718,0,3652.5,0.04384730025484185,0.05124950408935547
5813001,0,3652.5,0.03640792004084892,0.046429216861724854
5814775,0,3652.5,0.06788684855343408,0.06941968202590942
5818501,0,3652.5,0.007498786718793005,0.0064566731452941895
5818706,0,3652.5,0.008024949437568374,0.008332312107086182
5819641,0,3652.5,0.005678861391879009,0.004419267177581787
5821512,0,3652.5,0.056105761919200914,0.0899391770362854
5827279,0,3652.5,0.056150562030555684,0.0583232045173645
5828398,0,3652.5,0.09568374143415725,0.05065298080444336
5831274,1,1325.0,0.05311353118656059,0.05938011407852173
5833584,0,2891.0,0.27735355412898877,0.09944391250610352
5833762,0,3652.5,0.004596997125268176,0.0038293004035949707
5845019,0,3652.5,0.03757670614466668,0.04487454891204834
5847530,0,3652.5,0.006452781848289124,0.008383214473724365
5850303,0,3652.5,0.014446539779988221,0.014681220054626465
5854201,0,3652.5,0.13103840871457506,0.09464061260223389
5855624,0,3652.5,0.06642386547727008,0.11383527517318726
5856634,0,3652.5,0.03725273076597846,0.028094470500946045
5865628,1,2484.0,0.08851359496958366,0.03448086977005005
5866089,0,3652.5,0.05555565746014157,0.0385594367980957
5867473,0,2058.0,0.15760525221493116,0.08243244886398315
5868186,0,3652.5,0.10574882805179442,0.15943068265914917
5869221,0,3652.5,0.0408564054627778,0.04178410768508911
5872763,0,3652.5,0.022016109977986975,0.02298295497894287
5876630,0,1303.0,0.105581739597569,0.13693225383758545
5878886,0,3652.5,0.1016482428656269,0.16376179456710815
5878897,0,3652.5,0.035747467087340556,0.04591631889343262
5879127,0,3652.5,0.08831338173187708,0.12262189388275146
5885202,0,3652.5,0.019176598057593308,0.028144001960754395
5886862,0,3652.5,0.04110286159672816,0.04358983039855957
5887699,0,3652.5,0.0024697738700040217,0.004392385482788086
5887951,0,3652.5,0.013834965868219529,0.010085701942443848
5888143,0,3652.5,0.011927459641169702,0.015164315700531006
5889964,0,3652.5,0.008575511207444597,0.015654385089874268
5892978,0,3652.5,0.009836917969501924,0.013168036937713623
5893294,0,3652.5,0.130873607533728,0.201318621635437
5893571,0,3652.5,0.01939830545158794,0.024494826793670654
5899061,0,3652.5,0.061856817825399535,0.060741424560546875
5899282,0,3652.5,0.03801342146374487,0.03529781103134155
5906548,0,3652.5,0.03447357761803638,0.051624953746795654
5907384,0,3652.5,0.053084736211307604,0.03172093629837036
5908292,0,2389.0,0.18336541490493663,0.06843477487564087
5916751,0,3652.5,0.04832359583553303,0.05219370126724243
5918750,0,3652.5,0.006383127069366279,0.011217057704925537
5919995,0,3652.5,0.0216335877952345,0.030546486377716064
5928545,0,2601.0,0.043988686553676604,0.04598379135131836
5929944,0,3652.5,0.03602834261936716,0.027795851230621338
5934806,1,2112.0,0.04429161699486939,0.04363280534744263
5939416,0,946.0,0.011501694615949187,0.01931995153427124
5944515,0,3652.5,0.05334926419943464,0.040976107120513916
5944694,0,3652.5,0.1157217376916928,0.12439852952957153
5946952,0,3652.5,0.0633856745629563,0.10551053285598755
5949997,0,3652.5,0.048359199540917164,0.05988657474517822
5960515,0,3652.5,0.008650645242683996,0.005186319351196289
5961754,0,3273.0,0.10732256938648899,0.13961929082870483
5966653,0,3652.5,0.008719480758260234,0.011769533157348633
5972982,0,3652.5,0.09827824067235191,0.11172264814376831
5976571,0,3652.5,0.024807936303744227,0.03523355722427368
5978439,0,3652.5,0.005101283288207914,0.005695164203643799
5980998,0,3652.5,0.02024430336498151,0.03715997934341431
5983907,0,3652.5,0.005758743324247972,0.010767698287963867
5987595,0,3652.5,0.01910764941755161,0.015106797218322754
5988865,0,3652.5,0.02705747526243163,0.026618659496307373
5991895,0,3652.5,0.0031238147996134336,0.005913794040679932
5992879,0,3652.5,0.050682723947905406,0.04382443428039551
5993032,0,3652.5,0.00397485237139128,0.005695164203643799
5993325,0,3652.5,0.07410932417319804,0.07643485069274902
5993688,0,3652.5,0.029651525960703196,0.048361361026763916
5997713,0,3652.5,0.02267792795527257,0.014742553234100342
6000408,0,3652.5,0.06206106977099046,0.06642687320709229
6000911,0,3652.5,0.04929220294986569,0.1037631630897522
6004697,0,3652.5,0.005234938980633097,0.008648335933685303
6007589,0,3652.5,0.04115306672917718,0.028944790363311768
6009543,0,3652.5,0.04850250008885437,0.05926704406738281
6011663,0,3652.5,0.034912423611961785,0.0519256591796875
6016519,0,3652.5,0.003500063312972812,0.004392385482788086
6016929,0,3652.5,0.019301684082051906,0.03809863328933716
6019517,1,1443.0,0.06416403638648471,0.046227097511291504
6026757,0,3652.5,0.01118430339098253,0.010044634342193604
6027433,0,3652.5,0.031248655259977554,0.028335928916931152
6029266,0,3652.5,0.008312123735893517,0.011501967906951904
6033947,0,3652.5,0.013198082525950117,0.0184515118598938
6034278,0,3652.5,0.027096138850421836,0.022767305374145508
6039139,0,3652.5,0.07155706414080865,0.08494985103607178
6040238,0,3652.5,0.019047946782375424,0.019822359085083008
6041298,0,3652.5,0.04769262414634179,0.06393629312515259
6043443,0,3652.5,0.0644479124961439,0.04449725151062012
6044897,0,3652.5,0.007750476578523013,0.0049585700035095215
6046010,0,3652.5,0.012517533493448862,0.021975815296173096
6047818,0,3652.5,0.06040091497000555,0.07125550508499146
6048685,0,3652.5,0.02220132150066334,0.03235870599746704
6051648,0,3652.5,0.0385903094855885,0.037534892559051514
6058185,0,3652.5,0.012865618600075068,0.018579423427581787
6058771,0,3652.5,0.0059740679075502845,0.009373188018798828
6059690,0,3652.5,0.011142185628249757,0.009351253509521484
6060462,0,3652.5,0.0057208471118471715,0.0064566731452941895
6061392,0,3652.5,0.050092345867752686,0.0659024715423584
6062009,0,3652.5,0.006583365475614,0.01041954755783081
6062891,0,3652.5,0.042285686517839705,0.036502718925476074
6064836,0,3652.5,0.009816400326597474,0.023269057273864746
6065502,0,3652.5,0.10435077163136897,0.06256711483001709
6066297,0,3652.5,0.01314579934021709,0.017850160598754883
6066624,0,3652.5,0.007037665324942544,0.006799042224884033
6068680,0,3652.5,0.05573297854942283,0.06475400924682617
6072094,0,3652.5,0.09773748043842878,0.16367089748382568
6073479,0,3652.5,0.024004826672945123,0.040060341358184814
6074246,0,3652.5,0.021800252163523104,0.036635518074035645
6075182,0,3652.5,0.019133914504957716,0.021583616733551025
6075522,0,3652.5,0.007281690240493854,0.019038617610931396
6077390,0,3652.5,0.05787503279887174,0.06230562925338745
6077861,0,3652.5,0.016918773391711217,0.02393960952758789
6078302,0,3652.5,0.009560164077931033,0.01637941598892212
6081769,0,3652.5,0.006127638214700859,0.00847172737121582
6084388,0,1204.0,0.06162184390926151,0.07425224781036377
6086010,0,3652.5,0.02053135323246169,0.029111862182617188
6086981,0,3652.5,0.014949355733056668,0.013949334621429443
6093645,0,3652.5,0.02400206013844619,0.021519184112548828
6095110,0,3652.5,0.007000065273252587,0.011617720127105713
6096025,0,3652.5,0.04821175396691024,0.0637320876121521
6096839,0,3652.5,0.09537550476029377,0.085543692111969
6099335,0,3652.5,0.011975289694624802,0.01699274778366089
6100841,0,3652.5,0.06788029963625786,0.08939981460571289
6102813,0,3652.5,0.00839185252786634,0.010925769805908203
6103204,0,3652.5,0.0565399492215386,0.05133122205734253
6116825,0,3652.5,0.03626008172659545,0.050617218017578125
6129617,1,1591.0,0.0314736330449682,0.04958486557006836
6130310,0,3652.5,0.01600143088037209,0.014578282833099365
6131171,0,3652.5,0.0754782361761247,0.04578244686126709
6132554,0,3652.5,0.026294844162668363,0.030247807502746582
6138186,0,3652.5,0.014747951163446849,0.015201389789581299
6138635,0,3652.5,0.09551399944630568,0.11686050891876221
6139483,0,3652.5,0.0028946936772012988,0.004392385482788086
6152894,0,3652.5,0.010216762108767541,0.009479641914367676
6153608,0,3652.5,0.006819665726175872,0.010162055492401123
6153879,0,3652.5,0.01846007092982449,0.03571885824203491
6154502,0,3652.5,0.0319611352397734,0.03298604488372803
6158779,0,3652.5,0.05173662136142987,0.07668191194534302
6160312,0,3514.0,0.06430801010918141,0.05534493923187256
6160338,0,3652.5,0.07373050953880833,0.06439095735549927
6160678,0,3652.5,0.00844609373691474,0.012902796268463135
6160969,0,3652.5,0.010736511320877051,0.013386666774749756
6161468,0,3652.5,0.00407148339956942,0.0064566731452941895
6164247,0,3652.5,0.01486296525802111,0.00928717851638794
6167597,0,3652.5,0.03810321630425473,0.03273642063140869
6171207,0,3652.5,0.040782061304267536,0.03957831859588623
6173434,0,3652.5,0.0059393501744380295,0.010767698287963867
6174644,0,3652.5,0.18496187161644484,0.1627841591835022
6174867,0,3652.5,0.02945631495229528,0.026084542274475098
6175066,0,3652.5,0.06405679753341453,0.09203118085861206
6175472,1,2937.0,0.19675717171736862,0.17401713132858276
6179014,0,3652.5,0.087992047067325,0.07794255018234253
6180290,0,3652.5,0.017586888946201418,0.023828864097595215
6180508,0,3652.5,0.01124407890618706,0.012520909309387207
6181283,0,3652.5,0.00917592475303719,0.01467818021774292
6182229,1,2008.0,0.38467380052456546,0.3583300709724426
6183041,0,3652.5,0.03183073628218902,0.03910708427429199
6191560,0,3652.5,0.01189130833028873,0.017476677894592285
6193708,0,3652.5,0.05396410287116693,0.08591771125793457
6196803,0,3652.5,0.02118305071644566,0.030687987804412842
6197665,0,3652.5,0.06690471714885393,0.03598666191101074
6198859,0,3652.5,0.08100162834928892,0.0885237455368042
6198925,0,3652.5,0.051699124978916156,0.04550713300704956
6202132,0,3652.5,0.011878532832169886,0.017793893814086914
6205017,0,3652.5,0.24322660259870488,0.1440967321395874
6207083,0,3652.5,0.008398446228187417,0.00648653507232666
6210178,0,3652.5,0.0716749899474537,0.06597024202346802
6210665,0,3652.5,0.08496790311950797,0.07804054021835327
6211924,0,3652.5,0.007093143407843949,0.009180426597595215
6211973,0,3652.5,0.008731003650056968,0.013993144035339355
6213355,0,3652.5,0.33374071339559075,0.24251008033752441
6215341,0,3652.5,0.0824042576440499,0.09604793787002563
6218699,0,3652.5,0.06458673354744526,0.08052331209182739
6221500,0,3652.5,0.0059885878782551805,0.009564042091369629
6223096,0,3652.5,0.009519135202273876,0.013925254344940186
6223234,0,3652.5,0.027185636714435968,0.027704060077667236
6223560,0,2677.0,0.015673498166633326,0.018157124519348145
6223608,0,3652.5,0.00816572728758358,0.007232248783111572
6227870,0,3652.5,0.031328164212984344,0.055028676986694336
6228283,0,3652.5,0.01149128068284122,0.017123043537139893
6228730,0,3652.5,0.02097817982851813,0.02270108461380005
6229320,0,3652.5,0.10460119854373029,0.06600964069366455
6229797,0,3652.5,0.03750016857991245,0.03698962926864624
6233015,0,3645.0,0.005074846639392949,0.004918992519378662
6235338,1,2817.0,0.1346898945542111,0.16647326946258545
6242769,0,3652.5,0.005668456869510896,0.010067105293273926
6243966,0,3652.5,0.006277480051435247,0.005328059196472168
6252028,0,1815.0,0.07219897947679355,0.10410487651824951
6253004,0,3652.5,0.05138668663021684,0.05648469924926758
6254742,0,3652.5,0.006350954082301463,0.008117854595184326
6255031,0,3652.5,0.01994425545540668,0.043364644050598145
6255945,0,3652.5,0.019106782737681294,0.007191002368927002
6264897,0,3652.5,0.06349944703416566,0.06277775764465332
6264928,0,3652.5,0.02267260087391665,0.021583616733551025
6265453,0,3652.5,0.039080580303082924,0.042939186096191406
6271758,0,2841.0,0.1669008341148479,0.07978469133377075
6272845,0,3652.5,0.03855028276319117,0.0349920392036438
6273963,0,3652.5,0.00501475052125655,0.0043256282806396484
6274057,0,3652.5,0.013019188473511245,0.020119428634643555
6279515,0,3652.5,0.04703689530199118,0.05143940448760986
6279754,0,3652.5,0.027027652107127986,0.036895751953125
6286367,0,3652.5,0.03673771808976756,0.027411699295043945
6289256,0,3652.5,0.05421601697003764,0.04384726285934448
6290232,0,3652.5,0.09445077457166773,0.07668191194534302
6295018,0,3652.5,0.008812195287678737,0.019795596599578857
6298378,0,3652.5,0.020259903710542093,0.022965192794799805
6298961,0,3652.5,0.028016600829415594,0.02614837884902954
6300384,0,3652.5,0.1050294252606564,0.06300121545791626
6300517,0,3652.5,0.004855897461074066,0.008069217205047607
6300904,0,3652.5,0.07807669926515304,0.0644986629486084
6302024,0,3652.5,0.11040502028920318,0.12975865602493286
6302725,0,3652.5,0.01585501787516086,0.020119428634643555
6303496,0,3652.5,0.016814192767540814,0.022417783737182617
6308892,0,3652.5,0.005574082509916534,0.009854733943939209
6311194,0,3652.5,0.04657229590163525,0.041841745376586914
6312149,0,3652.5,0.03818587044662225,0.08589798212051392
6312255,0,3652.5,0.004509140680124202,0.00567394495010376
6312710,0,3652.5,0.12274349255862627,0.07340061664581299
6313295,0,3652.5,0.06285582574086868,0.055028676986694336
6314175,1,174.0,0.05243070460867727,0.05823326110839844
6314335,0,3652.5,0.042759004351700214,0.041827619075775146
6317475,0,3652.5,0.023262426883791987,0.03361475467681885
6318099,1,406.0,0.07309769092167706,0.09779858589172363
6323638,0,3652.5,0.025733197476103253,0.044137656688690186
6327769,0,3652.5,0.16187246720587856,0.11452388763427734
6338113,0,3652.5,0.060742602784891075,0.05227947235107422
6339250,0,3652.5,0.09636092538067853,0.1372029185295105
6339762,0,3652.5,0.047880605293286194,0.0661885142326355
6340215,0,3652.5,0.006595596995532249,0.01133584976196289
6341446,0,3652.5,0.010948021751326809,0.023269057273864746
6342922,0,3652.5,0.006566682699206572,0.004938900470733643
6343336,0,3652.5,0.024810565535641094,0.020584166049957275
6346852,0,3652.5,0.06639500029638767,0.03752392530441284
6348504,1,1908.0,0.11141481371433892,0.08765387535095215
6348534,0,3652.5,0.04362542616887588,0.023183703422546387
6357354,0,3652.5,0.014318076079387398,0.0278775691986084
6360447,0,3652.5,0.2834755271394749,0.09307867288589478
6365567,0,3652.5,0.1083258931481973,0.13088542222976685
6368044,0,3652.5,0.012215588149512069,0.027075111865997314
6372999,0,3652.5,0.009356822780340113,0.010736286640167236
6375293,0,3429.0,0.013279284385516732,0.016233325004577637
6378354,0,3652.5,0.061978013476029714,0.06628400087356567
6378378,0,3652.5,0.00691901712690457,0.009531259536743164
6383752,0,3652.5,0.006702564324644333,0.005554556846618652
6384162,0,3652.5,0.06716865202552424,0.07077533006668091
6385314,0,3652.5,0.006416460557188808,0.010067105293273926
6386877,0,3652.5,0.012004554526319544,0.01492452621459961
6386905,0,3652.5,0.03946836551515265,0.03979802131652832
6390417,0,3652.5,0.044359459872985174,0.0543975830078125
6392097,0,3652.5,0.011381438431262159,0.006072640419006348
6396930,0,3652.5,0.018765738855720193,0.02474057674407959
6397482,0,3652.5,0.006548159653589458,0.004392385482788086
6406799,0,3652.5,0.054136394900638485,0.06230205297470093
6410466,0,3652.5,0.009323364862737549,0.009495556354522705
6413882,0,3652.5,0.008303490020766802,0.027951478958129883
6415308,0,3652.5,0.0707544711007928,0.10310930013656616
6417407,1,2457.0,0.022266480190052618,0.03660917282104492
6420182,0,3652.5,0.003474671539345331,0.004181087017059326
6425012,0,3652.5,0.052016066765191216,0.07267183065414429
6426778,0,3652.5,0.10368020518679355,0.05848681926727295
6429364,0,3588.0,0.12626999013278928,0.057122111320495605
6429394,0,3652.5,0.07315201694519646,0.05932259559631348
6434384,0,3652.5,0.019220539936343872,0.021806299686431885
6447415,0,3652.5,0.03331266496893126,0.038163840770721436
6449420,0,3652.5,0.041355039842016494,0.04397177696228027
6454708,0,3652.5,0.01047739031947914,0.011072337627410889
6455834,1,762.0,0.2219693246977016,0.24286305904388428
6457018,0,3652.5,0.020333326629479842,0.028507471084594727
6461045,0,3652.5,0.5275593134752921,0.22607338428497314
6461117,0,3652.5,0.04106511267723545,0.0583377480506897
6462334,0,3652.5,0.004593149515574102,0.0046402812004089355
6462848,0,3652.5,0.06880723582422121,0.07250601053237915
6463061,0,3652.5,0.020472640107327966,0.012558937072753906
6466292,0,3652.5,0.07984295502251515,0.041008949279785156
6468159,0,3067.0,0.0241432390845695,0.01635456085205078
6469001,0,3652.5,0.0061026886714700135,0.006891369819641113
6469013,0,3652.5,0.005453070238079949,0.00527644157409668
6471976,0,3652.5,0.014501622050862695,0.02106785774230957
6473720,0,3652.5,0.005658861849168417,0.0065402984619140625
6475560,0,3652.5,0.08890923152821639,0.10766947269439697
6477098,0,3652.5,0.01009598610436857,0.011612117290496826
6478737,0,3176.0,0.1441803990956705,0.17643076181411743
6480243,0,3652.5,0.013403035165586497,0.029386043548583984
6481168,0,3652.5,0.09021670837462481,0.12382310628890991
6488101,0,3652.5,0.04548133310502711,0.06353640556335449
6491084,0,3652.5,0.04852106308538795,0.05329686403274536
6492706,0,3652.5,0.06396321447762243,0.049725234508514404
6494598,0,3652.5,0.04428644867351095,0.025010108947753906
6494685,0,3652.5,0.033384079607737704,0.03991204500198364
6495341,0,3652.5,0.006888280775507738,0.009866178035736084
6496052,0,3652.5,0.007491390219666605,0.007123410701751709
6496738,0,3652.5,0.005703616985059168,0.012264549732208252
6501395,0,3652.5,0.04503752233231573,0.07267183065414429
6509261,0,3652.5,0.004873202207671623,0.008255839347839355
6511194,0,3652.5,0.03282202723107075,0.03668719530105591
6513741,1,735.0,0.12931360030571415,0.15278589725494385
6514924,0,3130.0,0.00854412638469193,0.0057830810546875
6517763,0,3652.5,0.0495721643505358,0.04222273826599121
6518059,0,3652.5,0.0036569650166091705,0.009656906127929688
6518202,1,2465.0,0.022845617010039065,0.021569252014160156
6519602,0,3652.5,0.03417115310057639,0.041296184062957764
6520296,0,3652.5,0.03469601336121142,0.03647029399871826
6521946,1,3632.0,0.0076977260419858196,0.017265915870666504
6527779,0,3652.5,0.014948863117747901,0.014808118343353271
6531654,0,3652.5,0.006508262861060099,0.010904252529144287
6532772,0,3652.5,0.17361284871372862,0.13478559255599976
6536847,0,3652.5,0.013930183868532953,0.004890084266662598
6540104,0,3652.5,0.14860714675666542,0.19480961561203003
6543380,0,3652.5,0.018703292061945542,0.03125405311584473
6544121,0,3652.5,0.006555163890819227,0.009564042091369629
6547213,0,3652.5,0.008153584186322727,0.007028698921203613
6547634,0,3652.5,0.006814378575274782,0.005452096462249756
6549802,0,3652.5,0.050520778631918506,0.038644254207611084
6555352,0,3652.5,0.03536523575696937,0.018270015716552734
6557843,0,3652.5,0.042023030783393756,0.04534721374511719
6558351,0,3652.5,0.005021180596360253,0.006841838359832764
6559064,0,3652.5,0.06086654037576689,0.11824876070022583
6559116,0,3652.5,0.1066720720115022,0.06127041578292847
6563114,0,3652.5,0.006801230414493431,0.005985558032989502
6565579,0,3652.5,0.003916448517237936,0.009315907955169678
6565635,0,3652.5,0.016010185000321808,0.026667535305023193
6567267,0,3652.5,0.07013658044674476,0.07442104816436768
6569414,0,3652.5,0.005316338016689626,0.003728210926055908
6569857,0,3652.5,0.007076368030237479,0.010904252529144287
6571183,0,3652.5,0.008831564068830788,0.020811021327972412
6572967,1,241.0,0.03344308628491888,0.05333411693572998
6574000,0,3652.5,0.04889449649772515,0.0583232045173645
6577417,0,3652.5,0.009219393957063615,0.0055522918701171875
6578247,0,3652.5,0.060374351717215946,0.08518737554550171
6581425,0,3652.5,0.0845380121437137,0.04880034923553467
6593252,0,3652.5,0.012381258539888917,0.01872873306274414
6595087,0,3652.5,0.04297254141835549,0.05725973844528198
6597782,0,3652.5,0.19532881138765668,0.1442663073539734
6598383,0,3652.5,0.030229273141928137,0.02402430772781372
6603907,0,3652.5,0.03202581419906936,0.04894131422042847
6604654,0,3652.5,0.006596702063173421,0.005913794040679932
6606173,0,3652.5,0.00580542563010511,0.0038407444953918457
6610223,0,3652.5,0.04199146838546752,0.0496748685836792
6611751,0,3652.5,0.10687355646954366,0.12067657709121704
6611877,0,3652.5,0.090807719964339,0.1034049391746521
6612035,0,3652.5,0.018148120515073085,0.03545254468917847
6615100,0,3652.5,0.01808045498260602,0.036625802516937256
6625133,0,3652.5,0.004763269228926448,0.011338949203491211
6628441,1,869.0,0.08573593924285139,0.1065908670425415
6630083,0,1355.0,0.0497787481782378,0.03542906045913696
6632092,0,3652.5,0.0182296186379447,0.023107945919036865
6632193,0,3652.5,0.13088877340994343,0.036276400089263916
6632444,0,3652.5,0.0672457717574172,0.056286633014678955
6634423,0,3652.5,0.05214843707300576,0.053541481494903564
6642607,0,3652.5,0.028098175361615185,0.02874755859375
6644975,0,3652.5,0.012145528853322318,0.018864572048187256
6646406,0,145.0,0.05951641311909239,0.02939748764038086
6647948,0,3652.5,0.04901782479229788,0.07256060838699341
6648763,1,1798.0,0.15675194575764506,0.18036800622940063
6650485,0,3652.5,0.0035518730388222064,0.003594815731048584
6654049,0,3652.5,0.015318006360053649,0.02106785774230957
6654102,1,2738.0,0.07216195769563294,0.09595227241516113
6654307,0,3652.5,0.040638348275537806,0.05329686403274536
6655094,0,3652.5,0.003623279084970843,0.0036899447441101074
6664861,0,3652.5,0.014582816093598017,0.01235109567642212
6666751,0,3652.5,0.009731965265865727,0.008827149868011475
6670292,0,3652.5,0.005121797420223784,0.004918158054351807
6670715,0,3652.5,0.04260231280193483,0.05329686403274536
6670993,0,3652.5,0.03927677121329609,0.04752475023269653
6671164,0,3652.5,0.00920059269972362,0.01018613576889038
6675963,0,3652.5,0.026405851718207862,0.02353876829147339
6676898,0,3652.5,0.0057515698935419746,0.009605705738067627
6677185,0,3652.5,0.03777911155901037,0.05329006910324097
6677612,0,3652.5,0.026565768887333863,0.01995670795440674
6677630,0,3652.5,0.18089052588482046,0.1019163727760315
6678995,0,3652.5,0.012723700884089695,0.0159723162651062
6679983,0,3652.5,0.10970282391181596,0.07033389806747437
6681939,0,3652.5,0.12387242280487831,0.09589815139770508
6682617,0,3652.5,0.038239254059268646,0.04054582118988037
6687301,0,3652.5,0.006594199373478826,0.011670529842376709
6694158,0,3652.5,0.044335764840649494,0.04999434947967529
6698420,0,3652.5,0.0033431428991806955,0.0043256282806396484
6707372,0,3652.5,0.03265049772959516,0.06486082077026367
6708108,0,3652.5,0.04041518529649368,0.060745835304260254
6713117,0,3652.5,0.038606968392415286,0.05428367853164673
6720338,0,3652.5,0.004400077955879045,0.009564042091369629
6721052,0,3652.5,0.02290405355484948,0.022082984447479248
6721678,0,3652.5,0.008544700208269473,0.011670529842376709
6721887,0,3652.5,0.007500577297521627,0.007254242897033691
6724793,0,3652.5,0.038325313259697014,0.049013495445251465
6725252,0,3652.5,0.011284990627766667,0.006966590881347656
6732630,0,3652.5,0.08645611732905434,0.10538756847381592
6735681,0,3652.5,0.033063603319729684,0.02940291166305542
6737917,0,3652.5,0.08515084208241763,0.0926782488822937
6740002,0,3652.5,0.08771983044475662,0.1128951907157898
6740980,0,3652.5,0.020340010353372073,0.03918427228927612
6743557,0,3652.5,0.09276427813717414,0.12315016984939575
6743567,0,3652.5,0.00766558822362462,0.013362705707550049
6745870,0,3652.5,0.01212997712429853,0.019146978855133057
6747254,0,3652.5,0.043475878248472544,0.05202817916870117
6747429,0,3652.5,0.042489935655196986,0.05329686403274536
6750830,0,3652.5,0.06585130043708132,0.06127578020095825
6753988,0,3652.5,0.025396991620265097,0.07261484861373901
6761536,0,3652.5,0.007458194662719464,0.013183355331420898
6764667,0,3652.5,0.09307882958888358,0.069521963596344
6765080,0,3652.5,0.08216950371071274,0.1637365221977234
6766171,0,3652.5,0.009460384136274702,0.00987166166305542
6770250,0,3652.5,0.007746262146631766,0.00723952054977417
6770331,0,3652.5,0.09612050819870288,0.05944257974624634
6771678,0,3652.5,0.07895591573952576,0.059518635272979736
6774434,0,3652.5,0.0933184540553077,0.0762563943862915
6776453,0,3652.5,0.36073917622936713,0.3867383599281311
6777570,0,3652.5,0.0031689439098814276,0.0055193305015563965
6779355,0,3652.5,0.00593350821954175,0.00993204116821289
6781849,0,3652.5,0.10917509595594865,0.1637365221977234
6782014,0,3652.5,0.005197528706481158,0.010454237461090088
6783039,0,3652.5,0.008414316588478354,0.010071277618408203
6783454,0,3652.5,0.01732107162367147,0.011114418506622314
6786447,0,3652.5,0.010918773681384275,0.010169446468353271
6788431,0,3652.5,0.1644851140266077,0.13389456272125244
6793529,0,3652.5,0.028601197105443954,0.04192662239074707
6794572,0,3652.5,0.09524312503565013,0.04112863540649414
6795170,0,3652.5,0.012019411689759063,0.008383214473724365
6797473,0,3652.5,0.06036067403784051,0.05413776636123657
6797486,0,3652.5,0.02637475883165996,0.03089660406112671
6804401,0,1988.0,0.4123592007409609,0.22239983081817627
6804565,0,3652.5,0.008915633467598827,0.011670529842376709
6809262,0,3652.5,0.07000714984395184,0.08704185485839844
6811623,0,3652.5,0.026957053541644793,0.04209268093109131
6812585,0,3652.5,0.00898379804979943,0.01433950662612915
6814274,1,356.0,0.0373456580004633,0.04358983039855957
6815539,0,3652.5,0.03152055063384618,0.028480827808380127
6821713,0,3652.5,0.15761667557279546,0.17592662572860718
6825633,0,3652.5,0.02283215369329361,0.02851623296737671
6828329,0,3652.5,0.01555703411376741,0.02758687734603882
6828654,0,1781.0,0.06454759221225348,0.06481707096099854
6829233,0,3652.5,0.029296499272684295,0.041444361209869385
6830195,0,3652.5,0.06578604278655831,0.06380981206893921
6832953,0,3652.5,0.0544192884230259,0.07749837636947632
6834635,0,3652.5,0.24097644743072932,0.17431789636611938
6842063,0,3652.5,0.05197978516494339,0.05133259296417236
6842798,0,3652.5,0.007608720430534177,0.010548412799835205
6843015,0,3652.5,0.0121947948399167,0.010868489742279053
6845949,0,3652.5,0.02542217734167751,0.05939406156539917
6846997,0,3652.5,0.011094748500438123,0.01645529270172119
6847683,0,3652.5,0.007098382469690412,0.009408354759216309
6849186,0,3652.5,0.040095086420124826,0.037000179290771484
6850227,0,3652.5,0.07001058020455253,0.039672136306762695
6857672,0,3568.0,0.03375603903016866,0.032246291637420654
6858147,0,3652.5,0.0019743031431915803,0.003888428211212158
6859151,0,3652.5,0.021175025714597284,0.033397793769836426
6861966,0,3652.5,0.005675668478767104,0.00921010971069336
6862198,0,3652.5,0.008589565493905105,0.007178246974945068
6868248,0,3652.5,0.1648407074759548,0.08651065826416016
6870589,1,1815.0,0.2793265426076669,0.23357629776000977
6870864,0,3652.5,0.002991346133056849,0.0071527957916259766
6872692,0,3652.5,0.008989124803061022,0.01218956708908081
6873539,0,3652.5,0.005251977427493615,0.010067105293273926
6874151,0,3652.5,0.013949532497173234,0.0225752592086792
6874329,0,3652.5,0.02968632681344119,0.028412342071533203
6874948,0,3652.5,0.01121642036350401,0.020794153213500977
6877553,0,3652.5,0.03878107096483829,0.04791802167892456
6882272,0,3652.5,0.0376173333519767,0.03957831859588623
6882900,0,3652.5,0.019372433781779996,0.013290643692016602
6884209,1,327.0,0.16417553147603348,0.0878603458404541
6885104,0,3652.5,0.01257697113808065,0.019745469093322754
6891304,0,3652.5,0.033911962545633556,0.05723607540130615
6893454,0,3652.5,0.0034418519975737416,0.003888428211212158
6895734,0,3652.5,0.0044231228766727915,0.004392385482788086
6897842,0,3652.5,0.008451506352686988,0.012398600578308105
6899947,0,3652.5,0.01280010709302204,0.029947221279144287
6901458,0,3652.5,0.00689040693828713,0.006891369819641113
6901611,1,2964.0,0.08480976243393423,0.08939981460571289
6904014,0,3652.5,0.01445225837881181,0.014223814010620117
6905082,0,3652.5,0.08700280965667784,0.0626060962677002
6908452,0,3652.5,0.18973579989444378,0.18818336725234985
6912527,0,3652.5,0.1350677366438181,0.16162770986557007
6915058,0,3652.5,0.08173795842916409,0.05263519287109375
6917796,1,3462.0,0.038647025194817664,0.036957740783691406
6920624,0,3429.0,0.015249694411739623,0.022687852382659912
6921140,0,3652.5,0.11731436356761382,0.1189003586769104
6925682,0,3652.5,0.008145277932603001,0.017163217067718506
6930569,0,2247.0,0.07960470236378958,0.08258861303329468
6934514,0,3652.5,0.013916568864794532,0.02186816930770874
6944280,0,3652.5,0.03787729529602624,0.019042134284973145
6944766,0,3652.5,0.2417681210491801,0.18528443574905396
6944885,0,3652.5,0.03355837445228471,0.03983265161514282
6946362,0,3652.5,0.009116043510800309,0.008560001850128174
6948200,0,3652.5,0.09561862616834094,0.11961805820465088
6950292,0,3652.5,0.023865794731735557,0.023183703422546387
6950754,0,3652.5,0.042782908115195584,0.07908010482788086
6961522,0,3652.5,0.08670928854859705,0.07442104816436768
6961991,0,3652.5,0.013881717539806937,0.014843583106994629
6962377,0,126.0,0.029882640792161963,0.04919147491455078
6963353,0,3652.5,0.00889423921618282,0.01405942440032959
6964268,0,3652.5,0.022595368001732785,0.02633953094482422
6967229,0,3652.5,0.007426743327007546,0.016666710376739502
6968363,0,3652.5,0.03293768531696739,0.04157733917236328
6969549,0,2348.0,0.012857842383135698,0.016469836235046387
6974539,0,3652.5,0.1757337964812028,0.08790642023086548
6978783,0,3652.5,0.02047482279388413,0.0394134521484375
6978918,0,3652.5,0.016961892937350287,0.03076303005218506
6980150,0,3652.5,0.017275595109627284,0.022236347198486328
6982937,0,3652.5,0.034492158959074426,0.03605014085769653
6990136,0,3652.5,0.0391461534217018,0.026300489902496338
6991551,0,3652.5,0.003295096348664983,0.0043256282806396484
6992976,0,3652.5,0.013442087711177053,0.023625195026397705
6995520,0,3652.5,0.06725404241890809,0.07109832763671875
6995910,0,3652.5,0.01233866676148132,0.014616549015045166
7004582,1,3580.0,0.07055537302869452,0.06544709205627441
7006724,0,3652.5,0.007999465207241596,0.011072337627410889
7010106,0,3652.5,0.033606559275819015,0.03255784511566162
7010141,0,3652.5,0.015467647008110097,0.028287649154663086
7014921,1,3414.0,0.11179193017263966,0.1300070881843567
7015231,0,2719.0,0.030441398788528917,0.03969597816467285
7015466,0,3652.5,0.07322174979034646,0.10550099611282349
7018777,0,2193.0,0.12805750973708718,0.1436704397201538
7019647,0,3652.5,0.04068092186127359,0.06421005725860596
7020257,0,3652.5,0.008072163495097984,0.004392385482788086
7020840,0,87.0,0.14468132356555052,0.10097593069076538
7021515,0,3652.5,0.02820830707088884,0.049359917640686035
7021760,0,3652.5,0.10989842374632253,0.10167688131332397
7026005,0,3652.5,0.006486190192708019,0.0064566731452941895
7026663,0,3652.5,0.06899282198869272,0.0590481162071228
7027036,0,3652.5,0.04940026417738419,0.060949623584747314
7027895,0,3652.5,0.006114090122067317,0.0038529038429260254
7030028,0,3652.5,0.07103924622673874,0.05124950408935547
7033282,0,3652.5,0.020941283342892025,0.07295048236846924
7033295,0,3652.5,0.11521027397369132,0.17382442951202393
7040058,0,3652.5,0.049214612198674734,0.06439095735549927
7040194,0,3652.5,0.042479770400200345,0.039419591426849365
7045307,0,3652.5,0.03195142053964184,0.0386773943901062
7048683,1,1596.0,0.08531235405595972,0.13804322481155396
7048689,0,3652.5,0.04558587243544454,0.05329686403274536
7051327,0,3652.5,0.011328819638209087,0.00903463363647461
7055406,0,3652.5,0.009868957809440082,0.012814640998840332
7056911,1,2399.0,0.1452622849865507,0.16491413116455078
7063560,0,3652.5,0.012253679098957915,0.02065718173980713
7064582,0,3652.5,0.3173971854419422,0.25648611783981323
7066256,0,3652.5,0.13385482402929305,0.17133253812789917
7070073,1,753.0,0.023801076127734855,0.03497278690338135
7072049,0,3652.5,0.01461572477901385,0.01525181531906128
7072893,0,3652.5,0.022275012209872047,0.04109007120132446
7074982,0,3652.5,0.06530839091704355,0.03908884525299072
7075342,0,3652.5,0.010037713363710177,0.01397693157196045
7076148,0,2424.0,0.030659525249505992,0.04109007120132446
7080627,0,3652.5,0.03772810475203381,0.037173569202423096
7081702,0,3652.5,0.0036487931579276545,0.004701972007751465
7081858,0,3652.5,0.06064407558156437,0.073627769947052
7083969,0,3652.5,0.01860931634676577,0.03430384397506714
7087103,0,3652.5,0.015577262549197224,0.013981401920318604
7089972,0,3652.5,0.00724569303635636,0.013286054134368896
7090812,0,3652.5,0.0705614543767803,0.07028239965438843
7091695,0,3652.5,0.03261216460953553,0.0496748685836792
7096058,0,3652.5,0.036008992386822314,0.03103172779083252
7096757,0,3652.5,0.06787694142637535,0.038644254207611084
7097098,1,2773.0,0.06593423876670834,0.0605962872505188
7099786,0,3652.5,0.020563228867299888,0.03571885824203491
7101850,0,3652.5,0.0793233747240426,0.09792125225067139
7102317,0,3652.5,0.03240152143423736,0.05909132957458496
7107960,0,3652.5,0.06972950913455367,0.11138159036636353
7112885,0,3652.5,0.0053796966036012694,0.006789565086364746
7112968,0,3652.5,0.0180524572775963,0.016515731811523438
7115305,0,3652.5,0.17043471856557868,0.07487702369689941
7117817,0,3652.5,0.043629303740108094,0.05329686403274536
7118703,0,3652.5,0.015441630113406046,0.016306817531585693
7118804,0,3652.5,0.012105531325247831,0.015398800373077393
7119357,0,3652.5,0.05993297592439273,0.12760955095291138
7121905,0,3652.5,0.040592987277660586,0.034436702728271484
7123891,0,3652.5,0.12382068559591886,0.15368962287902832
7125003,0,3652.5,0.0038736953718732092,0.0055193305015563965
7125903,0,3652.5,0.009176664722703398,0.006748318672180176
7128663,0,3652.5,0.008288324060202745,0.015561819076538086
7134521,0,3652.5,0.01884560439134486,0.03386932611465454
7135704,0,3652.5,0.02523437211645929,0.04195594787597656
7137307,0,3652.5,0.07178452075084008,0.048992931842803955
7138065,0,3652.5,0.06066848878174136,0.06134837865829468
7138956,0,429.0,0.014317844520871925,0.018513083457946777
7138958,0,3652.5,0.013543206004743569,0.029947221279144287
7142512,0,3652.5,0.03274875632555141,0.023882627487182617
7143708,0,3652.5,0.07363349843572875,0.1071428656578064
7144143,0,3652.5,0.08961801263801594,0.05799102783203125
7145054,0,3652.5,0.03798120898496704,0.044954895973205566
7146885,0,3652.5,0.005984314357404874,0.005913794040679932
7148509,0,3652.5,0.011498600710849516,0.011230885982513428
7149550,0,3652.5,0.007532380034078412,0.010904252529144287
7152210,0,3652.5,0.10585725725391781,0.09557133913040161
7152480,0,3652.5,0.017348883975396356,0.010217070579528809
7168878,0,3652.5,0.012765321179051936,0.013894379138946533
7168984,0,3652.5,0.011441344831207068,0.015164315700531006
7169685,0,3652.5,0.060062950069079246,0.06440752744674683
7169870,0,3652.5,0.003065086505470438,0.00485837459564209
7172645,0,3652.5,0.08070298887471916,0.0635576844215393
7176662,0,3652.5,0.01795335513985319,0.022687852382659912
7177738,0,3652.5,0.008932619295682565,0.006626248359680176
7187610,0,3652.5,0.09068291768628878,0.10167306661605835
7187972,0,3652.5,0.05208511512077485,0.0345766544342041
7188320,0,3652.5,0.00940371567446896,0.005928516387939453
7188616,0,3652.5,0.08963341491023591,0.08478057384490967
7189068,0,3652.5,0.006797140235533572,0.01644665002822876
7190710,0,3652.5,0.0697144741855461,0.042772889137268066
7192432,0,3652.5,0.011495128818539424,0.027951478958129883
7197574,0,3652.5,0.08123139527451251,0.13106542825698853
7198139,0,3652.5,0.047039256148842745,0.027828991413116455
7201111,0,3652.5,0.017213867912874603,0.012172341346740723
7203977,0,1102.0,0.041015438342787536,0.05143940448760986
7205418,0,3652.5,0.015185488899693622,0.014638304710388184
7205564,0,3652.5,0.062487836102165906,0.0782274603843689
7205589,0,3652.5,0.010380591217156732,0.01218956708908081
7206124,0,3652.5,0.1194824136773307,0.13059073686599731
7208901,0,3652.5,0.027998695958948328,0.028541207313537598
7209740,0,3652.5,0.004870097770797499,0.005833327770233154
7211403,0,3573.0,0.12414434467617974,0.1396283507347107
7211504,0,3652.5,0.07208268832817699,0.06689620018005371
7212988,0,3652.5,0.014204609191105777,0.020665228366851807
7215151,0,3652.5,0.010371547751519272,0.020122408866882324
7215415,0,3652.5,0.06861062933953299,0.0925668478012085
7215674,1,254.0,0.4401981192191431,0.23792988061904907
7217244,0,3652.5,0.011809855327932994,0.014080584049224854
7220104,0,3652.5,0.03985083143732804,0.04520684480667114
7221156,0,3652.5,0.030895079680212767,0.03666567802429199
7221812,0,3652.5,0.06139839728731722,0.06990617513656616
7222607,0,3652.5,0.0407930739099146,0.03666567802429199
7223168,0,3652.5,0.01615297820295214,0.011519789695739746
7223947,0,3652.5,0.1564573858541628,0.09944391250610352
7224287,0,3652.5,0.005258710865088667,0.0043256282806396484
7224409,0,3652.5,0.004977192947030584,0.004735767841339111
7224907,0,3652.5,0.02301211497581901,0.03605014085769653
7225063,0,3652.5,0.033909995043489016,0.038683533668518066
7227979,0,2311.0,0.08690541251192097,0.06617408990859985
7230767,0,3652.5,0.019656810333565145,0.026945412158966064
7231216,0,3652.5,0.012117143490337212,0.018481791019439697
7231287,0,3490.0,0.017524491905634765,0.027075111865997314
7231351,0,3652.5,0.004171074643528616,0.0066599249839782715
7231853,0,1214.0,0.01585523082968132,0.03548330068588257
7240222,0,3652.5,0.044029120853106396,0.0515284538269043
7240524,0,3652.5,0.01680091973652953,0.019281983375549316
7245993,0,3652.5,0.10326910308032555,0.11052459478378296
7247480,0,3652.5,0.0473217457131363,0.03670006990432739
7248955,0,3652.5,0.008791758668245997,0.012827396392822266
7254045,0,3652.5,0.11321671704063208,0.07710880041122437
7256400,0,3652.5,0.10328581971437734,0.08794945478439331
7262833,0,3652.5,0.02211706013317616,0.018705785274505615
7264965,0,3652.5,0.10948619112912827,0.06427288055419922
7265026,0,3652.5,0.06810716466870326,0.06548053026199341
7265381,0,2235.0,0.028849065995126377,0.044590115547180176
7269526,0,3652.5,0.17697963287141116,0.1510043740272522
7271263,0,3652.5,0.015663628318096756,0.019422829151153564
7272972,0,3652.5,0.0821720452400051,0.06257325410842896
7274249,0,3652.5,0.040641377217741526,0.03116166591644287
7275609,0,3652.5,0.013359510968328991,0.02072298526763916
7276474,0,3652.5,0.12253021352992666,0.11114871501922607
7277520,0,3652.5,0.010959688076297325,0.012590765953063965
7279161,0,3652.5,0.033374060420317764,0.03276914358139038
7287877,0,3652.5,0.01031250401515127,0.01060706377029419
7291047,0,3652.5,0.028289660317398213,0.043364644050598145
7291457,0,3652.5,0.018395359279137824,0.04007083177566528
7291682,0,647.0,0.17120931770234926,0.1953352689743042
7291932,0,3652.5,0.00580715129803655,0.009558260440826416
7293870,0,3652.5,0.005251935505373839,0.0058710575103759766
7300814,0,3652.5,0.021382944566257223,0.0394134521484375
7302282,0,3652.5,0.01041968970585716,0.014735758304595947
7302765,0,3652.5,0.04703900993330434,0.04121041297912598
7306067,0,3652.5,0.024807534977320023,0.0187147855758667
7306069,0,3652.5,0.007622546544686193,0.007178246974945068
7306387,0,3652.5,0.041883484938293636,0.03130418062210083
7306686,0,3652.5,0.025239540459130128,0.02111232280731201
7307274,0,3652.5,0.20438993408146244,0.11039727926254272
7308850,0,3652.5,0.05492253957737614,0.052460432052612305
7311654,0,3652.5,0.06900203801345584,0.07211863994598389
7314068,0,3652.5,0.029232531433899367,0.03293466567993164
7315561,0,3652.5,0.006909475246830277,0.009173989295959473
7317237,0,3652.5,0.062412487717748655,0.09523189067840576
7318589,0,3652.5,0.016039473532488357,0.017376840114593506
7321813,0,3652.5,0.04682235871017537,0.04202532768249512
7325612,0,3652.5,0.011264416550790246,0.01595747470855713
7327801,0,3652.5,0.046708807146440656,0.0484272837638855
7329338,0,2634.0,0.012982439848145177,0.02291560173034668
7330337,0,3652.5,0.016651879156322824,0.02549511194229126
7331322,0,3652.5,0.014707410186168945,0.02649247646331787
7331862,0,3652.5,0.0245488362101407,0.01599198579788208
7331874,0,3652.5,0.04276996122317622,0.029700934886932373
7333627,0,3652.5,0.006268863108656708,0.004918992519378662
7334881,0,3652.5,0.05177408532133354,0.04811382293701172
7336054,0,3652.5,0.005626618597201927,0.005913794040679932
7337118,0,3652.5,0.038832886105565234,0.04808539152145386
7338033,0,3652.5,0.05419973285955504,0.07346665859222412
7339344,0,3652.5,0.08913979888401291,0.10856276750564575
7342472,0,3652.5,0.0289236645892742,0.03302264213562012
7343134,0,3652.5,0.1740024936430974,0.14287924766540527
7344316,0,3652.5,0.01313122773673392,0.018579423427581787
7351119,0,3652.5,0.12491745003500532,0.05607861280441284
7351212,0,3652.5,0.0468907168148609,0.03355848789215088
7355621,0,3652.5,0.033601640408341904,0.02677994966506958
7356485,0,3652.5,0.027687254829705243,0.03276914358139038
7356910,0,3652.5,0.010459058068669203,0.014903903007507324
7358443,0,3652.5,0.0034784406374405163,0.004414916038513184
7359601,0,3652.5,0.008272868537527622,0.014772415161132812
7361511,0,2298.0,0.02902488456826624,0.04084235429763794
7368618,0,3652.5,0.06228541263315335,0.044831812381744385
7369615,0,3652.5,0.012100363067628628,0.012590765953063965
7370013,0,3652.5,0.04227940928304785,0.03957831859588623
7370676,0,3652.5,0.01085019980786861,0.013985157012939453
7370687,0,3652.5,0.0764429264294495,0.15907353162765503
7375135,0,2618.0,0.01800295982214295,0.01990276575088501
7376006,0,3652.5,0.013667070243504331,0.03923952579498291
7385151,0,3652.5,0.05011137944051747,0.060826778411865234
7387069,0,3652.5,0.004400612669547721,0.003780663013458252
7392396,0,3652.5,0.01289916723364215,0.014457464218139648
7394217,0,3652.5,0.028432971075200153,0.04819679260253906
7400765,0,3652.5,0.05620123243954933,0.05329686403274536
7405061,0,3652.5,0.04035191745362632,0.02825683355331421
7405988,0,3652.5,0.017825200550030673,0.01475679874420166
7407080,0,3652.5,0.027836980215195206,0.02683645486831665
7409622,0,3652.5,0.03476832272746677,0.03732120990753174
7411567,0,3652.5,0.10493618454353182,0.10111868381500244
7413227,0,3652.5,0.035278420494506024,0.056025683879852295
7413447,1,1552.0,0.02127030054039758,0.023183703422546387
7417603,0,3652.5,0.009635358756544421,0.005793392658233643
7421959,1,1384.0,0.07125308030194555,0.07495748996734619
7423913,0,3652.5,0.10444414780805333,0.08988028764724731
7428655,0,3652.5,0.01148507761473161,0.01725304126739502
7432013,0,3077.0,0.15719810835596304,0.09220784902572632
7432416,0,3652.5,0.011733642272966582,0.018657982349395752
7432581,0,3652.5,0.0057453182839777295,0.0064566731452941895
7433518,0,3652.5,0.03567950322705993,0.05465012788772583
7434568,0,3652.5,0.03880145545020208,0.025765836238861084
7435127,0,3652.5,0.014525752942578185,0.018772780895233154
7435566,0,3652.5,0.0030548867096477084,0.0035812854766845703
7435922,1,418.0,0.011521275464241754,0.01361912488937378
7436137,0,3652.5,0.02597439578540839,0.02156585454940796
7442608,0,3652.5,0.0432594800917121,0.05329686403274536
7455427,0,3652.5,0.0378854556280801,0.025299251079559326
7459563,0,3652.5,0.011730027154599476,0.01405942440032959
7459567,0,3652.5,0.0361591042216316,0.038644254207611084
7461158,0,3652.5,0.010234402679723087,0.012172341346740723
7461998,0,1197.0,0.18621840071210372,0.15945738554000854
7463006,0,3652.5,0.024095555285093107,0.04209268093109131
7463172,0,3652.5,0.006180124490148375,0.006890594959259033
7463712,0,3652.5,0.004820770888853021,0.0038293004035949707
7464920,0,3652.5,0.044151888955583085,0.052460432052612305
7465400,0,3652.5,0.009163645228123518,0.007617354393005371
7471636,0,3652.5,0.06569726311623392,0.05957531929016113
7473824,0,3652.5,0.10825688283205237,0.148545503616333
7477290,0,3652.5,0.00784716655753237,0.004918813705444336
7480194,0,2666.0,0.008650730417918306,0.007826030254364014
7480343,1,2896.0,0.12931343122736982,0.12582409381866455
7480631,0,3652.5,0.0078259259054273,0.0060651302337646484
7484682,0,3652.5,0.006277432860345433,0.010067105293273926
7486082,0,3652.5,0.0032537128557027506,0.004985630512237549
7487878,0,1305.0,0.0762645314109961,0.06082439422607422
7488011,0,3652.5,0.06037883243972442,0.03978699445724487
7489882,0,3652.5,0.04562685342565276,0.05147427320480347
7494981,0,3652.5,0.020333661042210793,0.03156411647796631
7495747,0,3652.5,0.01727848655582709,0.013568520545959473
7506257,0,3652.5,0.02282817421107275,0.03297066688537598
7508404,0,3652.5,0.013997524686483631,0.01332467794418335
7509016,0,3652.5,0.038327539267977384,0.0396386981010437
7510955,0,3652.5,0.01669344330881284,0.017014682292938232
7515011,0,3652.5,0.022402746160763543,0.02760779857635498
7516004,0,3652.5,0.011791944143093591,0.01579827070236206
7519156,0,3652.5,0.045581333388687195,0.036915481090545654
7523370,1,1178.0,0.08986521171379336,0.18288767337799072
7529032,0,3652.5,0.004904978729418419,0.007326006889343262
7532838,0,3652.5,0.044198001423166544,0.029711902141571045
7540422,0,3652.5,0.04697606832932777,0.03808706998825073
7540676,0,3652.5,0.01841713552906943,0.025634586811065674
7542806,0,3652.5,0.08957429735904121,0.07347297668457031
7544356,0,3652.5,0.11968615879175115,0.10028737783432007
7547192,0,3652.5,0.074580963258985,0.0659024715423584
7549613,0,3652.5,0.015833745853101155,0.02601325511932373
7549687,0,3652.5,0.0152565717186115,0.02633213996887207
7549851,0,3652.5,0.005588717890308903,0.004915952682495117
7557843,0,3652.5,0.0060225412962628955,0.010280907154083252
7561936,0,3652.5,0.0218076207412512,0.03496527671813965
7562965,0,1350.0,0.044445959052375805,0.05143940448760986
7563522,0,3652.5,0.00496894620977173,0.005577027797698975
7566271,0,3652.5,0.0076118094252558555,0.006735026836395264
7567131,0,3652.5,0.016198592027237724,0.015303432941436768
7569857,0,3652.5,0.0037615633511672852,0.004392385482788086
7573763,0,2949.0,0.012310463499585533,0.027490675449371338
7575172,0,3652.5,0.007790112802424587,0.008383214473724365
7575957,1,3109.0,0.011453430996611336,0.015252828598022461
7578214,0,3652.5,0.008013948509100866,0.01235109567642212
7579949,0,3652.5,0.01443418056756074,0.024719953536987305
7590563,0,3652.5,0.09528957425751383,0.06822603940963745
7593614,0,3652.5,0.03661677328486235,0.018515586853027344
7594764,0,3652.5,0.01416838835200418,0.00931936502456665
7607168,0,2818.0,0.10844588146514356,0.08169049024581909
7608253,0,339.0,0.009702529712717123,0.011216044425964355
7608781,0,3652.5,0.00849295290025942,0.015164315700531006
7609315,0,3652.5,0.0102703893837377,0.012814640998840332
7609801,0,3652.5,0.008139170868942891,0.013879835605621338
7611382,1,1562.0,0.023304514473468374,0.0287625789642334
7611946,0,3652.5,0.024718595132964483,0.028824448585510254
7612717,0,3652.5,0.04715938094127481,0.07842206954956055
7617930,0,3652.5,0.009893031941535235,0.008824288845062256
7618408,0,3652.5,0.11932022583706015,0.1616634726524353
7620439,0,3652.5,0.03589604470159269,0.05727654695510864
7621333,0,3652.5,0.08843324058694302,0.10856276750564575
7624338,0,3652.5,0.08818765011642082,0.0926782488822937
7624558,0,3652.5,0.076695704036994,0.08506661653518677
7632475,0,3652.5,0.08123913380042758,0.06930100917816162
7633269,0,3652.5,0.008066330296177981,0.011646568775177002
7633325,0,3652.5,0.005059153375772674,0.00851660966873169
7633398,0,3652.5,0.042554615754412994,0.04567718505859375
7636397,0,3652.5,0.013329327110319866,0.018157124519348145
7640190,0,3652.5,0.09954886428758314,0.06991463899612427
7641541,0,3652.5,0.012794918438517322,0.016857683658599854
7642627,1,3625.0,0.11740464444655652,0.1372029185295105
7643552,1,2078.0,0.2511568256006411,0.24948567152023315
7645785,0,3652.5,0.021244639412186794,0.015937745571136475
7649024,0,3652.5,0.050528654138175755,0.02560293674468994
7653278,0,3652.5,0.02667457878158619,0.04040449857711792
7654293,0,3652.5,0.006287814852344864,0.0058342814445495605
7655847,0,3652.5,0.06787964551458969,0.04660522937774658
7655980,0,3652.5,0.11375669879575934,0.06947958469390869
7659676,0,3652.5,0.01634921922961652,0.009866595268249512
7659746,0,3652.5,0.036134686254787995,0.03232133388519287
7665069,0,3652.5,0.008790657526105972,0.009408354759216309
7667770,0,3652.5,0.011115914046339936,0.012590765953063965
7669388,0,3652.5,0.04066226648962934,0.052096664905548096
7671087,0,3652.5,0.05005102077456358,0.06968152523040771
7671534,0,3652.5,0.024839888191670045,0.030546486377716064
7673746,0,3652.5,0.017794064148723865,0.015912532806396484
7679291,0,3652.5,0.016708351823103818,0.012659966945648193
7680985,0,3652.5,0.027212645320396245,0.024918854236602783
7682014,0,3652.5,0.006704091483261787,0.007178246974945068
7682558,0,3652.5,0.010786308588719873,0.020347177982330322
7685653,0,3652.5,0.0712241491895238,0.06249380111694336
7688408,0,3652.5,0.003470602069762685,0.0038700103759765625
7688485,0,3652.5,0.08516635248456728,0.08554130792617798
7689728,0,3652.5,0.004106536598248112,0.004392385482788086
7695005,0,3652.5,0.17583562913124684,0.09248441457748413
7699996,0,3652.5,0.012829941610145168,0.03318619728088379
7703526,0,3652.5,0.027500872217516736,0.02396237850189209
7703931,0,3652.5,0.03639643324946473,0.02353876829147339
7709377,0,3652.5,0.031952942571320975,0.03845590353012085
7709610,0,3652.5,0.0838380486891237,0.06605714559555054
7712546,0,3652.5,0.004166272147872352,0.0038293004035949707
7713483,0,3652.5,0.01182104795588712,0.011171996593475342
7717169,0,3652.5,0.032787461721349165,0.055028676986694336
7724401,0,3652.5,0.008729925683856887,0.005757391452789307
7724985,0,3652.5,0.013679571814178115,0.020119428634643555
7725314,0,3652.5,0.02741836808425635,0.04088658094406128
7726399,0,3652.5,0.04049707966144522,0.050014615058898926
7728227,0,3652.5,0.03634654555053263,0.022302687168121338
7731975,0,3652.5,0.0073113752670248555,0.008542954921722412
7735726,0,3652.5,0.12365450726803151,0.15170204639434814
7737648,0,3652.5,0.009771458139143818,0.009866178035736084
7737840,0,3652.5,0.007628109292752261,0.010147511959075928
7738034,0,3652.5,0.04741373448728892,0.04657280445098877
7738485,0,3652.5,0.006592664228949441,0.007256627082824707
7738509,1,2779.0,0.014719817185844475,0.017123043537139893
7739067,0,3652.5,0.010407608338285024,0.011931419372558594
7740226,0,3652.5,0.06226895043700409,0.10932910442352295
7741535,0,3652.5,0.005919927896879007,0.008738100528717041
7742959,0,3652.5,0.08048925741016633,0.06350785493850708
7743516,0,3652.5,0.05039259686491304,0.05730205774307251
7746734,0,3652.5,0.012414867676463048,0.010904073715209961
7747761,0,3652.5,0.006475309705389343,0.00454556941986084
7757032,0,3652.5,0.039165160745715855,0.05015873908996582
7758198,0,3652.5,0.003799226722145055,0.006941378116607666
7764355,0,593.0,0.07432250111397098,0.07476454973220825
7770601,0,3652.5,0.06291518910246918,0.03262817859649658
7785695,0,3652.5,0.11981148712089051,0.09111863374710083
7789320,0,3652.5,0.10009058729006737,0.06612491607666016
7790641,0,3652.5,0.026116674211473456,0.029998600482940674
7792596,0,3652.5,0.0071353508121986264,0.009265482425689697
7793362,0,3652.5,0.021377103353430016,0.008077919483184814
7796482,0,3652.5,0.01851511138405937,0.03506171703338623
7796923,0,3652.5,0.008870414689481243,0.010828971862792969
7798080,0,3652.5,0.0451338153484635,0.03418165445327759
7798656,0,3652.5,0.011220869440291992,0.0183866024017334
7800260,0,3652.5,0.030681577752853406,0.02982008457183838
7801488,1,2612.0,0.04642975344255862,0.07363533973693848
7801730,0,3652.5,0.017054207429789914,0.018391549587249756
7805495,0,2807.0,0.18902177642998308,0.13321739435195923
7805969,0,3652.5,0.010458779116039874,0.007541954517364502
7806429,0,3652.5,0.01890304065112447,0.020100176334381104
7807898,0,3652.5,0.17787857605636626,0.1828901767730713
7808711,0,3652.5,0.008597563242665696,0.010927796363830566
7809046,0,3652.5,0.07055862328977103,0.06103837490081787
7811148,0,3652.5,0.05982091142408785,0.03205984830856323
7815724,0,3652.5,0.09918537660170124,0.05648469924926758
7819114,0,3652.5,0.08627988219803329,0.18288767337799072
7820775,0,3652.5,0.007393528730022192,0.010169446468353271
7824035,0,3652.5,0.006013446436907599,0.009866178035736084
7824335,0,3652.5,0.007804090223008542,0.008613407611846924
7825014,1,3307.0,0.1563793556591747,0.18359142541885376
7826273,0,3652.5,0.006201235269616356,0.009783148765563965
7827758,0,3652.5,0.006916784904273943,0.01435089111328125
7831466,0,3652.5,0.10430091844855138,0.14838731288909912
7834082,0,2826.0,0.022076917004239638,0.016731202602386475
7834949,0,1906.0,0.020379061564901213,0.02888268232345581
7835507,0,3652.5,0.04903724859156244,0.05124950408935547
7836671,0,3652.5,0.038152853576586154,0.034877002239227295
7840911,0,3652.5,0.022484499685631598,0.037555992603302
7846178,1,2578.0,0.010210288584080907,0.02270108461380005
7848919,0,3652.5,0.1084111490281563,0.11209887266159058
7854325,0,3652.5,0.029485454333072703,0.02267831563949585
7856764,0,3652.5,0.008709638954556231,0.01637941598892212
7857277,0,3652.5,0.04293802455883711,0.05938011407852173
7858251,1,2948.0,0.15744863558721955,0.12414103746414185
7860622,0,3652.5,0.08006191349086156,0.06866896152496338
7861575,0,3652.5,0.021006957858854758,0.03463524580001831
7869666,0,3652.5,0.09336663084660657,0.07108902931213379
7875131,0,3652.5,0.013168438310070307,0.01095515489578247
7876375,0,3652.5,0.04022340350188658,0.07443511486053467
7876657,0,3652.5,0.04831574861489851,0.06716006994247437
7876687,0,3652.5,0.043894035646817264,0.04476892948150635
7880995,0,3652.5,0.11127799401824567,0.12985390424728394
7881204,0,2406.0,0.07867903733692938,0.07668191194534302
7883417,0,3652.5,0.003825658153813749,0.004392385482788086
7897994,0,3652.5,0.08065828076469472,0.1612558364868164
7899915,0,3652.5,0.027775125998779182,0.030127763748168945
7902882,0,3652.5,0.018307599134800068,0.034438252449035645
7904179,0,3652.5,0.11723314051111666,0.09493207931518555
7908819,0,3652.5,0.04112557560333352,0.045181334018707275
7910022,0,3564.0,0.12287506423735706,0.13807886838912964
7910043,0,3652.5,0.02298863763138803,0.01972639560699463
7911107,0,3652.5,0.04775119723761112,0.04177647829055786
7912905,0,3652.5,0.005267835196813175,0.010454237461090088
7913579,0,3652.5,0.0037326178352552475,0.005989015102386475
7915767,1,2275.0,0.2971395949453015,0.18574434518814087
7922993,0,3652.5,0.0260306664216976,0.04993671178817749
7926598,0,3652.5,0.013975844826969563,0.03178441524505615
7929170,0,3652.5,0.08352466205458708,0.07883000373840332
7932687,0,3652.5,0.03940781961514683,0.04829984903335571
7933423,0,3652.5,0.06493092499048758,0.0417783260345459
7935008,0,3652.5,0.04011393869699276,0.04823559522628784
7935934,0,3652.5,0.11710558535275528,0.24887722730636597
7938479,0,3652.5,0.009920320988654141,0.0179482102394104
7938500,0,3652.5,0.011812795609123072,0.018180012702941895
7941216,0,3652.5,0.012372004758300803,0.024072706699371338
7943235,0,3652.5,0.01402762873861818,0.010512471199035645
7945122,0,3652.5,0.06527920979376034,0.15907353162765503
7945472,0,3652.5,0.053485260022199776,0.055028676986694336
7947614,0,3652.5,0.1672849190951311,0.14635789394378662
7948688,0,3652.5,0.0480670161565363,0.04343855381011963
7949258,0,3652.5,0.0384295192686156,0.02393937110900879
7950270,0,3652.5,0.014970517652948434,0.027302861213684082
7962129,0,3652.5,0.03284858304103899,0.03052884340286255
7979046,0,3652.5,0.17213136754978575,0.17901921272277832
7979313,0,3652.5,0.051404782713932784,0.0719754695892334
7983169,0,3652.5,0.0059273557554856415,0.010828971862792969
7987102,0,3652.5,0.07395538767658971,0.06904268264770508
7989071,0,3652.5,0.007404237583114703,0.010067105293273926
7989877,0,3652.5,0.06933248159630978,0.06118577718734741
7989907,0,3652.5,0.03574348105723513,0.023343920707702637
7990898,0,3652.5,0.031247594368380982,0.04739028215408325
7991279,0,3652.5,0.030956478664522558,0.02851623296737671
7996314,0,3652.5,0.12332838348350916,0.2025265097618103
7997085,0,3652.5,0.0065209747025111175,0.008055627346038818
7997361,0,3652.5,0.025360998458546558,0.03082519769668579
7997920,0,3652.5,0.13406522511472208,0.1882203221321106
8002373,0,3652.5,0.1662447469928211,0.1212313175201416
8002626,0,1396.0,0.10123262510792153,0.033441364765167236
8005542,0,3652.5,0.06026550374045192,0.025010108947753906
8005716,0,3652.5,0.03966714879379796,0.05124950408935547
8006181,0,3652.5,0.07546899743971047,0.06803858280181885
8006375,1,2313.0,0.03370982750042606,0.03557711839675903
8008793,0,2589.0,0.10602952178927572,0.05744278430938721
8018346,0,3652.5,0.01787272805189488,0.013705968856811523
8020119,0,3652.5,0.02263279944306018,0.04209268093109131
8024695,0,3652.5,0.018408468106786424,0.02594512701034546
8028398,0,3652.5,0.07072576900134386,0.06961113214492798
8039082,0,3652.5,0.006452945138331501,0.007767677307128906
8048375,0,3652.5,0.03493547743767378,0.04886394739151001
8053283,0,3652.5,0.02615289918410113,0.04586511850357056
8056692,0,3652.5,0.017454082269451665,0.01588261127471924
8059939,0,3652.5,0.014578879789932775,0.01931554079055786
8077792,0,3652.5,0.03964922150639627,0.05977976322174072
8082548,0,3652.5,0.04139684817126488,0.06353640556335449
8083587,0,3652.5,0.07581429453913813,0.07702815532684326
8091271,0,3652.5,0.008492734469479402,0.007396817207336426
8091644,0,3652.5,0.054862726113987015,0.05492293834686279
8093407,0,3652.5,0.048052390139728174,0.05841100215911865
8098134,0,3652.5,0.054216085065951436,0.09055685997009277
8099211,0,3652.5,0.008106451495878075,0.007617354393005371
8100613,0,3652.5,0.01624206605778844,0.026633024215698242
8100793,0,3652.5,0.012974934291067775,0.013056516647338867
8105648,0,3652.5,0.0325766898893729,0.03928786516189575
8107861,0,3652.5,0.07748977157854897,0.1041109561920166
8109448,0,3652.5,0.022198824694192654,0.05939406156539917
8117641,0,3652.5,0.13649054347242084,0.10382276773452759
8118349,0,3652.5,0.034700900000099066,0.036437809467315674
8121286,0,3652.5,0.034140606683235486,0.055028676986694336
8122346,0,3652.5,0.021410035203454747,0.012021243572235107
8124362,0,3652.5,0.0529064026796916,0.06541168689727783
8126013,0,3652.5,0.03773456119274188,0.02878481149673462
8126551,0,3652.5,0.046353261429162296,0.08431434631347656
8130876,0,3652.5,0.015819781516959175,0.034111082553863525
8131214,0,3652.5,0.04315407048170328,0.01910686492919922
8131420,0,2708.0,0.04199364497468139,0.03120023012161255
8133799,0,3652.5,0.011926608408518224,0.011205434799194336
8134479,0,3652.5,0.004885765266254172,0.006472170352935791
8136967,0,3652.5,0.06817291355942767,0.09364300966262817
8140785,0,3652.5,0.022363871335119523,0.028640270233154297
8141392,0,3652.5,0.010643873060470987,0.01612752676010132
8146724,0,3652.5,0.021882407416856098,0.029895782470703125
8147082,0,3538.0,0.1944535283171206,0.18118101358413696
8149187,0,3652.5,0.011779093358618598,0.01927870512008667
8152391,0,3652.5,0.01495427113934611,0.012066245079040527
8156433,0,1215.0,0.07155298124322995,0.06028604507446289
8157560,0,3652.5,0.02994543557040219,0.05199402570724487
8172209,0,3652.5,0.00675295433719969,0.008582711219787598
8172231,0,3652.5,0.00894276713929465,0.006424844264984131
8173732,0,3652.5,0.04576810506532403,0.05050891637802124
8179617,0,3652.5,0.07798113581842603,0.07378369569778442
8183521,0,3652.5,0.04319405312891211,0.040244460105895996
8184713,0,3652.5,0.02484243214969495,0.06625431776046753
8185486,0,3652.5,0.017095190437832475,0.020279228687286377
8188303,0,3652.5,0.09842076019328694,0.07241648435592651
8193299,0,3652.5,0.011167735545717483,0.011597931385040283
8197207,0,3652.5,0.02321812764877984,0.041827619075775146
8201591,0,3652.5,0.1480354007696858,0.08338725566864014
8203111,0,2474.0,0.0494064104693861,0.07472491264343262
8205021,0,3652.5,0.13391223868177615,0.09370505809783936
8214245,0,3652.5,0.037508011768457306,0.05501985549926758
8214561,0,3652.5,0.009033027308444574,0.009265482425689697
8220466,0,3652.5,0.04069349692614377,0.06452488899230957
8224634,0,3652.5,0.01256829468413656,0.014596164226531982
8226176,0,3652.5,0.011929860981679474,0.007589936256408691
8226989,0,3652.5,0.018873077655991666,0.02937382459640503
8229555,0,3652.5,0.06670833057570891,0.05884230136871338
8233844,0,3652.5,0.009656948574724544,0.006416141986846924
8245182,0,3652.5,0.06344484749379209,0.06866896152496338
8245287,0,3652.5,0.05110370449032686,0.05436551570892334
8246065,0,3652.5,0.07353454968196771,0.09605497121810913
8246413,0,3652.5,0.003626707621238512,0.0047615766525268555
8249226,0,3652.5,0.026482265483836143,0.03149908781051636
8250060,0,3652.5,0.00868416717542042,0.010067105293273926
8263891,0,3652.5,0.2188172564546016,0.2732083797454834
8265511,0,3652.5,0.1029597746753218,0.12717700004577637
8267774,0,3247.0,0.11822122742162366,0.09295010566711426
8269615,0,3652.5,0.04605830807665601,0.05778181552886963
8272502,0,3652.5,0.02583903789425357,0.03587764501571655
8275220,0,3652.5,0.0027688199306282746,0.0055193305015563965
8275271,0,3652.5,0.07994949446451671,0.06719547510147095
8283125,0,3652.5,0.033805355478261134,0.02633953094482422
8286340,0,3652.5,0.004196816379226531,0.007254242897033691
8291170,0,1959.0,0.0029404219359756567,0.010767698287963867
8291320,0,3652.5,0.026497424826616434,0.018391549587249756
8303090,0,3416.0,0.3691329808658783,0.09259945154190063
8304380,0,3652.5,0.02134328464084978,0.016548633575439453
8306199,0,3652.5,0.04470721032744862,0.0449446439743042
8306394,0,3652.5,0.02520970516035892,0.035101354122161865
8306727,0,815.0,0.12062996887682986,0.023568391799926758
8306924,0,3652.5,0.03104282378288481,0.044590115547180176
8307406,0,3652.5,0.004229181111257585,0.005238175392150879
8318764,0,3652.5,0.10367397345019724,0.14482450485229492
8319103,0,3652.5,0.04344760983105911,0.05942666530609131
8320607,0,869.0,0.16189698262823105,0.1359819769859314
8321319,0,3652.5,0.011728236458448893,0.01946467161178589
8323763,0,3652.5,0.004425399108457295,0.004101753234863281
8326024,0,3652.5,0.009294441842730872,0.02106785774230957
8326190,0,3652.5,0.025130000267100105,0.02982008457183838
8327080,0,3652.5,0.019892375812133545,0.02228844165802002
8330292,0,3652.5,0.009943951990051714,0.013457179069519043
8330956,1,266.0,0.027073284851241275,0.044361889362335205
8331159,0,3652.5,0.009192868114202613,0.009020745754241943
8332784,0,3652.5,0.04612645347384903,0.04723405838012695
8333844,0,3652.5,0.023042261886679904,0.017911076545715332
8334332,0,3652.5,0.2036479711308844,0.21685707569122314
8335119,0,3652.5,0.18791483911346785,0.1822550892829895
8343912,0,3652.5,0.010991170204884826,0.017531096935272217
8343946,0,3652.5,0.022310235042998672,0.06028604507446289
8345783,0,3652.5,0.0053541523828332105,0.0071527957916259766
8345828,0,3652.5,0.01755840940736042,0.03175926208496094
8346235,0,3652.5,0.03170866419074603,0.030634939670562744
8346521,0,3652.5,0.036293565759463964,0.05329686403274536
8348195,0,1629.0,0.054734296999266574,0.027828991413116455
8351479,0,3652.5,0.012672208009688823,0.010796844959259033
8352858,0,3652.5,0.07340278994913729,0.04685455560684204
8353431,0,3652.5,0.017025218347210824,0.019303858280181885
8353520,0,3652.5,0.056692788324976706,0.06182819604873657
8353651,0,3652.5,0.03581494366229465,0.04468083381652832
8354357,0,3652.5,0.019789356221072252,0.014681220054626465
8358093,0,3652.5,0.015353404659292247,0.02994227409362793
8358144,0,3652.5,0.008348749129060029,0.005757391452789307
8358266,0,3652.5,0.0372227734212075,0.04055929183959961
8363458,0,3652.5,0.03835655676049332,0.031222403049468994
8363780,1,1851.0,0.17419042214101244,0.11533784866333008
8367068,0,3652.5,0.11739862809918578,0.10364007949829102
8367703,0,3652.5,0.010743837650998178,0.021887242794036865
8367938,0,3652.5,0.007474769008552928,0.00814974308013916
8368959,1,1510.0,0.06633635585778808,0.06882750988006592
8371877,0,3652.5,0.014012905728290836,0.02652871608734131
8374401,0,3652.5,0.07684869853504062,0.09495264291763306
8374498,0,3652.5,0.038984335831768746,0.08233910799026489
8375719,0,3652.5,0.09196763090330728,0.12204831838607788
8376985,0,2230.0,0.11403544378141572,0.061247169971466064
8377034,0,3652.5,0.005912660515254964,0.008255839347839355
8378448,0,3652.5,0.00740174901417423,0.007515370845794678
8378607,0,3652.5,0.3082438649927556,0.21691769361495972
8383071,0,3652.5,0.00853763873936264,0.005550026893615723
8383570,0,3652.5,0.013665521981469309,0.012334346771240234
8384742,0,3652.5,0.004822870120336664,0.007178246974945068
8387725,0,3652.5,0.07028016488253253,0.08797621726989746
8392996,0,3652.5,0.038119011040501416,0.04199188947677612
8393178,0,3652.5,0.0075831222382923835,0.02003490924835205
8393434,0,3652.5,0.038085432504765815,0.029278159141540527
8399122,0,3652.5,0.016584428058233125,0.015873312950134277
8404680,0,3652.5,0.007644787670174402,0.013267993927001953
8410661,0,3652.5,0.001998611657386573,0.003888428211212158
8412753,0,3652.5,0.0183303036928828,0.013542771339416504
8418151,0,3652.5,0.0467617087657779,0.025033771991729736
8420577,0,3652.5,0.04546795783625246,0.05143940448760986
8421557,0,996.0,0.05805956537317036,0.036245882511138916
8421670,1,3253.0,0.07597394200924135,0.08587664365768433
8423619,0,3652.5,0.023372937726858,0.014524638652801514
8429374,0,3652.5,0.10977909561735977,0.1288418173789978
8430479,0,3652.5,0.007971933737985992,0.006424844264984131
8431091,0,3652.5,0.008527915070391634,0.009111166000366211
8435842,0,3652.5,0.08174553785500305,0.043796002864837646
8435956,0,3652.5,0.014966451004012504,0.029620230197906494
8438940,0,3652.5,0.008955924095281231,0.018276691436767578
8439196,1,2747.0,0.0706265158810232,0.09882020950317383
8440748,1,2154.0,0.041459247259024834,0.034436702728271484
8441657,0,3652.5,0.018037100302016884,0.010851860046386719
8443845,0,3652.5,0.00849540824552475,0.012704193592071533
8445226,0,3652.5,0.018321844839764623,0.017482221126556396
8445246,0,3652.5,0.006788278957880811,0.011778593063354492
8449249,0,3652.5,0.007787793159633405,0.008255839347839355
8451758,1,678.0,0.07426832272847284,0.08169049024581909
8454599,0,3652.5,0.023600292844125126,0.03979802131652832
8454777,0,3652.5,0.012990635351502355,0.020773231983184814
8454887,0,3652.5,0.03675027158789701,0.06994658708572388
8456805,0,3652.5,0.005269312185913866,0.007381796836853027
8457627,0,3652.5,0.06932394435706568,0.07151055335998535
8457915,0,3652.5,0.07648082972706272,0.03698909282684326
8459505,0,3652.5,0.0263987123714865,0.0389975905418396
8460794,0,3652.5,0.004579857651197505,0.008916795253753662
8464932,0,3652.5,0.026579069789678944,0.018345773220062256
8465853,0,3652.5,0.0646915270593188,0.06742656230926514
8467478,0,2567.0,0.014078438989357789,0.013225257396697998
8468668,0,3652.5,0.006887967068466172,0.00924670696258545
8474247,0,3652.5,0.004816093190638582,0.004790663719177246
8476285,0,3652.5,0.03711718012617171,0.05089974403381348
8480391,0,3652.5,0.019725654254511338,0.03532499074935913
8495100,0,3652.5,0.18504631348172595,0.09237945079803467
8500988,1,361.0,0.08398154791999679,0.10776901245117188
8502009,0,3652.5,0.009300211882050768,0.008255839347839355
8504597,0,3652.5,0.3673119243353681,0.2502792477607727
8504954,0,3652.5,0.009146033314240132,0.009866178035736084
8505083,0,3652.5,0.0030080652197882474,0.003674447536468506
8511183,0,3652.5,0.0517931582297263,0.08551716804504395
8514006,0,3652.5,0.008007976364083569,0.011931419372558594
8514597,0,3652.5,0.011556346341391466,0.009196221828460693
8517165,0,3652.5,0.021406374700219,0.026280879974365234
8519337,0,3652.5,0.03591654776547615,0.029700934886932373
8520122,0,3652.5,0.0762706161133202,0.042601704597473145
8520415,0,3652.5,0.010877723232619263,0.01103055477142334
8524550,0,3652.5,0.030854917416525796,0.028604626655578613
8525438,0,3652.5,0.011938864339882449,0.013450920581817627
8528328,0,3652.5,0.01979386375020209,0.014035940170288086
8529798,0,3652.5,0.022662711158793147,0.03548330068588257
8534123,0,3652.5,0.020113758524867076,0.030546486377716064
8535739,0,3652.5,0.014130557312055259,0.005554556846618652
8536447,0,3652.5,0.030232390762882977,0.04665130376815796
8538782,0,3652.5,0.06997464938363152,0.03967553377151489
8542285,0,3652.5,0.009719913039377137,0.01352226734161377
8543556,0,3652.5,0.014477008480469511,0.020655393600463867
8544725,0,3652.5,0.10492278448281511,0.05936557054519653
8546732,0,3652.5,0.01720951634566814,0.014707684516906738
8552857,0,3652.5,0.022966724694154284,0.024333596229553223
8554023,0,3652.5,0.008794402714320082,0.0098685622215271
8555337,0,3652.5,0.007282434385035064,0.004852235317230225
8556216,0,3652.5,0.028454173717750053,0.046009063720703125
8558239,0,3652.5,0.03193043240944571,0.02287393808364868
8560357,0,3652.5,0.19743663850822912,0.07741940021514893
8560602,0,3652.5,0.008450592889908237,0.005690634250640869
8562005,0,3652.5,0.03508203592879333,0.04139071702957153
8566370,0,3652.5,0.12464561496298188,0.12648940086364746
8568406,0,3652.5,0.12505635197899556,0.10165214538574219
8568705,0,3652.5,0.13797693129522814,0.12266701459884644
8573433,0,3652.5,0.0684401560113137,0.0962761640548706
8577870,0,3652.5,0.015143447303006319,0.020748794078826904
8578644,0,3652.5,0.007530965940611645,0.0074231624603271484
8580590,0,3652.5,0.1228020093336103,0.1464698314666748
8582037,0,3652.5,0.005234827711940504,0.005587279796600342
8586362,0,2590.0,0.3948350698424927,0.37137770652770996
8593549,0,3652.5,0.05161935907444071,0.050417959690093994
8595137,0,3652.5,0.007554003433750123,0.012771904468536377
8598856,0,3652.5,0.015076206952627569,0.01203697919845581
8602431,0,3652.5,0.022675976057809022,0.02811187505722046
8604301,0,1003.0,0.07049280153704274,0.03477352857589722
8608893,0,3652.5,0.017494114478505463,0.016021549701690674
8618928,0,3652.5,0.03164519906529051,0.05552941560745239
8619327,0,3652.5,0.20431428258211148,0.17888230085372925
8622299,0,3652.5,0.00868892342798222,0.007254242897033691
8629555,0,3652.5,0.009400537090130112,0.01405942440032959
8630398,0,3652.5,0.0068184326875507795,0.005554556846618652
8633952,0,3652.5,0.013963889152305287,0.01937204599380493
8638285,0,3652.5,0.006721667228328343,0.009767353534698486
8640485,0,3652.5,0.013863958788673747,0.017816483974456787
8648050,0,3652.5,0.06811891495378752,0.07378369569778442
8649166,0,3652.5,0.0036104059165965596,0.0058710575103759766
8649953,0,3652.5,0.04301889505893297,0.04326087236404419
8652566,0,1863.0,0.11727935873529727,0.11133313179016113
8654577,0,3652.5,0.008147703369031811,0.01128929853439331
8656522,0,3652.5,0.011463575430290862,0.010691642761230469
8656654,0,3652.5,0.0362372440666181,0.04850149154663086
8657404,0,3652.5,0.006764082831232865,0.023269057273864746
8659129,1,3584.0,0.07190135754643778,0.06194967031478882
8661248,0,3652.5,0.01472892726450703,0.015486299991607666
8662987,0,3652.5,0.01393252093476316,0.02650272846221924
8666425,0,3652.5,0.008394109611246314,0.0183866024017334
8672485,0,3652.5,0.1907246039001711,0.20131796598434448
8673853,1,2782.0,0.13326205350485176,0.1578681468963623
8674300,0,3652.5,0.015602215578050194,0.01215362548828125
8675139,0,3652.5,0.023005598561171348,0.03232383728027344
8678156,0,3652.5,0.011275815246761911,0.014623403549194336
8679079,0,3652.5,0.019996970138833947,0.0321502685546875
8680024,0,3652.5,0.027205881190009773,0.018357396125793457
8681655,0,3652.5,0.007671110301312178,0.01097118854522705
8692819,0,3652.5,0.008608025899189409,0.0074059367179870605
8694263,0,3652.5,0.004777708225351507,0.011072337627410889
8698117,0,3652.5,0.08512001351523002,0.07378369569778442
8699070,0,3652.5,0.02801266926142676,0.02476358413696289
8703333,0,3652.5,0.12948411820345518,0.11172264814376831
8703486,0,3652.5,0.054541105430879866,0.05569964647293091
8705626,0,3652.5,0.008898276915299874,0.01093757152557373
8708607,0,3652.5,0.0067812536774520815,0.008648335933685303
8711473,0,3652.5,0.026068523803813748,0.04586511850357056
8714049,1,3536.0,0.2723032904271028,0.09300076961517334
8718417,0,3652.5,0.00982325402841866,0.011820077896118164
8722635,0,3652.5,0.16443798274850707,0.1128951907157898
8723664,0,3652.5,0.056179765955140404,0.061859071254730225
8725923,1,733.0,0.4418128635589853,0.2839679718017578
8726077,0,3652.5,0.07278601880893554,0.09604793787002563
8726344,0,3652.5,0.12056253973065134,0.1952407956123352
8727218,0,828.0,0.10605710729956841,0.07721477746963501
8735597,0,3652.5,0.008336273418226625,0.007178246974945068
8740972,0,764.0,0.05293406111742571,0.07930457592010498
8742084,0,3652.5,0.03876346113833373,0.045564353466033936
8746841,0,3652.5,0.020506202328525736,0.027075111865997314
8750239,1,1237.0,0.09672150072982755,0.09882020950317383
8753955,0,3652.5,0.026915943781890328,0.027497053146362305
8755719,0,3652.5,0.056928876621112456,0.07228517532348633
8758230,0,3652.5,0.011824354650063484,0.014316380023956299
8758829,0,3652.5,0.04335371727859627,0.042061030864715576
8761330,0,3652.5,0.01122707864650796,0.02106785774230957
8761861,0,3652.5,0.034269184247243234,0.030683040618896484
8762895,0,3652.5,0.01707623386880386,0.036625802516937256
8764501,0,3652.5,0.011863820447224782,0.007826030254364014
8765730,0,3652.5,0.03522949266533881,0.037999749183654785
8769752,0,3652.5,0.04888917477743715,0.06444650888442993
8774004,0,3652.5,0.016430228643397826,0.018810391426086426
8776061,0,3652.5,0.07428679239150837,0.08481752872467041
8785667,0,3652.5,0.06320851751740486,0.05936557054519653
8785993,0,3652.5,0.005573556423295489,0.0074231624603271484
8787358,0,3652.5,0.05108010614248759,0.04520684480667114
8790954,0,3652.5,0.006039474620808449,0.01109004020690918
8794870,0,3652.5,0.014123526855179369,0.010813534259796143
8799866,0,3652.5,0.021977908247976075,0.02269643545150757
8799917,0,3652.5,0.04883680111725319,0.08551716804504395
8801167,0,3652.5,0.08254413819055684,0.10310930013656616
8803531,0,3652.5,0.027591140677515558,0.043081045150756836
8806364,0,3652.5,0.07143440440947157,0.07762980461120605
8812007,0,3652.5,0.17799779388227055,0.16689980030059814
8812078,0,3652.5,0.016608882688406656,0.03738147020339966
8814317,0,3652.5,0.09273607156709673,0.14080238342285156
8814928,0,3652.5,0.03774140233695478,0.051352858543395996
8815508,0,3652.5,0.08362028562497781,0.07008469104766846
8817465,0,3652.5,0.0709276243074003,0.06904584169387817
8820959,0,3652.5,0.005445409440039128,0.003811776638031006
8825382,0,3652.5,0.024598322916243087,0.027805566787719727
8827129,0,3652.5,0.06769845299856403,0.06264030933380127
8827516,0,3652.5,0.011662322343424236,0.01128476858139038
8828207,0,3652.5,0.017926293490489242,0.016888856887817383
8828699,0,3587.0,0.045949182997476745,0.025153160095214844
8829302,0,3652.5,0.013791118904820765,0.012303650379180908
8831312,0,3652.5,0.005361881452532136,0.008383214473724365
8832037,0,3652.5,0.03377510910128012,0.034436702728271484
8836147,0,3652.5,0.04119897337980172,0.0328029990196228
8837584,0,3652.5,0.052726219244912054,0.028316259384155273
8839124,0,3652.5,0.028566600632438766,0.03319966793060303
8839198,0,3652.5,0.04049420487059807,0.04351246356964111
8847286,0,3652.5,0.014162700688390317,0.01990276575088501
8849579,0,3652.5,0.025737000673053623,0.017720162868499756
8851571,0,3652.5,0.03175259818653242,0.039989590644836426
8853342,0,3652.5,0.02519709495418132,0.015546023845672607
8854729,0,3652.5,0.3084184518232007,0.1863393783569336
8858375,0,3652.5,0.06742024551576875,0.11686050891876221
8865542,0,1582.0,0.12024435686866008,0.14539504051208496
8867230,0,3652.5,0.022191425306515633,0.011343538761138916
8867912,0,3652.5,0.014021439958746496,0.02349245548248291
8868094,0,3652.5,0.011190660391250162,0.013722598552703857
8870918,0,3652.5,0.013778901531684262,0.01947951316833496
8871014,0,3652.5,0.045910920755285134,0.0519791841506958
8872844,0,3652.5,0.010493044192018908,0.011230885982513428
8875547,1,1936.0,0.03893965714728309,0.02840036153793335
8878837,0,3652.5,0.03636319824708434,0.044590115547180176
8881309,0,3652.5,0.022420070902057776,0.02396976947784424
8882560,0,3652.5,0.33085857342180525,0.1397010087966919
8887771,0,3652.5,0.014215758465222605,0.014193534851074219
8888980,0,3652.5,0.04752506072467044,0.03639405965805054
8891738,0,3652.5,0.029265713170830265,0.0394134521484375
8891825,0,3652.5,0.032878881687750994,0.07637321949005127
8893885,0,3652.5,0.006354719894766547,0.005440890789031982
8897889,0,3652.5,0.020282666791441972,0.03957831859588623
8903980,0,3652.5,0.01897295925413922,0.023032188415527344
8903994,0,3652.5,0.00808518868211383,0.010526061058044434
8908354,0,3652.5,0.02058525361131691,0.017768025398254395
8912162,0,3652.5,0.007233279201915521,0.01406162977218628
8912184,0,3652.5,0.011416645302639972,0.020811021327972412
8914176,0,3652.5,0.0041195466486003696,0.007178246974945068
8914719,0,3652.5,0.010483085652488233,0.016482830047607422
8917373,0,3652.5,0.005493625811366254,0.010904252529144287
8919881,0,3652.5,0.02202507843865742,0.01401209831237793
8920252,0,3652.5,0.03718294805481004,0.02851623296737671
8922483,0,3652.5,0.019667878103843517,0.027190744876861572
8929479,0,178.0,0.016914924518171115,0.02067488431930542
8931364,0,3652.5,0.08278627276966843,0.08072072267532349
8932016,0,3652.5,0.04295456746885118,0.05124950408935547
8938998,0,3652.5,0.030937941596989038,0.03327631950378418
8941988,0,3652.5,0.038566743269197734,0.061322152614593506
8943162,0,3652.5,0.003563028393024803,0.003936767578125
8948924,0,3652.5,0.00535443146559389,0.007524669170379639
8949254,0,3652.5,0.05239355117946398,0.07456350326538086
8950544,0,3652.5,0.02310517448524363,0.03720325231552124
8951223,0,887.0,0.03196729310302293,0.022767305374145508
8952144,0,3652.5,0.09279409615505863,0.05421668291091919
8952848,0,3652.5,0.034505166391851305,0.051734864711761475
8954155,0,3652.5,0.003110558411931197,0.004046261310577393
8954792,0,3652.5,0.02137664542647988,0.019067704677581787
8957558,0,3652.5,0.06856332191359182,0.052138328552246094
8957655,0,3652.5,0.009143788615387671,0.022240877151489258
8960091,0,3652.5,0.02471325189620044,0.041444361209869385
8961032,0,3652.5,0.01578341507737091,0.019445061683654785
8961222,0,3652.5,0.02832117216972918,0.04009515047073364
8962433,0,3652.5,0.018660925030895892,0.029727041721343994
8962566,0,3488.0,0.022977519401384594,0.018017172813415527
8962960,0,3652.5,0.047871872558930995,0.06125903129577637
8964543,0,3652.5,0.00881817070898716,0.023625195026397705
8965398,0,3652.5,0.006776008696246727,0.014875531196594238
8966739,0,3652.5,0.027125373791071494,0.026189804077148438
8966837,0,3652.5,0.0076512433635317345,0.005051910877227783
8968317,0,3652.5,0.003934938948509936,0.008859395980834961
8969014,0,3652.5,0.0833013838768315,0.1307472586631775
8973763,0,3652.5,0.009746679279246884,0.010904073715209961
8976481,0,3652.5,0.04213461453090761,0.05518662929534912
8977485,0,3652.5,0.08686297932440712,0.09866446256637573
8978859,0,2540.0,0.024264886601459534,0.032568931579589844
8980551,0,3652.5,0.2970214297390601,0.18408268690109253
8981883,0,3652.5,0.0026295568203233977,0.005234897136688232
8982711,0,3652.5,0.5054610671328441,0.17923444509506226
8983972,0,3652.5,0.04721113762491225,0.10007816553115845
8985289,0,3652.5,0.016574769427453062,0.024693071842193604
8988806,1,3161.0,0.012257389957706866,0.017433881759643555
8988909,0,3652.5,0.034492322181488455,0.03607940673828125
8994578,0,3652.5,0.031353103406152494,0.02291238307952881
8997701,1,1740.0,0.11577383094479332,0.1420418620109558
9002486,0,3652.5,0.004486359075299928,0.007617354393005371
9009365,0,3652.5,0.008676660252129653,0.008202672004699707
9010475,0,3652.5,0.011248285213530607,0.0053334832191467285
9013836,0,3652.5,0.08393567876388885,0.07487702369689941
9014129,1,2988.0,0.0460492178849623,0.027653276920318604
9016107,1,1807.0,0.2165740846721459,0.19928210973739624
9020152,0,3652.5,0.012830466731725942,0.04469406604766846
9022479,0,3652.5,0.004816373832277732,0.005008816719055176
9022777,0,3652.5,0.14594250250479257,0.1316177248954773
9024436,1,2513.0,0.05251964224184724,0.074085533618927
9025449,0,3652.5,0.012363297951072716,0.020252585411071777
9025480,0,3652.5,0.03218490262760776,0.0294191837310791
9026622,0,3652.5,0.016077555092309792,0.012780070304870605
9027165,0,3652.5,0.01158472453361914,0.012368738651275635
9027228,0,3652.5,0.07029314463312508,0.06866896152496338
9030568,0,3652.5,0.03498223554872326,0.03713423013687134
9031716,0,3652.5,0.011879944457560354,0.015815019607543945
9036299,1,3087.0,0.07732660466641406,0.07689666748046875
9040093,0,3652.5,0.009472216364142416,0.014456391334533691
9040921,0,3652.5,0.026761389249998935,0.04548060894012451
9041307,0,3652.5,0.03337681255514435,0.04207658767700195
9042436,0,3652.5,0.035900810944520245,0.022983849048614502
9045611,0,3652.5,0.003456946378941672,0.004215061664581299
9046949,0,1141.0,0.03035297978364626,0.0435139536857605
9047531,0,3652.5,0.00764406718712074,0.0052304863929748535
9051977,0,3652.5,0.0027781058688107763,0.004294216632843018
9052323,0,3652.5,0.004585550399158422,0.007260560989379883
9052953,0,3652.5,0.00946918194330948,0.013554751873016357
9056577,0,3652.5,0.016635297713343378,0.021071434020996094
9059122,0,3652.5,0.08246740570400979,0.046502530574798584
9059769,1,169.0,0.1158993796417298,0.11678797006607056
9061178,0,3652.5,0.05247813187621464,0.06588190793991089
9062570,0,3652.5,0.06041343268776078,0.07213777303695679
9062728,0,442.0,0.11244198756968804,0.07472491264343262
9066379,0,3652.5,0.034423879698283644,0.023183703422546387
9067436,0,3652.5,0.011798895229751527,0.014370083808898926
9068747,0,3652.5,0.03400953264626616,0.04631310701370239
9069458,0,3652.5,0.005559018013765238,0.008257746696472168
9069906,0,3652.5,0.04674385165852968,0.06439095735549927
9070021,0,3652.5,0.12809123411861512,0.11452388763427734
9073667,0,3652.5,0.010702768509291305,0.013423323631286621
9075930,0,3652.5,0.006189309505818197,0.012377262115478516
9077372,0,3652.5,0.00653980698116563,0.0072588324546813965
9079273,1,391.0,0.045976395256566494,0.04665130376815796
9079405,0,53.0,0.3425531684688444,0.15789401531219482
9081314,0,3652.5,0.037213959599646906,0.042939186096191406
9081543,0,2122.0,0.1980668052883613,0.16621828079223633
9081664,0,3652.5,0.009287144971414918,0.018481791019439697
9083835,0,3652.5,0.0501919172167089,0.05989807844161987
9087223,0,3652.5,0.00725174098024195,0.00686269998550415
9088410,0,3652.5,0.08904259978787021,0.08424872159957886
9088854,0,3652.5,0.06378245037037389,0.0334019660949707
9088982,0,3652.5,0.027545204998343453,0.037718117237091064
9092400,0,415.0,0.08777046958947776,0.07926821708679199
9093148,0,3652.5,0.1775078042582331,0.08739233016967773
9096506,0,3652.5,0.03501292785686805,0.02744269371032715
9099587,0,3652.5,0.07733175575911222,0.056186676025390625
9101109,0,3652.5,0.0035357750791042974,0.0035704970359802246
9102265,0,3652.5,0.005863915930811592,0.007275521755218506
9105996,0,3652.5,0.012631313396422206,0.02671492099761963
9106323,0,3652.5,0.006145975709824891,0.00450289249420166
9108262,0,3652.5,0.026487575862471968,0.028189539909362793
9109506,0,3652.5,0.13093546740821604,0.06889677047729492
9110678,0,3652.5,0.06550294730036144,0.03803420066833496
9112376,0,3652.5,0.03696667073586568,0.06126880645751953
9113595,0,3652.5,0.04903240614001714,0.053262531757354736
9117746,0,2425.0,0.050958894812539124,0.059247612953186035
9117908,0,3652.5,0.13968163927412347,0.12998032569885254
9118356,1,1792.0,0.047087242041935595,0.04664468765258789
9128641,0,3652.5,0.0541129341941633,0.06439095735549927
9128845,0,3652.5,0.023631429357215072,0.03497278690338135
9130192,0,3652.5,0.07848606188620921,0.10898923873901367
9131118,0,3652.5,0.011996436385033005,0.010767698287963867
9132333,0,3652.5,0.04223909659231906,0.05840098857879639
9132401,1,2669.0,0.03938046865966205,0.015616416931152344
9133483,0,2981.0,0.023649038009313617,0.02842116355895996
9138808,0,3652.5,0.03414831419375686,0.06406676769256592
9139117,0,3652.5,0.011112370609576039,0.01619088649749756
9144816,0,3652.5,0.06158409103163476,0.050782084465026855
9147649,0,3652.5,0.0923789759142366,0.0443076491355896
9153547,0,3652.5,0.016013211962521035,0.012072920799255371
9156806,0,3652.5,0.005918924814527493,0.007730662822723389
9157400,0,3652.5,0.1374676581544504,0.10560733079910278
9162011,0,3652.5,0.07219280802781336,0.07109832763671875
9166471,0,3652.5,0.0991979023761057,0.07662010192871094
9166483,0,3652.5,0.007882440451557171,0.0055422186851501465
9168891,0,3652.5,0.07691834115485452,0.06019949913024902
9168907,0,3652.5,0.04780390372884247,0.03845590353012085
9169696,0,3652.5,0.02582311296169615,0.02726227045059204
9175721,0,3652.5,0.021445887106400496,0.04263991117477417
9176070,0,3652.5,0.004955118717451801,0.006886303424835205
9177636,0,3652.5,0.058224008735224486,0.0631030797958374
9179712,0,3652.5,0.03411784590947353,0.026142895221710205
9180379,0,3652.5,0.00296284106956779,0.003674447536468506
9186204,0,3652.5,0.013946483662052755,0.015251219272613525
9186399,0,3652.5,0.023622303503408437,0.025332093238830566
9192472,0,3652.5,0.009134236089171743,0.011072337627410889
9199071,0,3652.5,0.05228050334366452,0.08927661180496216
9199095,0,3652.5,0.08988739549104041,0.0630994439125061
9199146,0,3652.5,0.11509039586432035,0.07609683275222778
9200204,0,3652.5,0.03359119304956848,0.02077716588973999
9209194,0,3652.5,0.06620498005088649,0.08732300996780396
9210291,0,3652.5,0.1773978118938696,0.19580674171447754
9214772,0,3652.5,0.044990955939052224,0.06330907344818115
9216480,0,3652.5,0.04107466989033115,0.055392324924468994
9216902,0,3652.5,0.03068068085916764,0.02793419361114502
9217418,0,1747.0,0.012846929910541594,0.011184334754943848
9218030,0,3652.5,0.005408077963844793,0.011072337627410889
9219325,0,3652.5,0.4233004941160612,0.4526175260543823
9219342,0,3652.5,0.06088625797772518,0.08800047636032104
9219378,0,3652.5,0.008894405778137271,0.009180426597595215
9220756,0,3652.5,0.03550178261238912,0.041597604751586914
9220807,0,3652.5,0.09305409266652798,0.0674096941947937
9221540,0,3652.5,0.007440088409225165,0.007823288440704346
9221589,0,3652.5,0.033981747122720174,0.02808934450149536
9222352,0,3652.5,0.011869033093273695,0.018309593200683594
9225423,0,3652.5,0.13762070003808358,0.1328662633895874
9226504,0,3652.5,0.011025813633511183,0.009386539459228516
9230845,0,3550.0,0.007014646504089228,0.013981401920318604
9231177,0,3652.5,0.08155820590617391,0.11445367336273193
9233526,0,3652.5,0.024956369224165886,0.02614837884902954
9234089,0,3652.5,0.00791149543415337,0.009771883487701416
9236492,0,3652.5,0.026309179205402655,0.03002321720123291
9241261,0,3652.5,0.12918124190184344,0.10606718063354492
9242179,0,3652.5,0.021161717084867693,0.06028604507446289
9242785,0,3652.5,0.004395501472045704,0.009866178035736084
9243722,0,3652.5,0.005940148772675569,0.009287238121032715
9255064,0,3652.5,0.45146107936249125,0.08637958765029907
9258911,0,771.0,0.5909269608232064,0.22799897193908691
9265427,0,3652.5,0.026681724904419446,0.05356794595718384
9266633,0,3652.5,0.02605483172898404,0.0394134521484375
9268486,0,3652.5,0.06798079225798825,0.07721477746963501
9271453,0,3652.5,0.020590927245028423,0.04261791706085205
9271762,0,3652.5,0.01894050356822441,0.011436283588409424
9273592,0,3652.5,0.055192648630382535,0.038525283336639404
9276890,0,3652.5,0.007247155344254574,0.010067105293273926
9280843,1,305.0,0.10962383228424499,0.10193604230880737
9282209,0,3652.5,0.0035487915204938103,0.0033376216888427734
9282547,0,3652.5,0.02069147342046418,0.019475102424621582
9283020,0,3652.5,0.035080630083157205,0.03716212511062622
9283654,0,3652.5,0.014098359140487404,0.014290094375610352
9284987,0,3652.5,0.009468273043498954,0.007168412208557129
9287477,0,3652.5,0.00675623032524475,0.0043694376945495605
9291404,0,3652.5,0.028279972967292233,0.027847588062286377
9292403,0,3652.5,0.015071869529619253,0.03497278690338135
9292546,0,3652.5,0.010046312103842436,0.011949121952056885
9293242,0,3652.5,0.03311640861617726,0.043364644050598145
9293568,1,1088.0,0.1131033764831254,0.14105045795440674
9297769,0,3652.5,0.00436573481257152,0.008917570114135742
9297906,0,3652.5,0.0410212190580691,0.023709774017333984
9301111,0,3652.5,0.0069761074315447535,0.01133584976196289
9301186,0,1755.0,0.008543702147962406,0.01705348491668701
9301596,0,3652.5,0.06994091011049863,0.022995293140411377
9303229,0,3652.5,0.0371302708912401,0.02701956033706665
9309361,0,854.0,0.20127650324815893,0.0657811164855957
9309378,0,3652.5,0.10154371709263099,0.11728715896606445
9313914,0,3652.5,0.007164207302614023,0.012814640998840332
9321794,0,2714.0,0.13188112962245824,0.13142931461334229
9322012,0,3652.5,0.18409229825349005,0.13102269172668457
9322114,0,3652.5,0.03667139056892965,0.05329686403274536
9322689,0,3652.5,0.008666329587521449,0.015164315700531006
9332896,0,3652.5,0.00845462959254828,0.009477853775024414
9334261,0,3646.0,0.04004133729308923,0.036502718925476074
9336112,0,3652.5,0.010448674450911688,0.017193078994750977
9338150,0,3652.5,0.003601131382183098,0.003980159759521484
9339972,0,3652.5,0.014503563301156208,0.015796184539794922
9342715,0,3652.5,0.056215583584022344,0.073627769947052
9345613,0,3652.5,0.06017733596627273,0.05553025007247925
9348425,0,3652.5,0.004868541591048103,0.003756284713745117
9349646,0,3652.5,0.009766181648934724,0.02455216646194458
9350743,0,3652.5,0.007474581389078971,0.010067105293273926
9356685,0,3652.5,0.2538238175965438,0.12067043781280518
9362621,0,3652.5,0.010804094397126707,0.017864704132080078
9363883,0,3652.5,0.024956048603634984,0.040029823780059814
9364661,0,3652.5,0.026646187617227146,0.046296775341033936
9366231,0,3652.5,0.06094218358701908,0.021653294563293457
9369879,0,3652.5,0.046021286259615435,0.0497363805770874
9370715,0,3652.5,0.019050306694681995,0.011236429214477539
9375427,0,3652.5,0.05433024051399604,0.06612491607666016
9375514,0,3652.5,0.005761193006721066,0.0050550103187561035
9375518,0,3652.5,0.012028846573792551,0.014231503009796143
9375890,0,3652.5,0.21831000852922888,0.14388352632522583
9379189,0,3652.5,0.014854381427293895,0.025141775608062744
9379390,0,3652.5,0.01462736608470172,0.035485267639160156
9381179,0,3652.5,0.047825103427311944,0.046371638774871826
9384251,0,3652.5,0.0075656790808787955,0.010044634342193604
9384471,0,3652.5,0.013115480206307706,0.01060706377029419
9385096,0,3652.5,0.008999067984361009,0.011865198612213135
9386298,0,3652.5,0.03085107482044802,0.034493327140808105
9386830,0,3652.5,0.003931908705322784,0.0077422261238098145
9387870,0,3652.5,0.016715263006040204,0.021701514720916748
9390765,0,3652.5,0.044816262966484,0.01985722780227661
9391220,0,3652.5,0.005101554788565776,0.008542954921722412
9391884,0,3652.5,0.004728997238107269,0.005879104137420654
9392174,0,3652.5,0.042341507912922016,0.03497278690338135
9392365,0,3652.5,0.027991080410997515,0.028845131397247314
9394158,0,3652.5,0.00923873580160095,0.010122299194335938
9395536,0,3652.5,0.017834660279329673,0.02064305543899536
9400129,0,3652.5,0.006493714158086417,0.004269540309906006
9400370,0,3652.5,0.0840681196942229,0.13883846998214722
9402510,0,3652.5,0.07436381402286174,0.057772696018218994
9405185,0,3652.5,0.045657260160671176,0.04861271381378174
9405870,0,3652.5,0.00833695263698031,0.010067105293273926
9407396,0,3652.5,0.01162622873491892,0.023269057273864746
9408390,0,3652.5,0.04014391154380237,0.028259873390197754
9408394,0,3652.5,0.02620103394524198,0.03769034147262573
9410743,0,3652.5,0.05625538346252679,0.04998326301574707
9412220,0,3652.5,0.03205627654936327,0.043081045150756836
9412760,0,3652.5,0.006579959467976848,0.012435972690582275
9415267,0,3652.5,0.12478400816070401,0.1068609356880188
9416085,0,3652.5,0.07958565937911921,0.04572463035583496
9416661,0,3652.5,0.038287804761553135,0.034305691719055176
9417117,0,3652.5,0.004470801555435666,0.006891369819641113
9420154,0,3652.5,0.03787810232524402,0.012688398361206055
9422769,0,3652.5,0.014636111846874966,0.025502026081085205
9424076,0,3652.5,0.004735629027487365,0.009866178035736084
9426922,0,3652.5,0.12292101716785275,0.1429053544998169
9427065,0,3652.5,0.021040446862836015,0.02233952283859253
9431604,0,3652.5,0.0878104074920052,0.06257498264312744
9433633,0,3652.5,0.06940544139024152,0.10374724864959717
9433679,0,3652.5,0.006606637512298064,0.011135220527648926
9435851,0,3652.5,0.12394336031623865,0.11020827293395996
9437018,0,3652.5,0.22420571075082585,0.23070359230041504
9437373,0,3652.5,0.07848406676381714,0.07411432266235352
9437579,1,1426.0,0.07806493734385056,0.07375538349151611
9438434,0,3652.5,0.0265801095344409,0.029134690761566162
9447579,0,3652.5,0.13164817123869588,0.14635789394378662
9451970,0,3652.5,0.028146223212548893,0.04555290937423706
9455361,0,3652.5,0.012961518336100153,0.0068482160568237305
9455405,0,3652.5,0.15123496997203945,0.12971621751785278
9455521,0,3652.5,0.003442807788583302,0.006918668746948242
9457322,0,3652.5,0.02725666219915268,0.01956617832183838
9460638,0,3652.5,0.05290462168906962,0.05068999528884888
9464003,0,3652.5,0.01060184475282977,0.013629794120788574
9466032,0,3652.5,0.010297101193102565,0.010271728038787842
9467195,0,310.0,0.10105653606887133,0.040716350078582764
9468169,0,3652.5,0.04653551962573976,0.10538756847381592
9468437,0,3652.5,0.0126869764002846,0.013131976127624512
9471636,0,3652.5,0.003234949475470983,0.0035021305084228516
9471698,1,1140.0,0.05387232380330664,0.04306685924530029
9473616,0,3652.5,0.4663363859032281,0.22603261470794678
9483124,0,3652.5,0.02932935031615247,0.05278587341308594
9485907,0,3652.5,0.07661826941390548,0.06915128231048584
9486091,0,3652.5,0.06885089137395517,0.06266522407531738
9487781,0,3652.5,0.008983854090820698,0.010870039463043213
9489669,0,3652.5,0.05095102704145704,0.05253410339355469
9494511,0,3652.5,0.03236831478951285,0.025010108947753906
9495072,0,3652.5,0.027231938269680844,0.027823567390441895
9495448,0,3652.5,0.020748288717247765,0.025675177574157715
9500152,0,3652.5,0.11067865710540425,0.03932833671569824
9501256,0,3652.5,0.030835528132421186,0.04132688045501709
9502156,0,3652.5,0.05055991619479705,0.05659276247024536
9504217,0,3652.5,0.027141350656202268,0.04815042018890381
9504535,0,3652.5,0.0021873412584030305,0.0038864612579345703
9509659,0,3652.5,0.00948195706663646,0.015249371528625488
9512804,0,3652.5,0.039965814641567565,0.05329686403274536
9514073,0,3652.5,0.04216801724421748,0.027263939380645752
9517812,0,3652.5,0.044985822466001024,0.03854244947433472
9520493,1,1735.0,0.02489439398527804,0.01743406057357788
9527069,0,3652.5,0.14397790875001149,0.13015460968017578
9527404,0,3652.5,0.035995616840014844,0.027944087982177734
9530718,0,3652.5,0.026844775201899096,0.0317380428314209
9531789,0,3652.5,0.012808491239160613,0.012414097785949707
9533411,0,3652.5,0.008804997706284068,0.013790488243103027
9537528,0,3652.5,0.02254452678937291,0.021736204624176025
9537584,0,3652.5,0.01617507340787494,0.01652681827545166
9539281,0,3652.5,0.04639832790779075,0.05846887826919556
9541432,0,3652.5,0.06228443782510151,0.05492293834686279
9541560,1,1240.0,0.06670525009980866,0.07375538349151611
9545619,0,3652.5,0.015288349942520374,0.024323701858520508
9549133,0,3652.5,0.013826574037372752,0.021034717559814453
9562817,0,3652.5,0.01335793237528693,0.03249388933181763
9563741,0,3652.5,0.030503830414908006,0.05253410339355469
9564149,0,3652.5,0.052480267602389774,0.06008017063140869
9569115,0,3652.5,0.007206850850527524,0.01333385705947876
9570225,1,1100.0,0.5493118511198499,0.5024420022964478
9570626,0,1607.0,0.08649355232793943,0.07109832763671875
9575032,0,3652.5,0.023114744666663523,0.025007903575897217
9575711,0,3652.5,0.02047292138558421,0.020650386810302734
9576337,0,3652.5,0.04482343351589124,0.03779858350753784
9585798,0,3652.5,0.002890190412121574,0.003888428211212158
9590379,0,3652.5,0.017919263686543174,0.023400485515594482
9591679,0,3652.5,0.044069823854305135,0.050859928131103516
9595014,0,3652.5,0.006781179988202823,0.005773007869720459
9595966,0,3652.5,0.053753356930205554,0.091103196144104
9604228,0,3652.5,0.016835009991833627,0.02003490924835205
9605035,1,3288.0,0.01119854410919352,0.012683331966400146
9608273,0,3652.5,0.023362481796216694,0.02903956174850464
9610636,0,3652.5,0.08545955020965013,0.1307472586631775
9611724,0,3652.5,0.025376700587480316,0.02751338481903076
9613333,0,3652.5,0.0552819018250843,0.05678051710128784
9615932,0,3652.5,0.05763137702246357,0.05031675100326538
9617344,0,3652.5,0.004501288184720287,0.009829163551330566
9617405,0,3652.5,0.00914957867341648,0.009715795516967773
9618592,0,2159.0,0.06728287411365763,0.030239462852478027
9620883,0,3652.5,0.08630736129861005,0.09251737594604492
9627354,0,3652.5,0.012623305874929103,0.02321302890777588
9632848,0,3652.5,0.2068989075683969,0.14497607946395874
9632868,0,3652.5,0.02267015537770567,0.02851623296737671
9641978,0,3652.5,0.015045691654363091,0.010914325714111328
9643995,0,3652.5,0.11352389119269402,0.073627769947052
9651782,0,3652.5,0.022355497154911697,0.02388399839401245
9653804,0,3652.5,0.07732870467860686,0.07791167497634888
9655204,0,3652.5,0.007891297889837778,0.010607600212097168
9656023,0,3652.5,0.005665862536896382,0.005484521389007568
9656759,0,3652.5,0.05061235634724037,0.0495682954788208
9657072,0,3652.5,0.03639032363778383,0.020448386669158936
9657869,0,3652.5,0.007952635422874166,0.009341597557067871
9658455,0,3652.5,0.019480123821836393,0.03493088483810425
9661071,1,108.0,0.12242205135383133,0.1985175609588623
9661515,0,3652.5,0.0466033875994839,0.04852515459060669
9661647,0,3652.5,0.04003689559330226,0.03609389066696167
9666678,0,3652.5,0.02778312712728981,0.04207658767700195
9668714,0,3652.5,0.04238852715001029,0.04349803924560547
9671891,0,3652.5,0.01828347387681062,0.014628589153289795
9672318,1,182.0,0.0916121584613031,0.060041725635528564
9674054,0,3652.5,0.05045942205082954,0.05148988962173462
9675124,0,3652.5,0.0531406016974173,0.060986220836639404
9678019,0,3652.5,0.007641357999372045,0.008958101272583008
9678154,0,3652.5,0.045906299788196936,0.05208182334899902
9679888,0,3652.5,0.06315035566384153,0.05263519287109375
9680895,0,3652.5,0.014946250792625349,0.03947174549102783
9686180,0,3652.5,0.5040579528560193,0.4475613832473755
9687967,0,885.0,0.26182051192556544,0.25514453649520874
9688924,0,3652.5,0.031819465997919405,0.03483688831329346
9689494,1,2640.0,0.05072507676532667,0.06742656230926514
9693491,0,3652.5,0.024952966595959025,0.02330237627029419
9694232,0,3652.5,0.02069044181980062,0.023566842079162598
9695185,0,3652.5,0.029266065733970392,0.029270827770233154
9700212,0,3652.5,0.07945731545311951,0.0801079273223877
9700575,0,3652.5,0.008564339281175615,0.005554556846618652
9704808,0,3652.5,0.07986459019371561,0.10410487651824951
9708903,0,3652.5,0.05535433311278748,0.06843477487564087
9712589,0,3652.5,0.003224361793867092,0.00524294376373291
9713901,0,3652.5,0.06872405089157341,0.08518737554550171
9715896,0,3652.5,0.004511777782260751,0.007873296737670898
9721461,0,3652.5,0.009047410616716323,0.018503844738006592
9725189,0,3652.5,0.0070374450744536965,0.006542563438415527
9734478,0,3652.5,0.2188857521345967,0.21879273653030396
9740204,0,3652.5,0.01262960147957326,0.012205183506011963
9747166,0,3652.5,0.0582980846463339,0.05089974403381348
9749700,0,3652.5,0.05478070675073887,0.042919933795928955
9754906,0,3652.5,0.1302723551625914,0.14314574003219604
9756561,0,3652.5,0.0282476155199074,0.05465012788772583
9763396,1,308.0,0.06412767417159693,0.04170572757720947
9763438,0,3652.5,0.14223389787825902,0.19580674171447754
9763659,0,3652.5,0.014917293569264523,0.014681220054626465
9767171,0,3652.5,0.01582183755454669,0.018787741661071777
9769977,0,3652.5,0.04231056019179891,0.034288763999938965
9770494,0,3652.5,0.013397123330188498,0.022635161876678467
9771237,0,3652.5,0.01367928971159571,0.01594257354736328
9771959,0,3652.5,0.0054122290315328225,0.015654385089874268
9772567,0,3652.5,0.02729771341369025,0.035447776317596436
9777436,0,3652.5,0.022739925532003324,0.03541141748428345
9779980,0,3652.5,0.10149738876038206,0.11107403039932251
9783441,1,1644.0,0.12150704681860347,0.0522611141204834
9784914,0,3652.5,0.005549033272220338,0.008868634700775146
9787171,0,3652.5,0.02833026144260664,0.02938002347946167
9789948,0,3652.5,0.043183896595578974,0.03776806592941284
9797352,0,3652.5,0.13434914835947476,0.15453708171844482
9800055,0,3652.5,0.018283433914062064,0.03275942802429199
9800192,0,3652.5,0.009092580537798711,0.012590765953063965
9800219,0,3652.5,0.016216782892827575,0.006657004356384277
9802130,0,1466.0,0.14343199615678925,0.06340426206588745
9802239,0,3652.5,0.035369482035263355,0.026453733444213867
9806965,0,3652.5,0.007061953727014458,0.013317227363586426
9807266,0,3652.5,0.10940881365388955,0.10997271537780762
9816850,0,3652.5,0.005623443933537642,0.011072337627410889
9819463,0,3652.5,0.08288561558955854,0.0841054916381836
9821541,0,3652.5,0.004459236221673102,0.007578670978546143
9823283,0,3652.5,0.0036399495148168315,0.004392385482788086
9824630,1,2640.0,0.06713609430063616,0.05329686403274536
9831283,0,3652.5,0.21279113205071576,0.17165708541870117
9837913,0,3652.5,0.10437706852123652,0.10450857877731323
9838262,0,3652.5,0.07580697695028482,0.09027713537216187
9839861,0,3652.5,0.025834251706344014,0.06541168689727783
9840744,0,3652.5,0.007501475189967133,0.00582510232925415
9841958,0,3652.5,0.012992614800499513,0.007620513439178467
9842231,0,3652.5,0.10362722392232615,0.08777827024459839
9843164,0,3652.5,0.01550172318632026,0.036625802516937256
9851657,0,3652.5,0.02227016044855623,0.03666567802429199
9851725,0,3652.5,0.01723039519132996,0.027497053146362305
9864439,0,3652.5,0.14716511352531902,0.16035276651382446
9869175,0,3652.5,0.003732047624506185,0.005485951900482178
9869235,0,3652.5,0.06396147844943778,0.08551716804504395
9873741,0,3652.5,0.04836811245283257,0.05465012788772583
9874634,0,3652.5,0.009315947926182622,0.006612002849578857
9874897,0,3652.5,0.010268662663546868,0.007447183132171631
9878479,0,334.0,0.0051958390790791675,0.008202672004699707
9881260,0,3652.5,0.05920775399010891,0.058525681495666504
9887608,0,3652.5,0.014935613654703972,0.018734753131866455
9887990,0,3652.5,0.006020963451685679,0.00702589750289917
9893552,1,1007.0,0.05632538079954175,0.05263519287109375
9894199,1,938.0,0.08376421534776268,0.07442104816436768
9897050,1,1626.0,0.2976659027849431,0.16103464365005493
9899408,0,3652.5,0.005981579271293724,0.0043256282806396484
9901360,0,3652.5,0.006309278073379221,0.010067105293273926
9901842,0,3652.5,0.042313615479181776,0.07351702451705933
9904318,0,3652.5,0.04608497538183254,0.0898522138595581
9906195,0,3652.5,0.01315195380318046,0.019422829151153564
9906954,0,3652.5,0.004878205486606335,0.009656906127929688
9907886,0,3652.5,0.0710524952341216,0.04947972297668457
9911212,0,3652.5,0.01734106639689814,0.02555316686630249
9912645,0,3652.5,0.15574270862823758,0.12863147258758545
9915592,0,3652.5,0.007994347599273977,0.007803440093994141
9917300,0,3652.5,0.012640083012698589,0.018481791019439697
9920050,0,3652.5,0.006860874147116003,0.017123043537139893
9924801,0,2364.0,0.03120076722538445,0.021229267120361328
9925133,0,3652.5,0.031495217634778916,0.0394134521484375
9929971,0,3652.5,0.11002294116901523,0.0926782488822937
9930203,0,3652.5,0.0325843045624411,0.04835420846939087
9934810,0,3652.5,0.0353963526915444,0.02354609966278076
9938128,0,3652.5,0.15593974112408815,0.09939038753509521
9938390,0,2312.0,0.05311858917039225,0.06912833452224731
9939850,0,3652.5,0.019282168914761533,0.01302880048751831
9941222,0,3652.5,0.0688205095019343,0.045553743839263916
9944110,0,3652.5,0.028155910651944893,0.028966069221496582
9948301,0,3652.5,0.04279776944046132,0.051437199115753174
9948320,0,3652.5,0.01485153544307749,0.034438252449035645
9949037,0,3652.5,0.028660049362810636,0.029582977294921875
9951428,0,1552.0,0.0439144157277479,0.037023186683654785
9951694,0,3652.5,0.03050359468290953,0.030883729457855225
9956714,0,3652.5,0.16502377858544925,0.23683500289916992
9957743,0,1911.0,0.14383730654250093,0.08704090118408203
9960803,0,3652.5,0.040129979861353804,0.020138263702392578
9961615,0,3652.5,0.18212016400059383,0.0852310061454773
9967157,0,3652.5,0.04929031520787819,0.06222951412200928
9968499,0,3652.5,0.08553402446275526,0.07074642181396484
9969773,0,3652.5,0.062480343706586616,0.07109832763671875
9973350,0,3652.5,0.027387080623492044,0.059802889823913574
9978986,0,3652.5,0.03803137800782064,0.03284865617752075
9982118,0,3652.5,0.07855890971914914,0.06423431634902954
9983319,0,565.0,0.17883491746093483,0.09842300415039062
9984683,1,1884.0,0.15407264300124324,0.1062358021736145
9989287,0,3652.5,0.09751876894034761,0.058525681495666504
9990894,0,3652.5,0.018366013894676847,0.02038639783859253
9993179,0,3652.5,0.006935613442013766,0.005411207675933838
9995546,0,3652.5,0.0101459159600793,0.013743102550506592
9998212,0,3652.5,0.03636507258480437,0.05515086650848389
9999312,0,3652.5,0.012479260407820547,0.012141704559326172
